image_id,class
3,S
4,S
6,S
7,S
13,E
19,E
20,E
30,S
32,E
33,E
34,S
35,S
37,E
38,E
40,S
42,S
44,E
45,S
47,E
48,S
49,S
50,S
53,S
54,S
57,S
58,E
61,S
63,S
65,E
66,E
68,S
69,E
70,S
71,E
73,E
74,S
82,E
83,S
85,S
86,S
87,E
88,E
89,S
92,S
93,S
97,S
99,E
101,S
108,E
118,E
126,S
151,S
156,S
161,S
162,S
165,S
190,S
195,E
196,S
197,E
198,E
207,E
210,E
214,S
217,E
219,E
222,E
223,S
237,E
238,S
251,E
268,S
271,S
272,S
273,S
281,S
292,S
294,S
296,E
298,S
300,S
302,E
303,S
304,E
305,S
306,E
307,S
309,S
310,E
313,S
314,E
315,E
316,S
318,E
319,E
321,S
323,S
324,S
326,E
327,E
329,S
338,S
339,E
341,E
344,S
349,E
353,S
354,E
356,S
358,E
359,S
363,E
365,S
366,S
368,E
370,E
372,S
373,E
377,E
378,S
382,S
385,E
387,E
388,E
389,S
390,S
391,S
394,E
395,E
396,S
398,S
399,E
401,E
402,S
404,S
407,S
408,E
409,S
410,S
413,S
416,E
417,S
419,S
421,E
423,E
426,S
428,E
429,E
432,S
433,S
435,E
436,E
439,S
440,E
441,E
445,E
446,S
447,E
451,S
453,E
456,E
461,E
462,E
463,E
464,E
466,S
468,E
469,S
473,E
474,S
475,E
479,S
480,S
481,S
482,S
484,S
485,E
487,S
488,E
490,S
492,E
493,E
495,S
496,S
497,E
500,E
502,S
503,E
506,E
507,E
510,S
511,E
512,S
513,E
515,S
516,S
524,S
525,S
527,E
528,S
534,S
536,E
538,S
539,S
540,S
543,E
546,E
547,S
548,S
549,S
550,S
554,S
555,E
557,S
558,E
561,S
563,E
564,S
567,S
568,S
569,E
570,S
572,S
574,E
575,E
577,E
579,S
581,E
582,E
583,E
585,S
586,E
587,S
588,S
590,S
591,E
594,E
595,S
596,S
597,S
600,S
603,E
606,E
607,E
609,S
610,E
614,E
616,E
618,S
619,S
623,S
624,S
625,E
626,S
628,S
629,S
633,E
634,S
636,S
639,S
640,S
641,E
642,S
643,S
644,E
645,S
647,E
648,S
650,S
653,S
654,E
656,E
658,E
661,S
663,E
664,S
665,S
667,S
668,S
669,S
670,E
673,E
675,S
681,S
683,E
686,S
688,S
689,S
690,S
693,S
696,E
698,S
699,S
700,S
702,S
703,S
704,S
705,S
708,S
714,E
715,E
717,E
718,S
720,E
721,S
725,S
726,S
727,S
728,S
729,S
731,S
732,S
734,E
735,E
736,S
739,E
740,E
741,S
744,S
746,E
747,S
748,E
749,E
751,E
753,S
754,S
755,S
756,E
758,E
759,E
760,E
763,E
764,E
765,S
768,E
769,E
770,S
772,S
773,E
774,E
775,E
776,S
777,S
778,S
781,S
782,S
783,S
784,E
785,S
787,S
788,S
789,S
792,S
795,S
796,S
799,S
804,E
805,S
812,S
814,S
815,S
819,E
820,E
824,E
826,E
828,S
833,E
834,E
838,E
840,E
841,S
842,S
843,S
845,E
847,S
848,E
849,S
852,S
853,E
854,S
856,S
858,E
859,S
868,E
869,E
872,E
874,S
875,E
877,E
879,E
880,S
882,E
885,S
886,E
887,E
888,S
891,S
893,E
894,S
897,S
898,S
899,E
900,S
901,S
903,E
904,S
905,S
910,E
911,E
914,E
916,E
920,E
921,S
922,S
924,E
927,S
932,E
933,S
935,E
936,S
938,S
941,A
942,S
945,S
948,E
950,S
952,E
953,S
955,S
958,S
960,E
961,S
963,E
974,E
977,S
978,S
979,S
980,S
981,S
982,E
984,S
985,E
994,S
995,E
996,E
999,E
1002,S
1004,E
1007,S
1012,S
1018,S
1022,E
1028,S
1032,S
1033,E
1035,S
1036,S
1040,S
1046,E
1056,E
1062,E
1063,S
1064,E
1076,E
1077,S
1078,S
1080,E
1085,S
1097,S
1098,S
1104,S
1116,S
1122,S
1125,E
1135,E
1137,E
1138,S
1145,S
1149,S
1156,S
1180,A
1188,E
1196,E
1208,E
1209,S
1219,E
1235,S
1239,S
1240,S
1253,S
1259,S
1260,S
1266,S
1268,S
1270,S
1290,E
1294,S
1298,S
1313,E
1315,S
1316,E
1320,E
1321,S
1325,S
1328,S
1342,S
1347,S
1349,E
1355,E
1369,E
1371,S
1374,S
1379,E
1380,S
1387,S
1397,E
1402,S
1405,S
1407,S
1439,S
1440,S
1449,S
1453,S
1461,S
1465,E
1469,E
1476,S
1479,S
1480,E
1481,E
1484,E
1485,S
1507,S
1517,S
1519,S
1521,E
1538,E
1541,S
1544,E
1551,S
1557,E
1561,S
1578,E
1580,S
1581,E
1585,E
1590,S
1591,E
1596,E
1608,S
1612,E
1615,S
1617,E
1624,E
1625,E
1628,E
1640,S
1648,S
1650,E
1652,E
1654,E
1675,S
1677,E
1682,E
1685,S
1687,S
1701,E
1703,E
1714,E
1724,E
1735,E
1738,S
1749,S
1758,S
1762,E
1765,E
1769,E
1771,S
1772,S
1775,S
1776,S
1779,E
1787,E
1792,S
1796,E
1817,S
1822,E
1824,E
1825,S
1830,E
1839,S
1853,S
1861,S
1863,E
1865,S
1875,S
1881,S
1887,S
1891,E
1901,S
1907,E
1916,S
1917,E
1923,S
1927,E
1931,S
1932,S
1936,E
1950,S
1964,S
1965,E
1971,E
1982,E
1985,S
2009,S
2010,S
2017,E
2124,E
2130,S
2133,S
2140,S
2147,S
2152,E
2166,S
2171,E
2192,S
2195,E
2199,S
2202,S
2206,S
2214,S
2216,S
2220,S
2221,S
2226,S
2230,S
2265,S
2279,E
2280,S
2284,S
2300,S
2301,E
2304,E
2306,E
2313,E
2315,E
2321,E
2452,S
2459,S
2470,S
2482,S
2487,S
2489,S
2493,E
2499,S
2501,E
2503,E
2504,S
2507,S
2516,S
2523,S
2527,S
2535,S
2560,E
2566,E
2567,S
2568,E
2570,S
2572,S
2578,S
2581,E
2582,E
2583,E
2592,E
2597,E
2607,E
2608,S
2611,S
2615,S
2616,E
2618,S
2624,E
2631,E
2632,S
2659,S
2661,S
2726,S
2735,S
2743,E
2745,S
2748,S
2750,S
2758,E
2761,S
2772,S
2783,E
2802,E
2823,E
2824,S
2825,E
2827,E
2832,S
2837,S
2846,E
2848,S
2866,E
2876,A
2881,S
2883,S
2886,E
2899,S
2908,E
2909,E
2910,E
2980,S
2981,S
2984,E
2985,S
2987,E
2988,S
2989,E
2991,S
2992,S
2995,E
2999,E
3000,S
3001,E
3002,E
3005,E
3007,E
3008,S
3010,S
3011,E
3014,S
3018,E
3019,S
3020,S
3022,S
3023,S
3026,E
3029,S
3032,E
3033,E
3036,S
3037,S
3038,S
3039,S
3040,S
3043,S
3044,E
3045,S
3046,E
3049,E
3050,E
3051,S
3052,S
3054,S
3055,S
3056,E
3060,E
3065,S
3066,S
3071,S
3072,S
3076,S
3077,S
3078,S
3079,S
3081,E
3082,S
3083,E
3084,S
3090,E
3093,E
3096,E
3097,E
3098,E
3099,E
3102,S
3105,E
3106,S
3111,S
3112,S
3114,S
3115,S
3117,E
3118,S
3119,E
3121,S
3122,S
3124,E
3125,E
3126,S
3127,S
3128,S
3130,S
3131,S
3135,S
3137,E
3138,E
3139,E
3140,E
3142,S
3143,S
3144,E
3145,E
3146,S
3147,S
3148,S
3149,S
3151,E
3153,E
3155,E
3156,S
3157,S
3160,E
3162,E
3163,E
3167,E
3169,E
3171,S
3173,E
3174,S
3175,E
3176,E
3226,S
3227,S
3231,S
3232,S
3233,S
3234,S
3238,S
3239,E
3240,S
3241,E
3245,S
3246,S
3247,S
3248,S
3249,E
3250,S
3255,S
3257,S
3258,E
3259,E
3260,E
3265,E
3266,S
3268,E
3270,E
3271,S
3272,E
3275,E
3276,S
3277,E
3278,E
3279,E
3280,S
3281,E
3283,S
3286,E
3288,E
3289,E
3291,S
3292,E
3293,E
3294,E
3295,E
3296,S
3297,S
3298,E
3303,S
3304,S
3305,E
3307,S
3309,S
3310,E
3313,S
3315,E
3319,E
3320,S
3327,E
3329,S
3330,S
3332,S
3333,E
3336,S
3341,S
3342,S
3344,E
3345,E
3348,S
3352,S
3354,S
3355,E
3357,E
3358,S
3359,E
3360,S
3361,E
3365,E
3366,S
3368,S
3369,S
3371,E
3375,S
3376,E
3380,S
3381,S
3385,E
3392,E
3393,E
3397,E
3398,E
3399,E
3400,S
3401,S
3402,E
3406,S
3407,E
3409,E
3421,S
3424,E
3425,S
3426,E
3427,E
3430,S
3432,S
3433,S
3434,E
3437,S
3441,E
3442,E
3450,S
3452,S
3456,E
3457,E
3458,E
3460,S
3461,E
3462,E
3463,E
3464,S
3466,S
3467,E
3470,E
3471,E
3475,E
3478,S
3481,E
3482,S
3483,S
3487,E
3489,E
3492,E
3493,S
3494,S
3496,E
3497,S
3498,S
3499,E
3500,E
3524,E
3527,S
3529,S
3532,S
3533,E
3534,S
3537,S
3538,E
3539,S
3544,E
3547,S
3548,E
3550,S
3553,S
3555,E
3557,S
3558,E
3559,S
3561,E
3564,S
3565,S
3568,E
3569,S
3573,E
3576,S
3578,S
3579,S
3581,E
3586,E
3588,S
3593,E
3596,E
3597,E
3599,E
3600,E
3601,E
3604,E
3606,E
3608,E
3612,S
3614,S
3617,S
3618,S
3626,E
3628,E
3636,E
3638,E
3641,S
3642,E
3644,S
3645,S
3646,S
3647,S
3648,E
3650,E
3652,E
3655,S
3661,E
3664,E
3666,S
3668,E
3669,E
3672,S
3674,E
3676,S
3677,S
3680,S
3681,S
3682,S
3683,E
3686,E
3687,S
3688,E
3689,S
3690,S
3692,E
3693,E
3697,E
3699,S
3700,E
3706,S
3708,S
3711,E
3712,S
3718,E
3719,S
3720,S
3721,S
3723,S
3724,S
3733,S
3736,S
3737,E
3739,S
3741,S
3743,S
3744,S
3746,S
3752,E
3753,S
3754,S
3755,S
3759,E
3760,E
3761,S
3764,S
3766,E
3768,E
3772,E
3773,E
3775,S
3776,E
3778,S
3780,S
3781,E
3783,S
3784,E
3788,E
3790,E
3791,S
3792,S
3793,S
3797,E
3798,E
3799,E
3800,S
3802,S
3803,S
3806,S
3807,E
3808,E
3810,E
3813,S
3814,A
3815,E
3818,E
3820,E
3824,S
3825,S
3827,E
3837,E
3839,S
3840,E
3844,S
3845,S
3846,S
3848,S
3855,S
3856,S
3858,S
3860,S
3862,S
3864,E
3866,E
3871,S
3873,S
3875,S
3877,S
3879,S
3881,S
3882,E
3883,S
3885,S
3886,E
3887,S
3890,E
3891,S
3892,S
3893,S
3896,S
3897,S
3899,S
3900,S
3905,S
3906,E
3907,S
3912,S
3913,E
3914,S
3915,S
3920,S
3921,S
3923,S
3924,E
3925,S
3927,E
3931,S
3937,E
3938,E
3939,E
3943,E
3945,S
3946,E
3947,E
3948,E
3951,E
3953,E
3955,S
3957,S
3958,S
3959,E
3960,E
3961,E
3964,S
3967,S
3968,E
3970,E
3972,S
3974,E
3976,S
3977,S
3978,S
3979,E
3981,S
3982,S
3983,S
3984,S
3987,E
3989,S
3992,S
3994,S
3996,S
3997,E
3998,S
4000,S
4001,E
4002,S
4003,S
4004,S
4006,S
4008,S
4012,S
4013,S
4014,S
4015,S
4016,E
4019,S
4020,S
4022,S
4024,S
4028,E
4029,S
4030,E
4034,S
4038,S
4039,S
4041,S
4042,S
4043,S
4046,S
4047,S
4048,S
4049,S
4050,S
4056,E
4057,S
4058,S
4060,S
4066,E
4067,E
4068,E
4069,S
4071,S
4072,E
4074,E
4076,E
4078,S
4081,E
4083,S
4086,E
4088,S
4092,E
4093,S
4098,S
4100,E
4103,E
4105,S
4109,E
4110,E
4111,S
4113,S
4117,E
4119,E
4121,E
4123,S
4129,E
4130,S
4131,S
4133,E
4134,E
4135,S
4141,E
4142,S
4143,E
4145,S
4146,E
4148,S
4149,S
4151,E
4155,S
4158,S
4159,E
4160,S
4161,E
4162,E
4165,S
4166,E
4170,E
4171,E
4172,S
4176,S
4178,S
4181,E
4184,E
4186,S
4190,E
4193,E
4197,E
4198,E
4199,S
4201,S
4203,S
4205,E
4206,S
4207,S
4209,S
4211,E
4213,S
4219,E
4228,S
4231,S
4236,E
4237,S
4238,E
4240,E
4242,S
4245,S
4246,S
4247,E
4249,S
4250,S
4251,S
4255,S
4258,E
4260,S
4261,S
4262,S
4263,E
4266,S
4267,S
4268,E
4270,S
4271,S
4272,E
4273,E
4274,S
4277,S
4279,E
4280,S
4281,E
4284,E
4285,S
4286,S
4287,E
4289,E
4290,S
4291,S
4295,S
4296,E
4297,S
4302,S
4303,S
4304,S
4305,S
4306,E
4307,S
4313,S
4314,S
4317,E
4322,S
4324,S
4326,E
4327,S
4329,S
4332,E
4333,E
4335,E
4337,S
4338,E
4342,E
4344,S
4345,E
4346,S
4347,E
4348,S
4349,S
4352,S
4356,E
4357,S
4358,S
4359,E
4360,S
4361,S
4366,S
4367,S
4373,E
4375,S
4376,S
4382,E
4384,E
4385,E
4387,S
4388,S
4389,S
4391,S
4394,S
4395,S
4396,E
4401,S
4402,S
4403,S
4406,S
4407,E
4411,S
4412,S
4413,E
4414,S
4420,E
4422,E
4423,E
4424,S
4426,E
4430,E
4431,S
4432,S
4433,S
4434,S
4436,S
4437,E
4439,E
4440,S
4441,S
4442,E
4444,S
4445,S
4448,S
4453,E
4454,S
4456,S
4458,S
4460,S
4461,S
4462,S
4464,E
4466,E
4467,S
4472,S
4473,E
4476,S
4479,S
4480,E
4482,E
4484,E
4487,S
4488,E
4490,E
4491,S
4492,S
4494,E
4495,E
4496,E
4497,S
4501,S
4505,S
4508,S
4511,S
4516,E
4519,S
4520,E
4521,E
4522,E
4525,E
4526,S
4527,E
4528,E
4529,E
4530,S
4532,S
4533,S
4534,S
4535,S
4536,S
4537,S
4538,E
4539,S
4543,E
4544,E
4549,E
4551,S
4552,E
4555,S
4556,E
4561,S
4562,E
4566,S
4567,S
4569,E
4570,S
4571,E
4573,E
4574,E
4575,S
4578,S
4579,E
4581,S
4583,E
4586,S
4587,E
4589,E
4590,E
4592,S
4596,S
4599,S
4604,S
4606,S
4608,S
4610,E
4611,E
4612,S
4616,S
4618,E
4619,S
4620,S
4622,S
4623,S
4624,E
4628,S
4631,E
4632,E
4634,S
4635,S
4638,S
4639,S
4640,E
4647,E
4648,E
4649,S
4650,E
4653,S
4654,E
4655,E
4659,E
4661,S
4665,E
4666,S
4667,S
4668,E
4670,S
4674,S
4676,S
4677,S
4679,S
4681,S
4682,E
4685,E
4686,E
4687,S
4691,S
4695,E
4697,S
4699,S
4702,S
4705,E
4706,E
4707,S
4709,S
4710,S
4712,E
4715,E
4716,E
4717,E
4719,E
4720,S
4721,E
4723,E
4725,E
4726,E
4727,S
4728,E
4729,E
4731,E
4732,S
4733,E
4734,S
4738,S
4739,E
4741,S
4742,S
4743,E
4746,E
4747,E
4748,E
4751,E
4752,S
4753,E
4758,E
4765,S
4768,E
4770,E
4771,E
4772,E
4774,S
4775,S
4776,E
4777,E
4781,S
4783,E
4784,E
4785,S
4789,S
4792,S
4794,S
4795,S
4797,E
4799,E
4800,S
4802,S
4803,S
4804,E
4808,S
4811,S
4814,E
4815,E
4820,E
4821,E
4822,S
4823,S
4825,A
4828,E
4831,S
4835,E
4837,S
4839,E
4840,E
4841,E
4845,S
4846,S
4847,E
4849,S
4850,E
4852,E
4853,E
4854,S
4855,S
4856,S
4857,E
4858,E
4860,E
4861,S
4862,S
4865,S
4866,E
4867,E
4871,E
4875,S
4877,S
4878,S
4881,E
4883,E
4884,S
4885,S
4887,E
4890,S
4892,E
4893,S
4894,S
4895,E
4897,E
4898,S
4899,S
4900,E
4902,S
4904,E
4906,S
4909,S
4914,S
4915,E
4916,S
4918,S
4923,S
4929,S
4930,E
4933,E
4934,S
4936,S
4938,S
4939,S
4940,S
4941,E
4942,E
4944,E
4945,E
4946,S
4948,S
4949,E
4950,E
4954,S
4957,E
4960,S
4961,S
4964,E
4966,S
4968,S
4972,E
4973,S
4974,S
4975,E
4976,S
4977,E
4981,E
4982,E
4983,S
4988,S
4990,E
4991,S
4992,E
4993,S
4994,S
5003,S
5004,A
5005,E
5007,S
5008,E
5009,S
5012,S
5013,S
5014,S
5015,S
5016,S
5022,S
5025,E
5026,S
5028,E
5029,S
5031,S
5032,S
5034,S
5037,E
5038,E
5039,E
5041,E
5042,S
5043,E
5044,E
5045,E
5047,S
5051,S
5052,S
5054,S
5055,S
5058,E
5059,S
5064,E
5065,S
5068,E
5070,E
5072,E
5077,E
5078,E
5079,E
5080,S
5082,E
5083,E
5088,S
5090,E
5091,S
5092,E
5096,E
5098,S
5100,S
5101,S
5102,E
5103,E
5104,S
5105,S
5108,E
5109,E
5110,E
5117,E
5121,S
5123,S
5127,E
5130,S
5134,E
5136,S
5138,S
5151,E
5156,E
5157,E
5161,E
5166,E
5167,S
5169,E
5171,E
5172,S
5174,E
5176,S
5178,E
5179,S
5181,S
5182,S
5183,E
5185,S
5189,S
5192,S
5194,S
5195,S
5236,S
5240,E
5241,E
5243,S
5244,E
5245,S
5246,S
5249,S
5251,E
5252,S
5256,E
5257,E
5259,E
5260,S
5262,E
5263,S
5264,E
5265,S
5266,E
5271,S
5272,E
5275,S
5277,E
5278,S
5279,S
5280,S
5281,E
5282,S
5284,E
5285,S
5287,S
5290,S
5291,S
5292,S
5295,S
5296,S
5298,E
5299,E
5301,S
5303,E
5304,E
5310,E
5311,E
5314,E
5317,S
5321,E
5341,S
5344,S
5345,E
5346,S
5347,S
5348,E
5349,S
5350,S
5354,S
5357,S
5360,S
5361,S
5364,E
5365,S
5366,S
5368,E
5369,S
5374,E
5382,S
5383,S
5387,S
5389,S
5390,S
5393,E
5398,S
5401,E
5403,E
5405,E
5406,E
5413,E
5415,E
5416,S
5417,S
5457,S
5460,S
5461,E
5463,E
5465,E
5468,S
5469,S
5470,E
5472,E
5474,S
5475,E
5478,E
5480,S
5481,S
5483,E
5486,S
5488,S
5489,E
5491,E
5493,E
5494,E
5496,S
5498,S
5502,E
5503,S
5505,S
5507,S
5508,S
5511,E
5520,S
5521,E
5525,S
5527,E
5529,S
5530,S
5531,E
5532,S
5533,S
5534,E
5535,E
5539,E
5540,E
5541,S
5542,E
5545,S
5547,E
5548,S
5551,S
5553,S
5554,E
5555,E
5557,S
5558,S
5559,S
5561,E
5562,E
5563,S
5566,S
5567,E
6490,S
6493,S
6499,S
6501,S
6503,S
6506,S
6511,S
6512,E
6513,E
6514,E
6515,S
6516,S
6518,S
6520,E
6521,E
6523,E
6525,S
6526,S
6527,S
6528,S
6530,E
6531,E
6532,S
6535,E
6537,S
6539,S
6541,S
6542,S
6545,S
6547,E
6550,E
6551,S
6553,S
6554,E
6555,S
6556,S
6558,S
6559,S
6560,E
6563,E
6564,S
6565,S
6566,S
6569,S
6572,S
6573,E
6574,S
6575,E
6576,S
6578,E
6579,E
6581,S
6582,E
6583,E
6584,E
6587,S
6590,S
6591,S
6593,S
6594,S
6595,S
6597,S
6600,E
6602,S
6607,S
6610,A
6614,S
6616,E
6617,E
6619,E
6622,S
6624,S
6625,E
6626,S
6628,S
6629,S
6630,S
6631,S
6636,S
6638,S
6639,S
6640,E
6641,E
6642,E
6644,E
6645,S
6646,S
6648,S
6649,S
6650,E
6651,S
6652,S
6653,S
6654,E
6655,S
6656,E
6660,E
6661,S
6666,E
6667,E
6668,E
6669,E
6670,E
6671,S
6672,E
6674,E
6675,E
6676,S
6677,E
6680,E
6685,S
6686,E
6687,E
6689,E
6690,S
6691,S
6694,S
6695,E
6697,S
6698,S
6700,E
6705,S
6706,E
6707,E
6711,S
6713,S
6715,S
6716,E
6720,S
6721,E
6723,S
6729,E
6732,S
6733,S
6736,S
6739,S
6742,S
6743,S
6745,E
6747,S
6750,E
6754,S
6758,E
6759,E
6761,E
6762,S
6766,E
6768,S
6769,E
6770,S
6772,S
6773,E
6776,S
6777,S
6780,S
6781,S
6783,E
6785,E
6786,S
6787,S
6788,S
6791,E
6792,E
6794,E
6795,S
6798,E
6800,S
6801,S
6803,E
6804,E
6806,S
6812,S
6815,S
6818,E
6819,S
6822,S
6823,E
6825,S
6826,S
6827,E
6829,S
6830,S
6831,E
6836,S
6839,S
6840,S
6842,E
6843,S
6845,E
6846,S
6847,S
6848,S
6850,S
6852,S
6854,S
6859,E
6864,E
6865,E
6866,E
6867,E
6869,S
6872,S
6875,S
6876,S
6877,S
6878,E
6880,S
6882,E
6883,S
6886,S
6888,E
6891,E
6893,E
6894,S
6896,E
6900,S
6901,E
6903,S
6904,S
6906,E
6907,S
6912,E
6915,S
6916,E
6918,E
6919,S
6921,E
6925,S
6927,S
6928,S
6929,E
6930,S
6931,S
6932,E
6933,E
6934,S
6936,S
6943,S
6944,S
6947,S
6949,S
6951,E
6952,S
6953,S
6955,E
6956,E
6958,S
6963,S
6967,S
6968,S
6971,E
6972,E
6975,S
6977,E
6979,S
6983,S
6984,E
6989,E
6990,S
6991,S
6992,S
6993,S
6995,E
6996,S
6997,S
6998,S
7005,S
7007,E
7011,E
7012,E
7014,E
7015,E
7017,E
7021,S
7022,S
7023,S
7024,E
7025,S
7029,E
7030,S
7031,S
7033,E
7034,S
7035,S
7036,E
7037,E
7038,S
7039,E
7041,S
7043,S
7044,E
7045,E
7046,E
7049,S
7050,E
7051,E
7055,S
7056,S
7057,S
7058,E
7062,S
7064,E
7065,S
7066,E
7069,S
7070,S
7071,E
7072,S
7073,S
7074,S
7076,S
7078,S
7079,S
7080,E
7081,E
7083,S
7085,E
7087,S
7089,S
7090,E
7093,S
7094,S
7095,S
7098,S
7099,S
7103,S
7104,S
7107,S
7111,S
7112,S
7113,S
7115,E
7117,S
7120,E
7121,S
7122,S
7123,E
7126,S
7128,S
7129,E
7130,S
7132,S
7133,S
7134,S
7135,E
7137,E
7140,S
7141,E
7142,E
7143,S
7144,S
7146,S
7149,E
7150,E
7151,E
7153,S
7156,E
7159,S
7160,E
7161,S
7162,E
7163,S
7167,S
7168,S
7172,S
7175,E
7176,E
7179,S
7180,S
7181,S
7182,E
7184,S
7187,E
7190,E
7191,S
7194,S
7197,E
7201,E
7202,S
7203,S
7211,S
7216,S
7217,S
7218,A
7219,S
7220,E
7226,E
7229,S
7230,E
7232,S
7233,S
7238,S
7239,E
7240,E
7243,E
7244,E
7245,S
7246,S
7247,S
7248,S
7249,S
7251,S
7252,E
7254,E
7255,E
7257,E
7259,E
7260,E
7261,E
7262,E
7264,S
7266,S
7267,S
7269,E
7271,S
7274,E
7275,E
7276,E
7277,E
7279,S
7280,E
7281,E
7282,E
7283,S
7284,S
7285,S
7287,S
7288,E
7290,E
7291,S
7292,S
7293,S
7298,S
7302,E
7303,S
7305,S
7307,S
7309,E
7310,S
7313,S
7314,E
7315,E
7316,S
7317,S
7318,S
7321,S
7323,E
7324,S
7333,E
7334,S
7337,E
7338,E
7339,E
7343,S
7346,S
7347,E
7348,S
7353,E
7355,E
7357,S
7360,E
7361,S
7362,S
7363,E
7364,S
7369,E
7370,A
7371,E
7372,S
7378,S
7380,S
7381,E
7382,E
7383,S
7386,E
7387,S
7391,S
7392,S
7393,E
7394,E
7395,S
7398,E
7403,S
7404,E
7408,E
7409,E
7410,S
7411,S
7412,S
7414,E
7415,S
7416,E
7417,E
7419,S
7420,S
7424,E
7426,S
7428,S
7430,S
7431,S
7432,S
7434,E
7436,E
7437,E
7438,S
7439,S
7441,E
7442,E
7443,S
7444,S
7445,E
7447,E
7448,S
7450,E
7454,S
7458,E
7462,S
7464,E
7466,E
7468,S
7471,S
7474,S
7476,S
7477,S
7479,S
7480,E
7483,E
7485,E
7486,E
7487,S
7488,S
7490,E
7493,S
7495,E
7496,S
7497,E
7499,E
7500,E
7501,S
7503,S
7504,E
7506,S
7507,E
7508,E
7511,S
7514,E
7515,E
7520,S
7522,S
7523,S
7525,S
7526,S
7529,S
7532,S
7534,E
7537,S
7538,S
7539,S
7540,S
7544,E
7545,S
7546,E
7547,S
7550,E
7552,E
7555,S
7557,S
7559,S
7560,S
7561,S
7563,E
7564,E
7565,E
7566,E
7569,S
7571,S
7574,S
7576,E
7578,S
7580,S
7582,E
7585,S
7587,E
7588,S
7589,S
7592,S
7593,S
7594,S
7595,S
7598,S
7599,S
7600,E
7602,E
7603,S
7604,S
7607,S
7610,E
7615,E
7616,S
7618,E
7620,S
7622,S
7625,S
7626,E
7627,S
7628,E
7629,S
7630,E
7631,S
7632,E
7634,E
7637,S
7638,S
7641,S
7645,E
7646,E
7647,E
7648,E
7650,S
7653,S
7655,S
7656,E
7659,S
7661,S
7667,S
7668,S
7669,S
7673,S
7674,S
7676,S
7677,S
7678,E
7679,E
7681,S
7682,E
7684,E
7685,S
7686,S
7689,E
7692,E
7695,S
7696,S
7697,E
7701,S
7702,E
7705,S
7708,S
7709,S
7710,S
7713,E
7714,S
7715,E
7716,E
7718,S
7719,S
7720,S
7725,S
7726,S
7727,E
7729,E
7730,S
7732,S
7735,S
7738,E
7739,S
7742,S
7744,S
7746,S
7747,E
7748,E
7750,E
7751,E
7753,E
7756,E
7763,S
7765,E
7767,S
7768,S
7769,E
7770,E
7774,E
7776,S
7777,E
7780,E
7782,S
7783,E
7784,E
7785,S
7787,E
7788,E
7792,S
7795,E
7796,S
7797,S
7801,S
7803,S
7804,E
7806,S
7807,S
7808,E
7811,E
7814,S
7815,E
7816,E
7818,S
7821,S
7822,S
7823,E
7825,S
7827,S
7828,E
7830,S
7831,E
7833,E
7836,E
7837,E
7838,S
7839,E
7840,E
7842,S
7843,S
7845,S
7846,S
7848,E
7850,E
7854,S
7856,S
7857,S
7858,E
7859,S
7863,S
7864,S
7866,S
7867,S
7868,S
7869,S
7870,S
7871,S
7872,S
7873,S
7874,S
7875,E
7876,E
7877,S
7878,E
7879,S
7880,E
7881,S
7889,S
7890,E
7891,E
7895,S
7896,E
7898,E
7899,S
7900,E
7902,S
7903,E
7906,E
7908,S
7910,S
7913,S
7914,E
7915,E
7916,S
7918,S
7919,S
7920,S
7921,E
7922,E
7923,S
7924,E
7925,S
7927,E
7928,E
7930,E
7934,E
7939,E
7943,S
7946,S
7950,E
7951,E
7961,E
7965,E
7966,S
7968,E
7971,E
7973,E
7978,E
7981,S
7984,S
7990,S
7992,S
7994,S
7995,S
7997,S
7999,S
8001,E
8002,E
8008,E
8009,S
8010,S
8012,S
8013,E
8014,E
8015,S
8018,S
8021,S
8026,E
8029,S
8031,S
8032,S
8034,S
8035,E
8037,S
8039,S
8040,E
8041,E
8043,E
8046,S
8048,E
8049,E
8050,E
8051,E
8052,S
8053,E
8056,S
8057,E
8061,S
8063,S
8067,E
8073,S
8075,S
8077,E
8078,S
8079,S
8080,E
8081,S
8082,E
8084,S
8097,E
8098,E
8099,E
8100,E
8101,E
8103,S
8104,S
8105,S
8106,S
8107,E
8113,E
8116,A
8118,E
8120,E
8121,E
8123,E
8124,E
8126,E
8127,S
8129,E
8131,E
8132,S
8134,S
8136,S
8137,S
8139,S
8140,E
8141,S
8142,E
8143,E
8145,E
8147,E
8148,E
8149,S
8150,E
8153,S
8154,S
8155,S
8158,S
8160,S
8163,S
8164,E
8165,S
8167,S
8168,E
8169,E
8170,E
8172,S
8173,E
8175,S
8178,S
8180,E
8182,E
8183,S
8184,E
8185,E
8187,S
8192,E
8193,E
8194,E
8195,E
8198,E
8199,S
8200,S
8203,E
8205,S
8208,E
8210,E
8212,E
8215,S
8216,S
8219,E
8224,E
8225,S
8226,E
8227,S
8228,S
8229,S
8234,S
8237,E
8238,E
8239,E
8240,E
8241,S
8244,S
8246,E
8249,E
8251,S
8254,S
8255,E
8256,E
8260,E
8262,S
8264,S
8266,S
8267,S
8268,S
8271,S
8273,S
8277,E
8279,E
8280,S
8285,E
8287,E
8288,E
8292,E
8295,E
8297,S
8301,S
8302,S
8303,S
8308,S
8310,E
8311,S
8313,E
8314,S
8318,S
8320,S
8323,E
8324,E
8325,E
8328,S
8329,S
8332,E
8333,E
8334,S
8335,S
8336,S
8337,E
8339,S
8340,S
8343,E
8344,S
8345,S
8346,E
8349,S
8352,E
8353,S
8354,S
8355,E
8358,E
8361,S
8364,S
8365,E
8366,S
8367,S
8368,E
8371,S
8373,S
8374,E
8375,S
8376,E
8380,S
8381,S
8384,E
8385,E
8386,E
8387,S
8389,S
8390,E
8392,E
8393,E
8394,S
8395,E
8396,E
8399,S
8400,E
8401,S
8402,S
8406,S
8410,S
8412,S
8414,S
8416,E
8417,S
8419,S
8421,E
8429,S
8431,E
8434,S
8435,S
8437,S
8438,S
8443,S
8444,E
8445,E
8446,E
8449,S
8450,S
8452,E
8453,E
8454,S
8455,E
8457,E
8460,S
8461,S
8464,E
8465,E
8467,S
8469,E
8470,S
8472,E
8473,E
8474,S
8475,S
8477,S
8478,S
8479,E
8480,S
8483,S
8485,E
8486,S
8487,E
8490,S
8491,S
8492,S
8493,S
8494,E
8495,E
8497,S
8501,S
8502,E
8503,E
8506,S
8508,S
8509,E
8511,S
8512,E
8513,S
8516,E
8522,S
8524,S
8525,S
8527,E
8528,S
8529,S
8531,E
8534,E
8535,E
8536,E
8537,E
8539,E
8541,S
8542,E
8544,S
8545,E
8547,E
8548,S
8553,E
8555,S
8556,S
8557,S
8561,E
8565,E
8566,E
8567,E
8572,E
8574,E
8578,S
8580,E
8581,E
8584,E
8585,S
8587,E
8588,S
8591,E
8592,E
8593,E
8595,E
8600,S
8602,S
8603,S
8604,S
8605,E
8606,S
8607,S
8608,E
8617,S
8619,S
8622,S
8624,E
8625,S
8626,S
8627,S
8628,S
8629,E
8630,E
8631,S
8632,S
8635,E
8636,S
8637,S
8640,E
8641,E
8645,S
8646,E
8647,E
8650,E
8654,E
8656,E
8657,S
8658,E
8660,S
8662,E
8664,S
8665,S
8669,S
8670,S
8671,S
8673,E
8675,S
8678,S
8680,S
8683,S
8686,S
8690,S
8692,S
8693,S
8694,E
8695,S
8700,S
8701,S
8703,E
8708,S
8713,S
8715,E
8716,E
8717,S
8718,E
8719,E
8722,S
8725,E
8731,E
8734,E
8737,E
8738,E
8739,E
8740,E
8741,E
8743,E
8745,E
8746,E
8747,E
8750,E
8757,S
8758,E
8759,E
8760,E
8762,E
8763,S
8765,S
8778,S
8780,S
8781,S
8783,E
8785,E
8787,E
8788,S
8793,S
8794,E
8795,E
8800,E
8805,S
8806,E
8807,S
8810,S
8811,S
8813,S
8815,S
8816,S
8818,S
8822,E
8826,E
8827,E
8828,E
8829,E
8830,S
8831,S
8832,E
8834,S
8835,S
8839,S
8840,E
8841,S
8844,E
8846,S
8849,E
8850,S
8851,S
8854,S
8856,E
8857,S
8861,S
8862,E
8864,E
8866,E
8868,S
8871,E
8872,E
8874,S
8876,E
8878,E
8884,E
8885,S
8886,S
8887,S
8888,E
8893,E
8894,S
8898,E
8899,S
8900,E
8902,E
8903,E
8908,E
8909,S
8912,S
8913,E
8914,S
8918,E
8920,E
8922,E
8924,S
8929,S
8932,S
8933,S
8935,E
8936,E
8937,E
8940,S
8942,E
8948,E
8949,S
8950,S
8954,S
8955,S
8956,S
8957,S
8958,S
8959,S
8963,S
8964,E
8968,E
8969,E
8971,E
8972,E
8974,E
8975,E
8976,S
8978,S
8981,S
8987,S
8988,E
8989,E
8991,E
8993,E
8994,E
8997,S
8999,E
9000,S
9001,E
9003,S
9005,E
9008,E
9009,E
9010,S
9011,S
9012,S
9015,E
9019,E
9021,S
9022,E
9024,S
9025,E
9026,S
9033,S
9040,E
9041,S
9042,S
9044,E
9046,E
9047,E
9048,S
9050,S
9051,E
9054,E
9056,E
9058,S
9059,S
9061,E
9064,S
9070,S
9071,S
9072,E
9073,S
9075,E
9078,E
9079,S
9080,E
9081,E
9083,S
9085,S
9094,S
9095,E
9097,E
9101,S
9103,S
9104,S
9105,S
9109,E
9110,S
9127,E
9129,E
9131,S
9132,E
9134,E
9137,S
9139,S
9140,E
9141,E
9143,S
9144,E
9145,S
9147,E
9148,S
9149,S
9152,E
9153,E
9155,S
9156,E
9159,S
9176,S
9179,S
9180,S
9181,E
9182,S
9183,E
9186,S
9190,E
9191,S
9192,E
9193,S
9196,S
9197,E
9198,S
9202,S
9203,S
9204,S
9206,S
9207,S
9212,E
9214,S
9215,E
9217,E
9218,S
9220,E
9224,E
9227,E
9228,S
9230,S
9232,S
9233,E
9234,E
9239,E
9242,S
9245,S
9246,S
9247,S
9248,S
9249,S
9250,S
9251,S
9258,E
9259,E
9260,E
9261,S
9262,S
9265,S
9267,E
9269,E
9270,E
9272,S
9273,S
9274,S
9275,E
9279,S
9280,S
9281,S
9282,S
9283,E
9284,E
9285,E
9287,E
9288,S
9290,S
9294,S
9295,S
9298,S
9301,S
9303,E
9304,S
9305,S
9307,E
9308,S
9309,S
9310,S
9313,S
9314,E
9318,S
9319,E
9321,S
9323,S
9324,E
9326,E
9327,E
9328,E
9330,S
9332,S
9336,E
9338,S
9341,E
9344,E
9345,S
9346,E
9348,S
9350,S
9353,S
9356,S
9359,E
9361,S
9362,S
9365,S
9367,E
9368,S
9371,E
9372,E
9373,E
9375,E
9377,E
9379,E
9380,S
9383,E
9384,S
9387,E
9388,S
9389,E
9390,S
9392,S
9394,S
9395,E
9399,E
9401,S
9402,E
9404,S
9407,S
9409,E
9410,S
9411,E
9413,E
9416,S
9417,E
9420,E
9421,S
9424,E
9426,E
9427,E
9428,S
9430,S
9431,E
9432,S
9434,S
9436,E
9438,E
9439,S
9440,S
9441,S
9445,S
9446,E
9447,S
9449,S
9451,E
9452,E
9454,E
9458,S
9460,E
9466,E
9467,E
9468,E
9472,S
9473,S
9474,E
9475,E
9476,S
9478,S
9483,E
9489,S
9490,S
9491,S
9492,S
9493,S
9495,S
9498,E
9499,S
9500,S
9502,S
9503,S
9505,E
9507,S
9508,S
9509,S
9510,E
9511,E
9513,E
9514,S
9515,E
9516,S
9517,E
9518,E
9519,S
9522,S
9528,S
9529,S
9530,E
9531,S
9533,S
9537,E
9538,S
9539,S
9541,S
9543,E
9545,S
9548,S
9549,S
9550,E
9551,S
9552,S
9554,S
9555,S
9559,E
9560,E
9562,S
9567,E
9568,S
9569,S
9574,E
9576,E
9577,S
9579,E
9580,E
9583,S
9584,E
9586,S
9587,S
9588,S
9589,S
9590,S
9593,S
9596,E
9597,S
9598,S
9599,E
9600,S
9602,E
9603,S
9607,E
9609,E
9610,S
9611,S
9614,S
9616,S
9623,S
9625,S
9626,S
9627,S
9628,S
9629,E
9630,S
9633,S
9634,E
9635,E
9637,E
9638,E
9639,S
9647,S
9650,S
9653,E
9655,E
9657,E
9659,E
9660,E
9662,E
9665,S
9668,E
9670,S
9671,S
9675,S
9676,S
9677,E
9678,S
9681,S
9686,E
9687,E
9688,E
9690,E
9692,S
9694,S
9695,E
9698,S
9699,E
9700,S
9701,S
9702,E
9703,E
9706,E
9707,S
9709,E
9710,E
9711,E
9713,S
9714,S
9715,S
9716,E
9718,S
9721,E
9722,E
9723,S
9724,S
9726,E
9727,S
9730,E
9731,E
9734,E
9735,S
9737,S
9739,S
9745,E
9746,E
9748,S
9749,E
9751,S
9752,S
9753,E
9754,S
9755,S
9756,E
9760,E
9762,S
9764,E
9765,S
9769,S
9770,E
9771,S
9774,S
9777,E
9779,S
9781,S
9782,E
9783,E
9786,S
9788,S
9789,S
9791,E
9792,S
9793,S
9796,S
9797,E
9798,E
9799,E
9800,S
9802,E
9806,E
9807,S
9809,E
9811,S
9813,E
9814,S
9815,E
9817,E
9818,S
9820,S
9821,E
9822,S
9829,E
9830,E
9831,E
9832,E
9835,S
9837,E
9839,E
9840,S
9842,S
9843,S
9844,E
9846,E
9849,S
9850,S
9851,E
9853,S
9856,E
9857,E
9858,S
9859,S
9860,S
9864,S
9865,S
9867,S
9870,E
9872,E
9876,S
9877,E
9878,S
9879,S
9881,E
9883,E
9885,S
9887,E
9889,E
9890,E
9893,S
9894,E
9896,E
9897,S
9898,E
9901,E
9903,E
9905,E
9906,E
9907,S
9908,E
9912,E
9917,E
9918,S
9919,E
9920,E
9921,S
9925,E
9928,S
9929,S
9931,S
9932,E
9933,S
9935,S
9937,S
9939,E
9941,E
9942,S
9945,S
9946,S
9947,S
9948,S
9949,S
9953,S
9954,S
9955,S
9957,E
9959,S
9960,E
9962,S
9963,S
9965,S
9967,S
9968,S
9969,E
9971,S
9972,E
9975,S
9976,S
9978,S
9979,E
9980,E
9981,S
9983,S
9988,S
9989,S
9990,S
9991,S
9992,S
9993,E
9994,S
9995,E
9998,E
10018,E
10028,S
10033,S
10034,S
10035,S
10037,S
10039,S
10045,S
10058,S
10070,S
10084,E
10093,S
10095,E
10100,S
10101,S
10102,S
10108,E
10110,S
10122,E
10130,S
10131,E
10136,E
10137,S
10139,S
10168,E
10174,A
10184,E
10186,S
10192,S
10194,E
10204,S
10210,S
10212,E
10220,S
10222,S
10226,E
10239,E
10245,S
10247,E
10253,S
10257,E
10263,S
10269,S
10279,E
10291,E
10305,S
10306,E
10309,S
10342,S
10351,E
10359,E
10362,E
10363,S
10377,E
10378,E
10383,E
10386,E
10396,E
10402,E
10403,E
10404,E
10408,E
10418,S
10420,S
10427,S
10428,E
10430,E
10447,S
10449,S
10463,S
10467,E
10474,S
10478,E
10488,S
10490,S
10494,E
10498,E
10499,S
10500,S
10503,E
10506,E
10519,S
10533,S
10535,S
10539,E
10548,S
10550,E
10551,E
10566,E
10570,S
10571,E
10583,S
10591,E
10614,S
10634,S
10638,S
10639,E
10640,S
10643,S
10647,S
10650,S
10653,S
10654,E
10657,E
10663,E
10664,E
10670,S
10680,S
10681,E
10684,E
10685,E
10698,S
10701,S
10703,E
10704,E
10712,E
10716,S
10718,S
10729,S
10734,E
10736,E
10747,E
10750,E
10759,S
10769,S
10770,E
10771,S
10775,E
10781,S
10789,E
10805,S
10819,S
10831,S
10832,E
10838,S
10851,S
10854,E
10859,S
10873,E
10882,S
10895,S
10897,S
10898,S
10912,S
10916,S
10931,E
10934,S
10939,E
10943,S
10950,S
10970,S
10971,E
10973,S
10974,S
10987,S
10990,S
10999,E
11004,S
11007,S
11012,E
11020,S
11022,S
11024,E
11025,E
11027,E
11029,E
11033,S
11037,E
11043,E
11045,E
11053,E
11078,S
11083,E
11086,E
11090,S
11097,E
11098,S
11102,E
11117,S
11121,S
11122,S
11126,S
11131,S
11134,E
11139,S
11149,S
11152,E
11158,E
11171,E
11177,E
11178,S
11181,E
11193,E
11204,S
11215,E
11219,E
11236,E
11242,E
11250,E
11254,E
11258,E
11264,E
11268,E
11270,S
11282,S
11287,E
11291,E
11301,S
11306,S
11309,E
11312,S
11314,S
11318,S
11319,E
11323,S
11331,E
11332,S
11341,S
11353,E
11365,S
11369,E
11376,E
11381,S
11384,S
11385,S
11386,S
11394,S
11398,S
11399,E
11403,E
11420,S
11443,E
11450,S
11451,E
11453,S
11472,S
11488,E
11491,E
11497,E
11507,S
11517,E
11525,S
11526,E
11530,E
11564,S
11566,S
11572,E
11579,E
11590,S
11594,S
11597,S
11606,E
11610,S
11614,E
11622,S
11648,S
11656,S
11675,E
11684,S
11689,S
11693,E
11700,S
11722,S
11725,S
11732,E
11743,S
11746,S
11748,S
11749,S
11753,E
11755,E
11775,S
11780,S
11787,E
11792,E
11796,S
11804,E
11809,E
11827,S
11831,S
11839,S
11845,S
11850,E
11855,S
11856,E
11858,S
11861,S
11874,S
11879,S
11884,E
11890,S
11895,E
11907,S
11914,E
11916,E
11919,S
11920,S
11934,E
11942,S
11943,S
11946,S
11953,S
11973,E
11980,S
12001,E
12004,E
12007,E
12008,S
12014,E
12016,S
12021,E
12044,E
12046,E
12048,E
12049,S
12059,E
12067,S
12078,E
12079,S
12083,S
12093,E
12096,E
12107,S
12114,E
12123,S
12130,E
12136,S
12144,E
12148,S
12150,S
12152,S
12155,S
12167,S
12177,E
12182,S
12188,S
12200,S
12203,S
12204,E
12228,E
12230,S
12232,E
12249,E
12257,S
12258,E
12259,S
12263,S
12284,E
12299,S
12303,S
12314,S
12318,S
12323,E
12333,S
12357,E
12363,E
12364,E
12365,E
12366,E
12375,S
12379,S
12380,S
12383,E
12384,S
12393,S
12394,S
12396,E
12400,S
12410,S
12411,E
12413,E
12421,S
12426,S
12428,S
12429,S
12431,S
12437,E
12438,S
12445,S
12450,E
12463,S
12466,S
12476,S
12479,S
12491,S
12496,S
12497,S
12500,E
12501,S
12522,S
12526,E
12535,E
12536,S
12538,S
12541,S
12543,S
12545,E
12551,E
12557,S
12567,E
12571,E
12589,S
12594,S
12609,E
12612,S
12613,E
12615,S
12618,E
12620,S
12623,E
12626,S
12630,E
12631,E
12634,E
12635,S
12641,S
12653,E
12654,S
12655,S
12656,E
12660,E
12694,S
12702,S
12707,E
12711,E
12714,S
12717,E
12718,S
12724,S
12727,S
12741,S
12748,E
12778,S
12785,S
12786,E
12788,S
12789,S
12794,S
12795,S
12797,E
12807,E
12810,S
12814,E
12815,E
12821,S
12830,E
12847,S
12850,E
12854,S
12856,E
12857,E
12858,S
12866,S
12867,S
12870,E
12881,E
12882,S
12895,S
12903,E
12916,E
12926,S
12929,S
12932,S
12941,S
12944,S
12947,E
12950,S
12966,S
12975,E
12980,E
12985,S
12993,E
13005,E
13010,S
13013,E
13034,S
13037,S
13048,S
13050,S
13051,S
13053,S
13058,E
13068,E
13069,S
13076,E
13086,S
13089,E
13097,E
13098,S
13099,E
13100,S
13108,E
13116,S
13138,S
13142,E
13143,E
13153,S
13157,S
13168,S
13177,E
13182,S
13193,E
13195,E
13197,S
13201,E
13217,S
13224,S
13238,E
13250,S
13253,S
13259,S
13279,S
13280,E
13294,E
13297,E
13299,S
13306,S
13308,S
13313,E
13323,S
13348,S
13349,S
13361,S
13367,E
13370,S
13372,E
13375,S
13384,E
13395,S
13397,S
13407,S
13414,S
13428,S
13432,E
13434,E
13442,E
13445,E
13449,E
13455,S
13457,S
13459,S
13473,E
13482,E
13492,S
13495,E
13497,E
13500,E
13503,S
13506,S
13517,S
13519,E
13523,E
13528,S
13535,S
13555,S
13577,S
13601,S
13602,E
13607,S
13608,E
13610,E
13613,E
13620,E
13627,E
13633,E
13635,S
13650,S
13655,S
13658,E
13659,S
13673,S
13678,S
13681,S
13692,S
13696,E
13699,E
13702,E
13703,E
13712,E
13719,E
13720,E
13733,E
13744,S
13747,S
13749,E
13750,E
13751,E
13757,S
13770,E
13771,S
13776,S
13788,S
13798,E
13805,S
13808,S
13821,E
13827,S
13833,S
13841,S
13854,S
13877,S
13886,S
13911,E
13912,S
13916,E
13921,E
13943,S
13949,E
13963,E
13972,S
13978,E
13979,S
13981,S
13982,S
13987,E
13991,E
14000,E
14017,S
14020,E
14025,S
14027,E
14029,E
14039,E
14047,S
14062,S
14063,S
14076,E
14093,S
14097,E
14107,S
14111,E
14114,E
14125,S
14127,S
14134,S
14136,E
14157,E
14175,E
14180,S
14181,E
14184,S
14196,S
14198,E
14206,S
14207,E
14208,E
14209,E
14210,E
14214,A
14220,S
14225,E
14226,E
14239,S
14245,S
14249,E
14258,E
14260,S
14261,E
14263,S
14267,S
14276,S
14281,S
14285,S
14289,S
14292,E
14306,E
14307,S
14311,S
14316,S
14318,E
14328,S
14329,S
14331,E
14335,S
14347,E
14365,S
14381,S
14388,S
14398,S
14408,S
14419,S
14423,E
14435,E
14437,S
14439,S
14440,S
14451,S
14457,S
14459,E
14468,S
14472,E
14489,S
14504,E
14519,S
14526,E
14535,E
14541,E
14542,E
14544,S
14558,S
14559,S
14562,E
14568,E
14576,E
14577,S
14578,S
14584,S
14585,S
14608,S
14610,S
14621,E
14623,S
14671,S
14674,E
14695,E
14697,S
14700,S
14708,S
14710,E
14711,E
14712,E
14713,S
14725,E
14728,S
14734,S
14735,S
14736,S
14739,E
14740,E
14742,S
14745,E
14747,E
14760,E
14768,S
14783,E
14794,S
14804,E
14810,S
14815,E
14831,E
14833,S
14835,E
14839,E
14844,E
14859,E
14871,S
14874,S
14875,E
14887,S
14891,S
14900,E
14904,S
14905,E
14908,E
14909,E
14911,S
14918,S
14920,S
14934,E
14935,E
14939,S
14958,E
14967,E
14988,S
15004,S
15006,E
15026,E
15034,S
15036,S
15039,S
15046,E
15049,S
15050,S
15058,S
15059,S
15061,E
15069,S
15082,S
15090,S
15092,S
15105,S
15117,E
15128,S
15131,S
15132,S
15137,E
15141,S
15144,E
15149,S
15155,E
15158,E
15192,E
15194,S
15198,E
15203,S
15205,E
15207,S
15212,S
15229,E
15233,E
15257,E
15258,S
15261,E
15262,S
15267,E
15269,S
15270,S
15282,E
15284,E
15287,S
15296,S
15301,E
15307,E
15310,S
15316,S
15320,E
15328,S
15336,S
15342,S
15343,E
15346,S
15350,E
15354,E
15380,S
15382,S
15385,E
15386,E
15399,S
15411,S
15416,E
15423,E
15425,E
15453,E
15461,E
15486,S
15508,S
15515,S
15519,S
15521,E
15528,E
15543,E
15554,S
15563,S
15578,E
15579,S
15583,S
15595,S
15616,S
15618,S
15622,S
15626,S
15627,E
15629,E
15646,S
15647,S
15655,E
15661,S
15666,E
15669,E
15681,S
15687,E
15725,E
15726,E
15733,S
15754,S
15758,S
15764,S
15765,E
15775,S
15779,E
15782,S
15783,S
15787,S
15798,E
15801,S
15809,S
15816,E
15833,S
15834,E
15838,S
15839,E
15845,S
15856,S
15863,S
15867,S
15873,S
15894,S
15896,S
15903,S
15907,S
15915,S
15925,S
15928,E
15943,E
15944,E
15961,E
15965,S
15990,E
16001,E
16005,S
16006,S
16010,S
16016,S
16019,S
16020,S
16032,E
16036,E
16038,E
16041,E
16042,E
16050,S
16055,S
16056,S
16057,S
16071,E
16073,S
16074,S
16086,E
16089,E
16090,S
16096,E
16103,E
16113,E
16132,E
16133,S
16137,E
16147,S
16149,E
16174,S
16179,S
16181,S
16197,S
16202,E
16216,S
16217,S
16218,S
16232,S
16253,E
16258,S
16259,S
16260,S
16261,S
16264,S
16268,S
16275,S
16276,S
16281,S
16284,S
16294,S
16306,S
16308,E
16316,E
16328,S
16330,E
16333,E
16350,E
16352,S
16358,S
16370,S
16374,S
16391,E
16400,S
16402,E
16403,E
16404,S
16409,E
16419,S
16420,S
16426,S
16427,S
16428,E
16435,S
16438,S
16441,S
16456,E
16470,S
16475,E
16479,S
16488,S
16489,S
16490,E
16492,S
16514,S
16523,S
16527,E
16528,S
16530,S
16541,E
16547,E
16550,E
16552,S
16554,S
16557,S
16559,E
16568,S
16580,E
16583,S
16585,S
16588,E
16595,S
16601,S
16603,E
16636,E
16638,E
16640,S
16644,S
16645,S
16659,E
16666,E
16671,S
16673,S
16675,S
16699,E
16713,E
16715,S
16728,S
16753,S
16754,S
16766,S
16778,E
16780,S
16788,S
16802,S
16808,E
16822,S
16823,E
16829,E
16832,S
16839,E
16845,E
16847,S
16849,E
16851,E
16860,E
16862,S
16872,E
16873,E
16880,E
16881,S
16891,S
16898,S
16905,S
16911,S
16914,S
16922,S
16926,S
16934,E
16936,E
16953,S
16954,E
16955,E
16960,S
16961,E
16963,S
16964,E
16975,S
16976,E
16983,E
16986,E
16993,E
17016,S
17017,S
17024,S
17026,E
17034,S
17036,S
17037,S
17039,S
17045,E
17047,S
17048,S
17050,S
17059,E
17063,S
17072,S
17073,S
17074,S
17075,E
17088,S
17089,E
17096,E
17098,E
17099,E
17104,E
17110,E
17130,E
17137,E
17138,S
17139,S
17140,E
17144,E
17148,S
17150,S
17174,S
17177,E
17178,S
17181,E
17186,S
17195,S
17198,S
17206,S
17211,E
17214,S
17222,S
17223,S
17225,S
17239,S
17247,E
17251,E
17252,E
17256,S
17261,E
17264,E
17266,S
17269,E
17272,E
17277,E
17279,E
17282,S
17293,E
17298,E
17319,S
17327,S
17328,E
17335,S
17336,E
17347,S
17351,S
17360,S
17361,E
17371,S
17375,E
17380,S
17386,S
17397,S
17405,S
17408,S
17416,S
17423,S
17426,S
17427,E
17428,E
17437,E
17455,E
17460,S
17464,E
17466,E
17469,S
17471,S
17491,E
17502,S
17506,E
17509,S
17517,E
17532,S
17538,S
17543,S
17544,S
17554,S
17559,S
17560,E
17562,S
17564,S
17576,S
17578,E
17590,S
17591,S
17602,S
17612,S
17613,E
17618,E
17621,S
17634,E
17644,E
17647,E
17650,S
17653,S
17654,E
17659,S
17674,S
17676,S
17677,S
17679,S
17688,E
17712,S
17748,E
17749,S
17752,S
17758,E
17760,S
17763,E
17782,E
17803,S
17807,S
17808,S
17816,E
17827,E
17828,S
17831,E
17836,S
17838,S
17842,S
17843,S
17851,S
17853,E
17858,S
17859,E
17866,A
17871,S
17872,E
17882,E
17887,S
17912,E
17920,E
17922,E
17928,E
17937,E
17939,E
17949,E
17950,S
17960,E
17962,S
17966,S
17978,E
17986,E
17987,S
17990,S
17995,S
18006,S
18019,S
18035,S
18037,S
18044,E
18045,S
18058,E
18060,E
18066,S
18069,S
18072,S
18074,E
18075,E
18086,S
18100,E
18105,S
18106,S
18108,S
18111,S
18129,S
18130,E
18143,S
18146,S
18149,E
18158,S
18167,S
18172,E
18173,E
18175,E
18176,E
18185,E
18188,S
18192,E
18193,S
18202,E
18208,S
18213,S
18222,S
18223,S
18227,S
18228,E
18229,E
18241,E
18245,E
18248,S
18261,E
18271,E
18275,S
18277,E
18278,E
18282,S
18290,E
18293,S
18296,E
18297,S
18298,S
18301,E
18305,E
18307,S
18312,S
18326,E
18331,S
18384,S
18390,S
18394,E
18395,S
18397,E
18402,S
18404,S
18416,E
18418,S
18420,S
18423,S
18441,S
18443,S
18452,S
18458,E
18460,E
18463,S
18471,E
18480,S
18481,E
18485,E
18507,E
18512,S
18524,E
18531,E
18532,E
18533,E
18541,E
18546,E
18562,S
18571,S
18576,S
18578,E
18580,S
18589,E
18591,S
18598,S
18602,E
18606,S
18609,S
18617,S
18623,E
18626,S
18630,S
18675,S
18678,E
18681,S
18699,S
18705,E
18720,S
18739,S
18747,E
18748,S
18755,S
18762,S
18771,E
18776,S
18783,S
18788,S
18792,S
18797,S
18798,S
18801,S
18803,E
18804,S
18810,S
18811,E
18814,S
18816,S
18820,S
18831,E
18839,E
18844,S
18848,E
18852,S
18863,E
18872,S
18887,S
18896,S
18908,E
18912,S
18915,E
18918,E
18920,S
18923,E
18925,S
18930,E
18931,S
18936,E
18951,S
18954,S
18956,E
18985,E
19004,E
19008,S
19011,E
19012,S
19018,E
19022,E
19039,E
19064,S
19074,E
19103,S
19104,S
19105,S
19106,S
19109,S
19111,S
19113,S
19115,E
19116,S
19117,S
19118,E
19120,E
19128,E
19132,S
19133,S
19140,E
19141,S
19150,S
19156,S
19167,E
19176,S
19177,E
19182,S
19188,E
19200,S
19207,S
19219,E
19220,S
19228,S
19239,S
19240,E
19242,E
19245,E
19247,E
19253,E
19263,S
19267,S
19269,E
19271,S
19278,S
19303,E
19307,E
19330,E
19332,S
19360,S
19367,E
19381,S
19386,S
19388,E
19391,E
19393,E
19401,S
19416,E
19417,E
19430,S
19436,E
19438,E
19439,S
19442,E
19443,S
19448,E
19449,E
19454,E
19465,S
19468,S
19469,E
19476,E
19478,S
19479,E
19498,E
19501,S
19505,S
19506,S
19511,E
19522,S
19531,E
19545,E
19560,S
19563,E
19585,S
19595,E
19599,E
19608,E
19610,E
19611,S
19613,E
19619,S
19624,E
19626,S
19634,S
19641,S
19645,E
19654,S
19655,S
19657,E
19658,S
19663,S
19684,E
19695,S
19701,S
19755,E
19756,E
19758,S
19761,E
19764,E
19766,S
19767,S
19772,S
19774,S
19777,S
19778,S
19779,S
19781,E
19783,S
19789,S
19795,E
19798,S
19799,E
19800,E
19811,S
19813,S
19821,S
19823,S
19828,E
19829,E
19835,E
19838,E
19844,E
19855,E
19865,S
19872,S
19882,S
19883,S
19884,S
19897,E
19898,E
19910,E
19918,S
19921,S
19922,S
19926,S
19940,E
19945,S
19951,E
19977,E
19980,E
19986,S
19988,S
19989,S
19990,E
19998,S
20004,E
20010,S
20013,E
20014,S
20016,E
20025,E
20029,S
20032,E
20039,S
20045,S
20049,E
20050,E
20053,E
20054,S
20057,E
20062,S
20081,E
20085,E
20090,E
20094,E
20100,E
20110,E
20122,E
20125,S
20126,S
20128,E
20131,S
20138,E
20153,S
20187,S
20188,E
20190,E
20195,S
20199,E
20202,E
20203,E
20207,S
20219,S
20220,S
20222,S
20225,S
20231,E
20238,S
20242,E
20243,E
20250,E
20254,E
20269,S
20277,E
20279,S
20284,E
20292,S
20296,E
20297,S
20302,E
20314,E
20319,E
20324,E
20331,E
20335,E
20353,E
20355,E
20369,E
20374,E
20387,S
20398,E
20410,S
20421,S
20426,E
20427,E
20428,E
20440,E
20457,S
20459,E
20461,E
20467,S
20468,E
20478,E
20480,S
20481,S
20498,E
20513,S
20514,E
20518,S
20519,S
20539,S
20540,S
20548,S
20551,S
20553,S
20555,E
20559,S
20560,S
20562,S
20567,S
20573,S
20579,S
20584,S
20595,S
20598,E
20605,S
20608,S
20611,E
20612,E
20624,S
20629,S
20634,E
20638,E
20661,E
20668,E
20669,S
20674,S
20699,S
20707,E
20709,S
20725,E
20726,S
20733,S
20744,E
20748,E
20760,S
20761,S
20768,E
20770,E
20778,S
20785,S
20789,S
20801,S
20812,E
20813,S
20814,E
20817,E
20822,S
20831,E
20843,S
20846,S
20860,E
20865,S
20869,S
20872,S
20876,S
20882,S
20886,E
20898,S
20900,S
20905,S
20918,S
20923,S
20925,E
20927,E
20931,E
20932,S
20967,S
20978,E
20981,S
20989,E
20993,E
21001,E
21006,E
21010,E
21011,E
21029,S
21033,E
21038,E
21040,E
21048,E
21063,E
21082,S
21087,S
21091,E
21092,S
21093,E
21097,E
21098,E
21138,E
21155,S
21156,S
21166,E
21169,E
21188,S
21192,S
21195,E
21199,S
21201,E
21203,E
21220,E
21224,E
21229,S
21239,S
21241,S
21247,E
21249,E
21268,E
21271,S
21276,E
21277,S
21279,S
21303,S
21312,E
21320,S
21327,E
21344,S
21360,E
21361,S
21372,S
21373,S
21374,E
21377,S
21384,S
21385,E
21388,E
21390,E
21396,S
21397,S
21400,S
21402,S
21412,S
21413,S
21414,S
21415,S
21424,E
21425,E
21437,S
21440,E
21445,S
21459,E
21471,S
21478,S
21479,S
21484,S
21488,E
21498,E
21501,S
21508,S
21510,E
21521,A
21525,E
21526,S
21527,S
21533,S
21548,E
21559,E
21565,S
21566,S
21567,E
21573,S
21574,S
21578,S
21579,E
21592,E
21598,S
21601,S
21605,S
21606,S
21608,S
21612,E
21619,S
21629,E
21631,E
21636,S
21648,S
21652,S
21655,S
21666,E
21689,E
21692,E
21699,S
21703,S
21706,S
21711,S
21734,E
21738,S
21742,S
21744,S
21747,S
21754,E
21761,S
21765,S
21778,E
21787,S
21791,E
21801,E
21806,E
21809,S
21818,S
21834,E
21847,E
21849,S
21870,S
21872,E
21874,S
21878,E
21890,S
21893,E
21906,S
21913,S
21920,E
21927,S
21930,S
21931,S
22055,E
22060,E
22061,E
22070,S
22096,E
22099,S
22102,S
22105,S
22107,S
22117,E
22159,E
22172,E
22203,S
22206,S
22210,S
22224,E
22227,E
22235,E
22242,E
22244,E
22251,E
22260,E
22261,S
22263,S
22264,S
22269,S
22275,S
22279,E
22340,E
22345,S
22346,S
22349,S
22351,E
22356,S
22358,S
22359,S
22370,S
22373,S
22385,S
22388,S
22392,E
22400,S
22416,S
22419,E
22420,S
22421,E
22424,S
22428,S
22433,E
22434,S
22449,S
22450,S
22451,S
22453,S
22487,S
22500,E
22502,E
22514,S
22521,S
22525,S
22528,E
22529,E
22535,S
22543,E
22556,E
22575,E
22584,S
22592,S
22595,E
22604,S
22619,E
22622,E
22625,S
22638,S
22642,S
22646,E
22648,E
22651,E
22654,E
22658,S
22660,E
22665,S
22667,E
22671,E
22678,E
22682,E
22692,S
22693,E
22700,S
22702,S
22713,S
22714,S
22715,S
22717,S
22721,E
22725,S
22740,S
22756,E
22779,S
22786,S
22801,E
22808,S
22821,E
22829,E
22836,E
22842,E
22865,E
22867,E
22868,E
22873,S
22887,S
22890,S
22895,E
22896,S
22900,S
22902,S
22906,S
22916,S
22924,E
22926,S
22927,E
22929,E
22936,E
22942,S
22959,E
22967,S
23001,S
23004,E
23013,S
23017,S
23030,E
23044,E
23047,S
23050,E
23060,E
23064,S
23073,E
23081,S
23087,E
23094,E
23097,E
23098,E
23103,S
23104,S
23107,S
23108,E
23111,S
23131,E
23136,S
23146,E
23156,S
23157,S
23165,E
23166,S
23169,E
23178,S
23180,E
23185,S
23189,S
23190,S
23192,S
23193,S
23211,S
23230,S
23233,S
23234,E
23247,S
23248,S
23251,E
23252,E
23254,S
23264,E
23268,E
23272,E
23277,S
23281,S
23282,S
23287,S
23296,E
23303,S
23308,S
23316,E
23333,E
23337,S
23338,E
23351,S
23362,E
23365,S
23374,E
23380,S
23381,E
23384,E
23388,E
23391,S
23401,S
23412,E
23413,S
23422,E
23426,E
23427,S
23432,S
23436,S
23439,E
23440,S
23441,S
23452,S
23453,E
23455,S
23463,S
23466,S
23471,S
23483,S
23488,S
23495,S
23501,E
23504,S
23509,E
23517,E
23523,E
23526,E
23534,S
23556,S
23560,E
23564,S
23579,E
23584,E
23586,S
23589,S
23592,E
23593,S
23606,S
23608,E
23609,S
23616,S
23617,S
23618,S
23619,E
23630,S
23640,S
23657,E
23663,E
23667,E
23684,S
23690,E
23692,S
23698,E
23705,S
23708,E
23709,S
23711,S
23715,S
23716,E
23718,S
23728,E
23732,S
23733,E
23736,E
23742,S
23743,E
23746,E
23751,S
23755,S
23765,E
23768,S
23775,E
23806,S
23818,S
23822,S
23824,S
23826,E
23832,E
23834,E
23835,S
23840,S
23841,E
23842,S
23852,E
23874,S
23879,E
23883,S
23893,S
23895,E
23901,E
23903,E
23917,E
23924,S
23926,E
23928,E
23932,S
23936,S
23938,E
23939,S
23945,E
23959,S
23963,E
23976,E
23979,S
23984,E
23993,S
23996,S
23997,E
24010,S
24015,S
24016,E
24026,E
24042,E
24049,S
24056,E
24057,S
24060,S
24073,S
24090,S
24094,S
24108,S
24112,S
24114,S
24118,S
24120,E
24126,E
24130,E
24133,S
24137,E
24138,E
24142,S
24147,E
24155,S
24160,E
24205,S
24206,S
24211,E
24218,S
24227,E
24240,E
24253,S
24268,S
24278,S
24283,S
24284,S
24289,E
24293,E
24301,E
24311,E
24323,E
24324,S
24329,S
24332,E
24342,S
24343,E
24347,E
24360,S
24363,E
24372,E
24381,E
24382,E
24385,E
24386,E
24390,E
24393,S
24413,S
24415,E
24420,E
24422,E
24434,E
24435,S
24436,E
24437,S
24451,E
24454,S
24458,E
24464,S
24466,E
24479,S
24480,S
24501,E
24513,S
24578,S
24588,S
24589,S
24609,E
24612,S
24616,S
24618,E
24620,E
24632,S
24633,S
24636,S
24641,E
24650,S
24661,E
24673,E
24688,E
24700,S
24701,S
24704,S
24708,S
24713,S
24723,S
24736,S
24740,S
24742,E
24768,S
24770,S
24772,E
24779,E
24784,S
24787,S
24790,S
24791,S
24794,E
24803,S
24812,S
24821,E
24822,S
24844,S
24845,E
24846,E
24849,E
24851,E
24853,S
24858,S
24861,S
24867,E
24871,E
24872,S
24874,S
24876,E
24889,S
24897,E
24899,E
24906,S
24912,S
24913,E
24919,S
24924,S
24938,E
24942,E
24945,E
24949,S
24950,E
24955,S
24959,E
24961,S
24965,E
24966,S
24968,S
24970,E
24978,S
24982,E
24989,S
25002,S
25006,E
25008,S
25010,S
25011,S
25015,S
25026,E
25036,S
25041,S
25043,S
25052,E
25058,S
25069,E
25075,S
25079,E
25082,S
25101,E
25105,S
25107,E
25116,E
25117,S
25125,E
25131,S
25142,E
25154,S
25156,S
25160,E
25163,S
25175,E
25179,E
25184,S
25194,S
25196,S
25197,S
25212,S
25213,S
25220,E
25223,E
25227,E
25241,S
25245,E
25246,S
25247,E
25256,S
25257,E
25261,S
25271,E
25276,S
25277,S
25278,S
25279,E
25283,S
25285,S
25295,S
25299,S
25304,S
25337,A
25366,S
25371,S
25378,S
25381,S
25408,S
25412,E
25414,E
25416,E
25424,S
25426,E
25461,S
25464,E
25468,S
25471,E
25472,E
25482,S
25484,S
25502,S
25506,E
25513,S
25516,E
25534,S
25535,S
25541,E
25542,S
25547,S
25548,E
25549,S
25552,S
25554,E
25555,E
25566,E
25567,E
25575,E
25578,S
25582,E
25583,S
25584,E
25595,S
25597,E
25598,S
25604,S
25606,S
25610,E
25611,E
25612,S
25613,S
25614,S
25617,S
25618,E
25637,S
25639,S
25644,S
25647,S
25650,S
25651,S
25655,E
25666,E
25670,S
25671,E
25674,S
25678,S
25683,E
25686,E
25694,S
25702,E
25704,S
25714,S
25716,E
25723,E
25764,S
25769,S
25770,S
25791,E
25798,S
25804,S
25806,E
25807,E
25811,E
25820,S
25821,E
25828,E
25831,S
25839,S
25840,E
25841,S
25850,S
25855,E
25858,S
25866,E
25869,S
25874,S
25882,S
25893,S
25900,S
25912,S
25916,E
25921,E
25923,E
25924,S
25926,E
25935,E
25958,E
25970,E
25981,E
25996,E
25997,E
26004,S
26006,E
26010,E
26014,S
26019,S
26050,S
26056,S
26062,S
26067,E
26075,S
26077,S
26086,S
26089,S
26091,S
26093,E
26104,S
26106,S
26110,E
26112,E
26124,E
26131,S
26135,E
26138,E
26143,S
26146,E
26151,S
26158,S
26161,E
26165,S
26174,E
26179,S
26189,S
26190,S
26211,S
26212,S
26213,S
26218,S
26222,E
26225,E
26227,E
26237,E
26239,S
26247,S
26250,E
26252,S
26257,S
26267,S
26272,E
26279,E
26281,E
26287,E
26288,E
26307,S
26313,E
26316,S
26318,S
26325,S
26326,E
26334,S
26335,E
26337,S
26339,E
26340,S
26351,E
26355,S
26363,S
26366,S
26367,S
26368,E
26387,S
26395,S
26397,S
26399,S
26421,S
26422,E
26428,S
26432,E
26443,E
26478,E
26482,S
26485,S
26494,E
26495,S
26497,E
26499,E
26500,S
26502,S
26514,E
26519,E
26521,S
26522,S
26524,S
26530,E
26541,S
26544,S
26555,S
26567,S
26574,S
26575,S
26576,E
26583,E
26590,S
26591,E
26608,S
26621,S
26624,S
26637,S
26640,S
26648,E
26653,E
26656,E
26664,E
26673,E
26683,E
26690,E
26703,S
26715,S
26718,E
26720,E
26725,S
26728,E
26729,S
26739,S
26740,E
26746,S
26747,E
26753,S
26755,S
26770,S
26773,E
26774,E
26782,E
26788,S
26791,E
26793,S
26798,S
26800,S
26801,E
26803,E
26806,E
26807,S
26815,E
26844,S
26851,S
26862,E
26864,E
26867,E
26869,E
26870,S
26871,E
26877,E
26880,E
26881,S
26889,S
26893,S
26899,E
26914,S
26919,S
26921,S
26923,A
26927,S
26937,S
26943,E
26956,S
26962,S
26989,S
26997,S
26999,S
27005,S
27006,S
27013,S
27016,S
27025,E
27029,E
27030,E
27032,E
27033,E
27046,E
27048,S
27051,S
27059,E
27060,E
27068,S
27077,S
27078,S
27084,S
27085,S
27107,E
27123,S
27127,E
27139,E
27142,E
27153,S
27157,E
27158,E
27174,S
27186,S
27189,S
27198,E
27202,E
27205,E
27211,S
27217,E
27220,E
27222,S
27226,S
27228,S
27232,E
27234,S
27241,E
27250,S
27261,S
27268,E
27275,E
27285,S
27288,S
27296,S
27297,S
27307,S
27314,E
27321,S
27325,S
27334,S
27335,S
27345,S
27365,E
27372,S
27374,E
27375,S
27380,S
27381,S
27388,S
27406,S
27414,S
27421,E
27424,E
27428,E
27436,S
27437,S
27439,E
27440,E
27444,S
27445,E
27446,S
27448,E
27451,S
27456,S
27459,E
27465,S
27474,E
27480,E
27481,S
27487,E
27491,E
27494,E
27499,S
27507,E
27510,S
27520,S
27528,E
27537,S
27541,S
27545,S
27551,S
27555,S
27557,S
27564,S
27567,E
27571,E
27585,S
27590,E
27591,E
27592,E
27597,S
27604,S
27611,E
27624,S
27625,E
27626,E
27632,S
27638,S
27640,S
27648,E
27652,S
27666,E
27672,S
27680,E
27682,S
27689,S
27691,S
27695,S
27697,E
27698,S
27700,S
27707,S
27714,S
27718,S
27720,E
27725,S
27731,S
27741,S
27743,S
27749,S
27750,S
27754,E
27757,E
27758,S
27762,S
27767,E
27771,S
27776,E
27778,E
27781,E
27808,E
27814,S
27815,S
27825,S
27826,E
27831,S
27837,S
27851,E
27854,E
27855,E
27863,S
27872,E
27881,S
27890,E
27896,E
27908,S
27914,S
27922,S
27939,E
27949,A
27962,E
27969,E
27972,E
27975,E
27980,E
27992,E
28001,E
28008,S
28010,E
28013,S
28018,E
28024,S
28032,S
28035,E
28043,S
28047,E
28049,E
28050,S
28085,E
28087,S
28096,E
28098,S
28100,E
28108,E
28112,S
28116,E
28117,E
28124,S
28125,E
28140,S
28145,S
28159,S
28164,E
28167,E
28179,E
28187,S
28188,S
28205,S
28248,S
28255,S
28259,S
28261,E
28268,S
28281,S
28288,S
28299,S
28306,S
28312,S
28314,S
28330,S
28338,S
28360,S
28370,E
28381,S
28385,E
28389,S
28397,E
28399,E
28404,E
28432,S
28435,S
28458,S
28459,S
28460,E
28463,E
28469,S
28471,E
28474,S
28484,E
28492,E
28495,E
28501,E
28507,S
28511,E
28518,E
28532,E
28535,S
28540,E
28541,S
28545,E
28560,S
28580,E
28582,S
28589,E
28603,E
28612,S
28621,S
28629,S
28633,S
28643,S
28649,S
28650,S
28653,E
28661,S
28665,E
28671,E
28681,S
28713,S
28717,E
28723,S
28727,S
28729,E
28735,E
28740,S
28755,E
28758,S
28762,S
28771,S
28775,S
28788,S
28791,E
28800,E
28805,S
28807,E
28821,S
28824,E
28828,S
28835,S
28836,E
28845,S
28846,E
28854,E
28858,S
28860,S
28864,S
28871,E
28881,E
28882,S
28885,S
28908,S
28913,S
29712,E
29713,E
29716,E
29718,E
29719,E
29721,S
29723,S
29724,S
29726,E
29727,E
29732,S
29737,S
29738,S
29740,E
29742,E
29743,E
29746,S
29748,E
29749,E
29751,S
29753,E
29754,E
29758,S
29759,E
29760,S
29761,E
29763,S
29764,E
29765,E
29766,E
29767,E
29771,E
29774,S
29775,S
29776,E
29777,E
29782,S
29783,S
29784,E
29785,E
29787,S
29788,S
29789,S
29791,E
29793,E
29794,E
29795,E
29796,S
29800,S
29801,S
29802,S
29805,S
29809,E
29811,S
29814,E
29815,S
29816,S
29817,S
29826,S
29827,S
29830,E
29832,S
29833,S
29835,S
29836,E
29840,S
29841,S
29842,S
29843,E
29846,S
29849,E
29850,S
29851,S
29854,S
29859,E
29862,E
29865,E
29866,E
29867,S
29871,S
29874,S
29875,E
29876,S
29880,S
29883,S
29885,E
29886,E
29888,E
29898,S
29900,S
29901,S
29902,S
29905,S
29906,E
29907,S
29908,E
29909,E
29912,S
29914,E
29920,S
29923,E
29924,S
29925,E
29926,E
29927,S
29928,S
29929,S
29930,E
29931,E
29933,S
29935,S
29936,S
29937,S
29938,S
29940,S
29941,E
29943,E
29944,S
29946,S
29947,S
29949,E
29952,S
29954,S
29956,S
29957,E
29958,S
29960,S
29961,S
29962,S
29965,S
29969,E
29972,S
29973,E
29975,S
29979,S
29982,S
29984,S
29985,E
29987,E
29988,E
29989,E
29994,S
29995,E
29996,E
29997,S
29998,S
29999,E
30001,S
30010,E
30011,S
30013,E
30019,S
30022,S
30023,E
30024,E
30025,E
30027,S
30028,S
30029,E
30030,E
30032,E
30033,S
30036,S
30037,E
30038,S
30043,S
30044,S
30046,S
30049,S
30050,E
30054,E
30055,S
30059,E
30061,S
30062,E
30065,E
30069,E
30073,S
30077,S
30078,S
30079,E
30081,E
30082,E
30085,S
30086,E
30089,S
30091,E
30092,S
30095,E
30097,S
30098,S
30100,S
30101,E
30102,S
30104,S
30106,E
30109,S
30111,S
30112,E
30115,S
30117,S
30120,S
30121,S
30123,E
30124,S
30131,E
30133,E
30134,S
30136,S
30137,E
30138,E
30139,S
30140,E
30148,S
30150,S
30154,S
30156,E
30157,S
30158,S
30159,S
30161,S
30162,S
30163,S
30164,E
30169,S
30171,S
30172,S
30173,E
30174,E
30175,S
30179,S
30180,S
30182,S
30184,S
30186,E
30187,S
30191,E
30193,E
30195,S
30198,S
30199,E
30200,E
30201,S
30202,S
30203,S
30204,S
30206,S
30208,S
30211,S
30212,S
30213,S
30215,E
30216,S
30221,S
30222,E
30226,S
30231,S
30232,E
30235,E
30239,E
30240,S
30241,E
30242,S
30244,S
30249,E
30253,E
30255,E
30257,S
30260,S
30261,E
30264,S
30265,E
30267,E
30269,E
30270,S
30272,S
30274,E
30276,E
30277,E
30278,E
30279,S
30283,E
30284,E
30286,E
30288,S
30289,E
30290,S
30291,E
30292,S
30294,S
30298,E
30303,S
30304,E
30307,E
30309,S
30310,S
30311,S
30312,S
30313,S
30316,S
30317,E
30320,E
30321,S
30322,E
30324,S
30325,S
30327,S
30329,E
30330,E
30334,E
30335,S
30337,E
30340,S
30342,S
30343,S
30345,S
30346,E
30347,S
30348,S
30349,S
30350,S
30351,S
30352,E
30354,S
30356,S
30358,E
30361,E
30362,S
30367,S
30368,S
30369,S
30370,S
30377,E
30379,S
30380,S
30382,S
30383,S
30384,S
30386,S
30388,S
30389,S
30391,S
30392,S
30394,S
30395,S
30400,S
30401,S
30402,S
30403,S
30404,S
30405,S
30406,E
30410,S
30414,S
30415,E
30416,S
30417,E
30418,S
30419,E
30420,E
30421,E
30422,E
30423,S
30425,S
30426,S
30428,S
30429,S
30431,S
30432,S
30434,S
30436,E
30437,E
30438,S
30440,E
30445,A
30448,E
30449,S
30450,E
30451,E
30454,E
30456,S
30458,S
30460,E
30461,E
30463,S
30464,S
30467,E
30468,S
30469,S
30470,S
30472,E
30473,S
30475,E
30478,S
30479,E
30481,S
30482,S
30484,E
30489,S
30492,S
30494,S
30495,S
30497,S
30498,S
30500,S
30502,S
30503,S
30504,S
30505,S
30507,E
30508,E
30514,E
30515,S
30518,E
30520,S
30521,E
30522,E
30532,S
30534,E
30537,E
30538,E
30539,E
30541,E
30542,E
30543,E
30544,E
30546,E
30549,E
30550,S
30551,E
30555,E
30557,S
30558,S
30559,E
30561,S
30562,E
30563,E
30568,E
30569,E
30570,S
30571,E
30572,S
30573,E
30576,E
30577,E
30579,S
30581,E
30582,S
30585,E
30586,E
30589,E
30590,E
30592,E
30596,E
30597,E
30601,E
30604,E
30605,E
30607,E
30608,E
30609,E
30611,S
30612,S
30619,E
30620,S
30623,S
30624,S
30628,S
30630,E
30632,S
30633,E
30635,S
30636,E
30637,S
30640,E
30641,S
30642,S
30645,S
30647,E
30648,S
30650,E
30651,E
30652,S
30657,S
30658,E
30659,E
30660,S
30661,E
30662,S
30663,E
30665,S
30666,E
30667,E
30668,E
30669,S
30671,E
30672,S
30673,S
30677,E
30679,E
30680,E
30681,E
30684,E
30688,S
30689,E
30690,S
30691,S
30695,S
30696,E
30698,E
30703,S
30705,S
30708,S
30711,S
30712,S
30716,S
30717,E
30721,S
30724,S
30726,E
30730,E
30731,S
30734,E
30739,E
30743,S
30746,S
30748,E
30749,S
30750,S
30751,S
30754,E
30755,E
30756,E
30757,S
30761,S
30763,E
30766,E
30767,E
30768,S
30769,S
30770,S
30772,S
30774,E
30776,E
30778,S
30779,S
30780,S
30781,E
30785,S
30786,E
30787,S
30788,S
30790,S
30791,E
30793,E
30795,S
30797,S
30799,E
30800,S
30801,E
30802,S
30803,S
30804,S
30805,S
30806,S
30807,E
30808,E
30809,S
30811,S
30814,S
30815,S
30821,S
30822,E
30824,S
30825,S
30826,E
30828,S
30833,E
30836,S
30837,E
30838,E
30840,S
30842,S
30843,S
30846,S
30847,E
30849,E
30851,S
30853,S
30855,E
30856,S
30857,E
30858,S
30859,S
30860,S
30861,S
30862,S
30863,E
30867,S
30868,S
30871,E
30875,E
30879,E
30880,S
30881,S
30882,E
30883,S
30884,E
30887,E
30888,E
30890,E
30895,S
30896,S
30898,E
30901,S
30903,E
30904,S
30905,S
30906,E
30909,E
30910,E
30911,S
30912,S
30913,S
30914,S
30915,S
30917,S
30918,S
30920,S
30922,E
30923,E
30924,E
30925,S
30928,E
30929,S
30931,E
30932,S
30937,E
30939,E
30940,S
30942,S
30944,E
30945,S
30947,S
30949,E
30950,S
30954,E
30960,E
30962,S
30966,E
30967,E
30969,S
30970,E
30976,S
30977,E
30978,E
30979,E
30980,E
30982,E
30983,E
30985,E
30987,E
30988,S
30991,S
30992,S
30995,E
30996,S
30997,S
31000,S
31001,E
31005,S
31009,E
31013,S
31014,E
31017,S
31019,S
31020,E
31021,S
31022,S
31025,E
31028,E
31029,S
31032,S
31033,E
31034,E
31036,E
31038,E
31039,S
31040,E
31041,E
31042,S
31043,S
31044,E
31045,S
31049,S
31051,E
31053,S
31054,S
31056,S
31059,E
31060,S
31061,S
31063,S
31064,S
31065,S
31067,E
31071,E
31075,S
31076,S
31078,S
31080,S
31083,S
31085,S
31087,E
31089,S
31090,E
31091,E
31095,S
31102,E
31105,E
31108,S
31111,S
31115,S
31116,S
31117,S
31121,E
31122,S
31123,E
31124,S
31127,S
31131,E
31132,S
31136,E
31137,E
31138,E
31144,S
31146,E
31147,E
31148,E
31149,E
31150,S
31151,S
31153,E
31154,S
31155,S
31156,S
31157,S
31160,E
31161,E
31163,S
31168,S
31169,E
31170,E
31171,S
31173,S
31174,S
31177,S
31178,E
31179,E
31182,S
31183,S
31184,S
31186,S
31188,E
31190,E
31193,E
31194,S
31195,E
31197,E
31198,S
31199,S
31200,S
31203,E
31205,E
31208,S
31210,E
31211,E
31212,E
31213,E
31214,E
31217,E
31218,S
31220,E
31222,E
31223,S
31225,E
31228,E
31230,S
31236,S
31238,S
31239,S
31240,E
31241,S
31242,E
31243,S
31245,E
31246,E
31252,S
31254,S
31255,S
31257,S
31258,S
31266,E
31267,S
31268,S
31270,S
31272,S
31273,S
31277,S
31282,E
31283,S
31284,E
31285,E
31286,S
31290,E
31292,S
31294,E
31297,S
31299,E
31300,E
31301,E
31302,E
31303,E
31305,S
31306,S
31307,E
31309,S
31310,E
31312,S
31317,S
31318,E
31319,S
31320,S
31323,E
31325,S
31326,E
31328,S
31329,E
31331,E
31333,E
31335,S
31336,E
31337,E
31339,E
31340,E
31343,E
31345,E
31348,E
31349,S
31351,S
31354,E
31356,S
31357,E
31358,S
31360,S
31361,S
31362,S
31363,S
31364,S
31365,S
31366,E
31368,E
31371,S
31372,S
31373,S
31374,S
31377,S
31378,S
31385,E
31391,S
31392,E
31393,S
31394,E
31398,S
31400,E
31401,S
31402,S
31404,E
31405,S
31407,E
31408,E
31410,E
31411,S
31412,E
31414,E
31416,S
31417,E
31420,E
31422,S
31424,E
31425,E
31426,S
31427,S
31429,S
31430,E
31431,S
31432,S
31436,E
31439,S
31441,S
31442,S
31443,E
31445,E
31446,S
31447,E
31448,E
31450,S
31451,S
31453,S
31454,S
31455,S
31456,E
31458,E
31460,E
31462,S
31464,E
31465,S
31466,E
31468,E
31469,S
31471,S
31472,S
31474,S
31475,E
31477,S
31478,S
31479,E
31481,S
31483,E
31484,E
31490,E
31491,E
31492,E
31493,S
31494,E
31495,S
31496,S
31497,E
31503,E
31505,S
31508,E
31513,E
31514,S
31515,E
31517,S
31519,E
31520,S
31521,E
31524,E
31525,S
31526,S
31528,S
31529,S
31530,E
31531,E
31534,S
31535,S
31536,E
31537,E
31538,S
31539,S
31542,S
31544,E
31545,S
31546,S
31547,S
31548,E
31550,S
31551,S
31553,S
31556,E
31557,E
31558,E
31561,S
31562,S
31564,S
31565,E
31567,S
31568,E
31573,S
31579,E
31581,E
31584,E
31586,E
31587,S
31588,E
31589,E
31591,E
31592,E
31594,S
31595,E
31598,S
31599,S
31601,E
31604,S
31605,S
31606,E
31610,S
31613,E
31614,E
31616,S
31617,E
31621,S
31628,E
31629,E
31630,E
31631,E
31633,E
31634,S
31635,S
31636,E
31638,S
31639,E
31641,E
31642,S
31643,E
31644,E
31645,E
31646,S
31649,S
31651,S
31652,S
31653,S
31656,S
31657,S
31660,S
31662,S
31664,E
31665,S
31666,S
31667,E
31668,E
31669,S
31670,S
31672,S
31674,S
31676,E
31678,S
31680,S
31681,S
31682,E
31683,S
31684,S
31685,S
31687,S
31688,S
31691,E
31693,E
31696,S
31698,S
31700,E
31703,E
31704,E
31707,S
31709,S
31711,E
31713,E
31714,E
31720,S
31721,S
31725,E
31727,E
31729,E
31730,E
31732,E
31734,E
31736,S
31737,S
31738,E
31739,S
31740,S
31744,S
31745,E
31746,E
31747,S
31748,S
31749,S
31751,E
31752,E
31753,E
31754,S
31757,E
31760,E
31762,S
31763,S
31764,E
31765,S
31767,S
31769,S
31770,S
31773,S
31774,S
31776,E
31777,E
31778,E
31779,E
31780,S
31781,S
31782,E
31783,S
31785,E
31790,S
31796,S
31802,E
31804,S
31806,E
31808,S
31810,S
31811,S
31812,E
31814,S
31815,S
31819,S
31822,E
31825,E
31828,S
31829,E
31831,E
31833,E
31835,E
31836,S
31837,E
31838,E
31841,E
31842,S
31844,S
31845,S
31847,S
31849,E
31850,S
31851,S
31853,E
31855,E
31856,S
31857,E
31858,E
31859,S
31865,S
31866,E
31868,S
31873,E
31874,S
31875,E
31876,S
31877,S
31879,S
31880,S
31881,E
31883,S
31884,E
31886,E
31887,S
31888,S
31889,E
31891,S
31892,S
31894,S
31896,E
31897,S
31899,E
31900,S
31902,S
31903,E
31904,E
31905,E
31906,S
31911,E
31912,S
31916,S
31917,S
31918,S
31921,S
31922,E
31923,S
31924,S
31928,E
31930,E
31931,S
31932,E
31935,S
31936,S
31937,E
31939,E
31940,S
31941,S
31943,E
31945,S
31948,E
31949,E
31950,E
31951,E
31952,E
31953,E
31954,E
31959,S
31960,S
31962,S
31966,S
31972,S
31973,S
31974,E
31976,S
31977,E
31980,S
31982,S
31985,E
31990,E
31992,S
31993,E
31994,S
31996,S
31997,E
31998,E
32001,E
32004,S
32005,E
32006,S
32007,S
32013,S
32014,S
32017,E
32018,S
32019,S
32021,S
32023,S
32026,E
32030,S
32031,S
32035,E
32036,S
32038,S
32039,E
32040,E
32041,S
32044,S
32046,E
32048,E
32049,E
32051,E
32052,E
32053,S
32057,E
32058,E
32060,E
32061,E
32062,S
32063,S
32066,S
32068,E
32070,S
32071,S
32074,E
32075,S
32076,S
32077,S
32078,E
32080,S
32082,E
32085,S
32086,S
32089,E
32090,E
32092,E
32094,S
32095,S
32097,E
32099,E
32101,S
32102,E
32103,S
32104,E
32105,E
32107,S
32108,S
32109,S
32110,E
32111,E
32114,E
32115,S
32116,E
32117,E
32118,S
32120,S
32121,S
32123,E
32124,S
32128,S
32130,E
32133,S
32134,S
32137,E
32138,E
32139,S
32143,S
32144,E
32148,S
32151,S
32153,E
32155,S
32157,S
32159,S
32160,E
32161,S
32164,E
32165,S
32167,E
32170,S
32171,S
32172,E
32176,S
32177,S
32178,S
32180,S
32183,S
32187,S
32189,E
32194,S
32195,E
32196,S
32197,E
32198,E
32200,E
32201,E
32204,E
32205,S
32206,S
32208,E
32210,E
32211,E
32212,S
32213,S
32216,S
32217,E
32220,A
32222,S
32223,E
32226,S
32228,E
32230,S
32232,S
32233,S
32235,S
32237,E
32238,S
32240,S
32241,S
32243,E
32246,E
32247,S
32248,E
32251,S
32257,S
32258,S
32259,S
32262,E
32265,S
32266,S
32267,E
32268,S
32270,S
32273,S
32280,S
32281,S
32288,E
32290,S
32292,S
32293,S
32294,E
32298,E
32299,E
32300,S
32301,S
32303,S
32304,S
32305,S
32307,E
32308,S
32310,E
32314,E
32316,S
32324,S
32326,S
32329,E
32330,S
32332,S
32334,S
32335,S
32337,S
32339,E
32340,S
32342,E
32345,S
32346,S
32348,S
32349,S
32350,E
32351,S
32354,E
32355,E
32356,S
32358,E
32362,E
32366,S
32368,S
32369,S
32370,S
32373,S
32376,S
32377,E
32379,E
32382,E
32384,E
32400,S
32401,S
32404,E
32405,E
32407,S
32409,S
32410,S
32411,E
32412,S
32416,S
32418,S
32419,E
32420,E
32423,S
32425,S
32430,S
32432,S
32435,E
32437,S
32438,S
32439,E
32440,S
32441,E
32443,S
32447,S
32448,S
32451,S
32452,E
32454,S
32455,S
32457,E
32458,S
32460,S
32461,S
32463,E
32464,E
32467,S
32468,S
32469,S
32474,E
32476,S
32478,S
32479,S
32480,S
32482,S
32483,E
32484,E
32485,S
32487,E
32489,S
32490,S
32496,E
32497,S
32498,E
32499,S
32500,S
32502,S
32503,S
32506,E
32509,E
32511,S
32512,E
32513,E
32514,E
32516,S
32517,S
32520,E
32522,S
32523,E
32525,S
32529,S
32532,S
32533,S
32534,S
32535,S
32536,E
32537,E
32539,E
32541,E
32542,S
32543,S
32544,E
32557,E
32558,E
32560,S
32563,S
32564,E
32565,E
32567,S
32576,S
32577,S
32578,E
32579,S
32581,S
32582,E
32583,E
32585,S
32586,E
32587,S
32590,S
32591,E
32592,E
32593,S
32595,E
32596,E
32600,S
32603,E
32604,S
32608,S
32611,S
32612,S
32617,S
32618,E
32622,E
32623,S
32625,S
32627,E
32630,E
32631,E
32633,E
32634,E
32635,E
32637,E
32638,S
32639,E
32640,S
32642,S
32647,E
32648,E
32649,E
32650,E
32651,S
32654,E
32655,S
32657,S
32658,S
32660,S
32661,S
32663,E
32667,E
32668,S
32670,S
32671,S
32672,E
32674,E
32676,S
32680,E
32684,S
32685,S
32689,S
32691,E
32696,E
32697,E
32699,S
32701,S
32705,E
32713,E
32715,S
32717,S
32719,S
32724,E
32725,S
32726,E
32727,E
32734,S
32737,E
32738,E
32739,E
32741,E
32743,S
32748,S
32754,S
32758,E
32759,E
32763,S
32765,E
32769,S
32776,E
32777,S
32778,E
32779,E
32780,E
32781,S
32782,S
32789,A
32790,E
32792,S
32794,S
32795,E
32796,S
32797,S
32798,S
32799,S
32803,S
32804,E
32805,S
32810,S
32813,E
32815,S
32817,E
32819,S
32820,E
32821,E
32823,S
32824,S
32826,E
32827,S
32828,E
32832,E
32833,S
32845,E
32850,S
32855,E
32856,S
32857,E
32858,E
32862,S
32863,S
32865,E
32866,E
32868,S
32869,E
32870,S
32873,S
32874,E
32875,E
32876,E
32877,S
32883,S
32884,E
32885,E
32886,S
32887,S
32891,S
32892,S
32893,E
32894,E
32895,S
32897,S
32898,S
32904,E
32905,E
32908,S
32909,E
32910,S
32911,S
32916,S
32917,E
32920,S
32921,E
32922,S
32923,S
32925,E
32927,S
32928,E
32929,E
32936,S
32937,E
32938,E
32939,E
32940,E
32941,E
32944,E
32945,S
32947,E
32949,E
32950,S
32954,S
32956,S
32957,S
32958,S
32959,E
32960,E
32961,S
32964,E
32965,E
32967,S
32968,S
32970,E
32971,E
32972,E
32973,E
32975,S
32976,S
32977,S
32978,S
32979,S
32980,E
32982,S
32983,E
32984,S
32986,S
32987,E
32989,S
32990,E
32993,S
32995,S
32996,S
32997,S
33005,S
33007,E
33008,E
33009,S
33010,S
33012,S
33013,S
33015,S
33019,E
33020,S
33021,S
33022,E
33023,S
33024,S
33025,S
33027,S
33028,S
33029,S
33031,E
33032,S
33034,E
33036,S
33039,E
33040,S
33042,E
33043,S
33045,S
33047,E
33048,S
33051,S
33052,E
33053,E
33055,E
33116,E
33117,S
33119,S
33120,E
33121,S
33122,S
33123,E
33125,E
33126,S
33129,S
33133,E
33135,S
33136,S
33137,E
33138,E
33144,E
33145,S
33148,S
33150,S
33151,S
33154,S
33155,E
33160,S
33161,E
33163,S
33165,S
33166,S
33169,S
33172,S
33175,S
33176,S
33177,S
33178,E
33179,S
33181,S
33183,S
33187,E
33188,E
33189,S
33194,E
33196,S
33197,E
33198,E
33199,S
33200,S
33202,S
33203,S
33204,E
33205,E
33206,S
33207,S
33281,E
33283,S
33284,E
33292,S
33293,E
33295,E
33299,S
33301,E
33304,S
33305,S
33308,E
33309,S
33310,S
33316,S
33317,S
33321,S
33325,S
33326,E
33328,E
33329,E
33331,E
33332,S
33334,E
33338,S
33339,S
33341,S
33343,E
33345,E
33347,S
33353,E
33355,E
33359,S
33361,S
33363,S
33364,S
33365,E
33366,S
33368,S
33369,S
33452,E
33453,E
33454,S
33455,S
33457,E
33459,E
33462,E
33467,S
33469,E
33470,A
33471,E
33474,S
33476,E
33477,S
33478,E
33479,E
33481,S
33482,S
33484,S
33485,E
33488,S
33489,S
33491,S
33494,S
33495,S
33496,S
33498,E
33499,S
33500,S
33503,S
33505,E
33506,S
33507,E
33508,S
33510,E
33511,S
33512,S
33514,S
33516,S
33517,S
33519,E
33521,S
33522,S
33523,S
33525,S
33526,S
33527,E
33528,S
33529,S
33530,E
33536,S
33537,S
33540,S
33542,E
33544,S
33548,S
33549,S
33551,S
33553,E
33554,S
33555,S
33556,S
33557,E
33559,S
33562,E
33564,E
33565,S
33567,S
33611,E
33612,E
33614,S
33615,S
33616,S
33618,S
33620,S
33622,S
33623,E
33624,E
33626,S
33628,E
33630,S
33631,S
33633,S
33637,E
33639,S
33640,S
33643,A
33644,E
33646,S
33648,E
33650,E
33652,S
33653,E
33656,E
33657,E
33659,E
33660,E
33664,E
33666,S
33668,E
33669,S
33674,E
33675,E
33678,E
33681,E
33684,S
33686,E
33690,S
33691,S
33694,S
33696,S
33698,E
33699,E
33700,S
33701,E
33703,E
33706,S
33707,S
33711,S
33717,S
33719,E
33721,S
33722,S
33724,S
33726,S
33727,E
33730,E
33731,S
33739,S
33740,E
33741,S
33743,S
33744,S
33746,S
33747,S
33749,S
33750,S
33751,S
33753,E
33754,E
33755,E
33756,E
33757,E
33758,S
33759,S
33761,E
33764,S
33765,E
33768,E
33776,E
33777,S
33778,E
33779,S
33780,S
33782,S
33784,S
33787,S
33789,E
33791,E
33792,S
33795,S
33797,S
33798,E
33799,E
33802,S
33803,E
33806,S
33807,S
33808,S
33809,E
33811,E
33812,E
33814,S
33815,S
33819,E
33821,S
33828,S
33829,E
33830,E
33832,S
33833,E
33835,S
33836,E
33842,S
33843,S
33844,S
33846,S
33848,S
33849,E
33850,S
33851,S
33852,E
33853,E
33856,S
33857,S
33861,S
33865,E
33866,E
33869,E
33870,S
33872,S
33873,S
33874,E
33875,E
33879,E
33880,E
33881,S
33882,E
33883,S
33884,S
33886,S
33887,S
33889,S
33891,S
33894,S
33895,E
33896,S
33897,E
33898,S
33899,S
33900,S
33901,E
33902,S
33904,S
33905,S
33906,E
33910,E
33911,S
33912,E
33913,S
33914,E
33915,S
33917,S
33919,S
33922,E
33924,E
33925,S
33927,E
33928,S
33930,E
33931,S
33935,S
33936,E
33938,E
33940,E
33945,S
33946,E
33948,S
33949,E
33953,E
33958,E
33959,S
33961,E
33962,S
33964,S
33966,S
33968,E
33969,S
33970,S
33976,S
33977,E
33980,S
33981,S
33982,E
33984,E
33985,E
33988,E
33991,S
33994,E
33995,E
33996,E
34001,E
34002,E
34003,S
34005,E
34006,E
34008,E
34009,S
34012,E
34013,E
34014,E
34018,E
34019,S
34021,E
34022,E
34028,E
34029,S
34030,E
34031,E
34032,S
34036,E
34041,S
34044,E
34045,E
34047,S
34049,E
34054,E
34055,S
34058,E
34059,S
34060,S
34062,S
34065,E
34067,S
34068,E
34069,S
34071,E
34075,E
34076,E
34077,S
34078,S
34084,S
34085,S
34091,E
34095,S
34102,E
34104,S
34111,S
34112,S
34114,S
34115,E
34117,E
34118,E
34119,S
34120,S
34121,S
34122,E
34123,S
34124,S
34125,S
34128,S
34132,S
34133,S
34135,E
34136,S
34137,S
34139,E
34143,S
34145,E
34146,S
34148,E
34150,S
34152,S
34158,S
34159,S
34160,E
34165,E
34166,E
34167,S
34170,S
34171,S
34173,S
34178,S
34179,S
34181,E
34182,E
34185,E
34186,S
34188,S
34190,S
34191,S
34192,E
34194,S
34196,S
34198,S
34199,S
34200,S
34202,E
34204,E
34207,S
34211,E
34213,E
34214,E
34215,S
34216,S
34220,S
34221,E
34224,E
34226,E
34227,S
34228,E
34230,S
34231,E
34233,S
34234,S
34236,S
34238,S
34242,E
34243,E
34245,S
34246,S
34247,S
34248,E
34250,S
34252,E
34253,S
34254,S
34255,S
34256,S
34258,S
34259,S
34260,E
34261,E
34264,S
34271,S
34273,S
34274,S
34275,S
34276,S
34277,S
34280,E
34283,S
34284,S
34285,E
34289,S
34291,E
34293,E
34295,E
34296,E
34298,E
34301,E
34306,E
34308,S
34309,E
34310,E
34314,E
34315,S
34316,S
34317,S
34318,E
34319,S
34321,E
34322,S
34323,S
34324,E
34326,S
34328,S
34329,E
34330,S
34333,E
34334,E
34335,E
34337,E
34338,E
34342,S
34345,S
34346,S
34348,E
34351,S
34355,S
34359,E
34360,S
34361,S
34362,S
34363,S
34364,S
34365,S
34366,E
34367,S
34368,S
34369,S
34371,S
34373,E
34374,S
34375,S
34377,S
34378,E
34379,S
34380,S
34383,E
34387,S
34391,S
34393,E
34396,S
34398,S
34399,E
34400,S
34401,S
34403,E
34406,S
34407,E
34409,S
34412,S
34414,S
34415,S
34416,E
34418,S
34419,S
34422,E
34424,S
34427,S
34428,E
34430,S
34432,E
34434,S
34438,E
34439,E
34441,S
34444,E
34452,S
34456,S
34459,S
34460,E
34461,S
34462,E
34466,S
34467,E
34472,E
34475,E
34476,E
34478,E
34480,S
34481,S
34482,E
34483,E
34484,S
34485,S
34486,E
34490,S
34492,S
34494,E
34495,S
34497,E
34498,S
34499,E
34501,E
34502,S
34505,E
34506,S
34509,E
34510,S
34512,S
34514,A
34527,S
34531,S
34538,S
34540,S
34542,S
34543,E
34544,S
34545,E
34550,E
34552,S
34553,S
34554,E
34555,S
34559,S
34560,E
34562,E
34564,E
34569,E
34570,S
34572,S
34576,E
34578,E
34580,E
34582,E
34587,E
34588,E
34593,S
34594,E
34595,E
34598,S
34599,S
34601,E
34602,S
34603,E
34606,S
34607,E
34608,S
34610,E
34611,E
34612,S
34614,S
34618,E
34620,E
34621,S
34622,S
34624,S
34626,S
34628,S
34631,S
34632,S
34634,S
34637,S
34638,S
34639,S
34642,S
34643,S
34644,E
34645,E
34646,S
34652,E
34653,S
34654,E
34655,E
34657,E
34660,E
34662,S
34663,E
34664,S
34667,S
34668,S
34669,S
34672,S
34673,E
34680,S
34681,S
34683,E
34685,S
34686,S
34687,E
34689,E
34692,S
34693,E
34694,S
34695,E
34696,S
34697,E
34698,S
34699,E
34701,S
34703,E
34705,E
34706,E
34708,E
34709,S
34711,S
34712,S
34713,S
34714,S
34715,E
34717,S
34718,S
34719,S
34721,S
34723,E
34724,E
34726,S
34730,S
34731,E
34732,S
34733,E
34734,E
34737,S
34738,E
34739,E
34740,S
34741,E
34745,E
34746,E
34747,S
34748,S
34749,E
34750,E
34751,S
34752,S
34753,E
34755,E
34759,S
34762,S
34763,E
34764,E
34766,S
34770,E
34771,S
34772,S
34777,E
34778,S
34780,S
34783,E
34784,E
34785,E
34787,S
34790,E
34791,S
34793,E
34795,S
34797,S
34798,S
34801,E
34803,S
34805,E
34806,S
34807,S
34811,S
34817,E
34818,S
34820,S
34821,S
34822,E
34823,S
34824,E
34825,S
34826,S
34827,S
34828,E
34829,E
34830,E
34831,S
34834,S
34838,S
34841,S
34842,S
34843,E
34846,S
34849,S
34852,E
34854,E
34856,S
34857,S
34861,E
34864,S
34865,E
34867,S
34869,S
34870,E
34872,S
34873,S
34875,S
34876,S
34877,S
34878,S
34879,E
34881,S
34882,S
34883,E
34886,S
34888,E
34892,E
34894,E
34896,E
34897,S
34899,S
34900,S
34902,S
34903,S
34906,S
34908,S
34910,S
34911,S
34915,S
34917,E
34918,E
34920,S
34921,E
34922,E
34923,E
34924,S
34925,S
34926,E
34927,S
34931,E
34932,E
34934,E
34935,S
34937,E
34938,E
34940,S
34942,S
34945,S
34946,E
34948,E
34949,E
34951,E
34953,S
34955,E
34956,E
34957,E
34960,S
34966,S
34968,S
34969,S
34970,E
34971,S
34973,S
34974,S
34975,E
34976,S
34977,S
34979,S
34980,S
34981,S
34984,S
34985,S
34987,E
34988,E
34989,E
34990,E
34991,E
34993,E
34994,S
34995,E
34997,E
35001,E
35002,S
35003,E
35004,E
35005,S
35006,S
35008,E
35009,S
35013,E
35015,E
35019,E
35023,E
35024,S
35025,E
35030,E
35031,S
35033,S
35034,S
35036,S
35037,S
35038,S
35039,S
35041,S
35044,E
35047,S
35051,S
35052,S
35056,S
35061,S
35068,E
35069,S
35071,S
35072,E
35073,E
35075,S
35077,E
35078,S
35079,S
35080,E
35082,S
35084,S
35085,E
35088,S
35089,S
35092,S
35093,S
35094,S
35095,E
35097,E
35099,S
35100,E
35101,E
35108,E
35109,E
35110,S
35111,S
35115,E
35117,E
35121,S
35122,S
35127,E
35128,E
35133,E
35137,S
35138,E
35139,S
35140,E
35141,S
35144,S
35148,S
35149,E
35151,S
35154,E
35156,S
35157,E
35158,S
35159,S
35163,S
35164,S
35165,E
35166,S
35168,S
35172,S
35174,E
35175,S
35176,S
35180,S
35181,E
35182,E
35183,E
35185,E
35187,S
35189,E
35190,E
35191,E
35192,S
35195,E
35196,S
35197,E
35198,E
35199,S
35201,S
35204,E
35205,S
35210,E
35212,E
35214,E
35215,S
35220,E
35221,S
35222,E
35224,E
35225,E
35226,S
35227,E
35229,E
35233,E
35234,E
35235,S
35236,S
35238,S
35240,S
35242,E
35246,S
35248,E
35252,S
35253,S
35261,E
35262,S
35264,S
35265,S
35266,S
35270,S
35275,S
35276,S
35279,E
35281,S
35283,S
35284,S
35285,E
35286,S
35287,S
35288,S
35290,E
35291,E
35292,S
35294,S
35296,S
35297,S
35299,S
35301,E
35303,E
35305,S
35308,S
35310,S
35313,S
35315,S
35318,E
35319,S
35321,E
35322,E
35323,S
35325,S
35326,S
35330,S
35331,E
35332,S
35333,E
35338,S
35339,E
35342,E
35343,S
35344,E
35345,S
35346,E
35349,S
35350,E
35351,S
35354,S
35359,S
35361,E
35362,S
35364,E
35365,S
35370,S
35374,S
35375,E
35378,E
35381,S
35382,S
35383,E
35385,E
35386,S
35387,S
35388,E
35389,S
35390,E
35394,S
35395,S
35399,E
35402,E
35403,E
35404,E
35406,S
35407,S
35408,S
35412,E
35414,S
35415,E
35417,E
35419,S
35423,S
35425,S
35426,S
35427,E
35428,S
35429,E
35432,E
35433,S
35434,S
35435,E
35436,S
35438,S
35439,E
35440,E
35442,E
35444,S
35445,E
35448,E
35452,E
35453,S
35454,E
35456,S
35458,S
35460,E
35461,S
35462,S
35463,S
35465,E
35466,S
35471,S
35472,S
35473,S
35475,E
35476,E
35477,S
35478,S
35483,S
35484,E
35485,E
35492,S
35493,E
35500,S
35502,S
35506,S
35507,S
35510,E
35511,S
35512,E
35515,E
35516,E
35517,E
35518,E
35519,S
35521,S
35523,S
35524,S
35526,S
35527,S
35528,E
35529,S
35530,E
35531,S
35534,S
35535,S
35536,E
35537,S
35539,S
35541,E
35542,S
35543,E
35544,S
35545,S
35546,E
35548,S
35553,S
35554,E
35555,S
35559,S
35560,S
35561,S
35564,E
35566,S
35567,E
35569,E
35570,S
35571,E
35572,S
35574,E
35579,S
35580,S
35581,S
35583,S
35585,S
35586,S
35588,S
35589,E
35594,E
35596,E
35597,S
35598,S
35602,E
35608,S
35612,S
35614,E
35615,S
35618,S
35621,E
35624,E
35626,E
35627,E
35630,S
35633,S
35638,E
35647,S
35648,S
35649,E
35650,E
35655,E
35657,S
35658,S
35659,S
35661,E
35666,S
35668,S
35669,E
35670,S
35675,S
35676,S
35678,E
35679,S
35680,E
35682,E
35683,S
35684,S
35686,S
35688,S
35690,E
35691,S
35694,S
35696,E
35697,E
35698,E
35699,S
35701,S
35703,E
35707,S
35708,E
35709,E
35716,S
35717,S
35718,S
35719,S
35720,E
35723,E
35725,S
35727,E
35728,S
35730,E
35732,E
35734,E
35735,S
35738,E
35742,E
35745,E
35746,S
35747,S
35750,S
35752,E
35756,E
35760,E
35762,S
35764,E
35768,E
35770,E
35774,S
35776,S
35779,E
35780,E
35781,E
35782,S
35785,S
35786,S
35788,S
35790,S
35791,E
35792,E
35796,E
35798,E
35800,S
35801,S
35803,S
35806,S
35809,E
35812,E
35813,S
35815,S
35816,S
35817,S
35818,S
35821,S
35823,S
35827,S
35829,S
35831,S
35833,S
35834,S
35835,S
35838,S
35839,E
35840,S
35844,E
35846,S
35847,S
35848,S
35849,S
35850,S
35852,E
35853,E
35857,E
35858,S
35860,S
35863,E
35864,E
35865,S
35866,E
35871,S
35872,S
35873,E
35875,E
35879,S
35881,E
35884,E
35887,S
35890,S
35891,S
35892,E
35897,S
35898,E
35900,E
35902,S
35907,S
35908,E
35909,S
35912,E
35913,E
35914,S
35915,S
35916,S
35918,S
35919,E
35923,S
35924,S
35925,S
35926,S
35927,E
35928,S
35931,S
35933,E
35934,E
35936,S
35939,S
35940,E
35941,E
35944,S
35947,S
35949,S
35950,E
35951,S
35952,S
35954,S
35956,S
35958,S
35959,S
35960,E
35961,E
35962,S
35963,E
35964,S
35966,E
35967,E
35968,S
35969,S
35970,S
35971,S
35972,S
35973,E
35974,E
35975,E
35977,E
35978,S
35979,E
35981,E
35983,S
35984,E
35985,S
35986,E
35987,S
35988,S
35989,E
35990,E
35991,E
35993,S
35995,S
35998,E
36000,E
36001,E
36002,S
36003,S
36024,S
36025,E
36026,S
36027,S
36028,S
36030,S
36032,S
36033,E
36035,S
36036,E
36040,S
36042,S
36044,S
36045,S
36046,E
36048,S
36049,S
36050,E
36051,E
36052,S
36055,S
36058,S
36062,E
36063,S
36072,S
36075,S
36078,E
36079,S
36081,S
36082,S
36083,S
36087,E
36088,A
36096,E
36097,S
36100,S
36101,S
36102,S
36103,E
36104,S
36105,E
36106,S
36109,E
36110,S
36111,S
36113,E
36115,E
36116,E
36118,E
36119,E
36120,S
36121,E
36122,E
36123,S
36126,S
36128,S
36129,S
36130,S
36131,S
36133,S
36134,E
36135,S
36138,S
36141,E
36142,S
36143,S
36147,S
36149,E
36152,S
36154,S
36155,E
36156,S
36158,S
36159,E
36163,S
36164,E
36167,E
36168,E
36170,E
36171,E
36172,S
36173,E
36176,E
36177,S
36179,S
36180,E
36181,S
36182,E
36183,E
36184,E
36186,E
36187,S
36188,E
36190,S
36192,S
36193,E
36194,S
36195,S
36196,E
36199,E
36200,S
36203,E
36205,S
36208,S
36210,E
36216,S
36217,S
36218,E
36219,S
36220,S
36221,S
36225,E
36227,E
36229,E
36230,E
36232,E
36233,S
36234,S
36235,E
36236,S
36237,S
36245,S
36249,E
36253,S
36254,S
36255,E
36258,S
36259,S
36260,S
36261,S
36262,S
36264,S
36268,E
36269,S
36270,S
36272,E
36274,S
36277,S
36279,E
36281,E
36282,S
36283,E
36285,S
36286,E
36289,S
36290,S
36292,S
36293,S
36294,E
36295,E
36296,S
36297,S
36301,E
36302,E
36304,S
36305,S
36308,E
36311,E
36313,E
36314,S
36319,E
36322,S
36323,S
36329,S
36330,S
36331,E
36332,E
36333,E
36334,E
36336,E
36341,E
36343,E
36344,S
36346,E
36348,S
36350,S
36351,E
36352,E
36354,S
36355,S
36356,E
36358,E
36366,S
36369,S
36370,E
36371,E
36372,E
36373,S
36375,E
36377,S
36381,E
36383,S
36385,E
36386,E
36387,S
36389,S
36390,E
36391,E
36392,S
36393,E
36394,E
36397,E
36399,S
36407,S
36410,E
36412,S
36413,E
36414,S
36415,S
36416,E
36417,E
36418,S
36419,E
36420,S
36423,S
36425,E
36427,S
36429,E
36431,E
36432,S
36434,S
36438,E
36439,E
36441,S
36443,E
36444,S
36445,S
36446,E
36448,E
36450,E
36451,S
36453,S
36454,S
36456,S
36458,S
36460,E
36461,S
36462,S
36464,S
36466,E
36469,E
36471,S
36474,S
36477,E
36480,E
36487,S
36488,E
36490,E
36491,S
36492,S
36494,E
36498,S
36500,S
36501,S
36503,S
36504,S
36506,E
36507,E
36508,E
36509,S
36510,E
36512,E
36517,E
36519,E
36520,E
36521,E
36523,E
36524,E
36526,S
36527,S
36528,S
36531,E
36534,S
36536,S
36537,E
36544,E
36545,S
36546,E
36548,E
36550,E
36551,E
36555,E
36556,S
36557,E
36559,E
36560,S
36561,S
36563,E
36564,E
36565,S
36566,E
36568,E
36570,E
36571,E
36572,S
36573,E
36574,E
36577,E
36578,E
36579,S
36580,S
36582,S
36583,S
36586,S
36588,E
36589,S
36590,E
36591,S
36596,S
36599,S
36600,E
36601,E
36605,S
36606,E
36607,E
36608,E
36609,E
36610,S
36613,E
36614,S
36615,S
36617,S
36618,E
36619,S
36621,S
36622,S
36623,E
36628,S
36630,E
36631,S
36632,S
36634,S
36635,E
36636,S
36638,E
36642,E
36644,E
36645,S
36646,S
36647,S
36648,E
36649,E
36650,E
36651,S
36653,E
36654,E
36655,E
36657,E
36659,E
36662,S
36663,E
36664,E
36665,E
36666,E
36669,E
36670,S
36671,S
36672,E
36673,E
36674,S
36675,S
36677,E
36678,E
36679,S
36680,E
36683,E
36684,E
36685,E
36686,S
36687,S
36690,E
36692,E
36694,S
36695,E
36698,E
36700,S
36701,E
36704,E
36705,S
36706,E
36710,E
36715,S
36718,E
36720,S
36722,E
36723,S
36724,E
36726,E
36732,E
36735,E
36736,S
36737,S
36738,S
36739,E
36740,E
36741,S
36744,S
36745,E
36747,S
36748,S
36751,E
36752,S
36753,E
36755,S
36759,S
36762,E
36764,E
36765,E
36766,E
36767,E
36768,S
36769,E
36771,S
36772,S
36774,E
36775,E
36776,S
36777,S
36781,E
36782,S
36784,S
36785,S
36786,E
36788,E
36790,E
36791,E
36793,E
36797,S
36799,E
36801,E
36804,S
36809,E
36813,E
36814,E
36815,S
36820,S
36821,S
36822,E
36823,E
36825,S
36831,S
36832,E
36834,S
36835,E
36837,E
36839,S
36840,S
36842,E
36844,E
36845,E
36846,E
36848,E
36849,E
36851,S
36852,E
36856,S
36858,E
36860,E
36862,E
36863,S
36864,S
36868,S
36870,S
36871,E
36872,S
36873,S
36875,S
36876,S
36878,S
36880,S
36881,E
36882,S
36883,S
36886,A
36888,E
36889,S
36891,E
36893,S
36894,S
36897,S
36898,S
36900,S
36903,S
36904,E
36906,E
36907,S
36908,E
36910,E
36912,E
36914,S
36915,E
36917,S
36921,S
36922,S
36923,E
36927,S
36928,S
36929,S
36932,E
36937,S
36939,S
36941,S
36942,S
36943,S
36948,S
36950,E
36953,S
36954,E
36955,E
36960,E
36961,S
36962,S
36963,E
36965,S
36967,S
36969,S
36971,E
36973,S
36977,E
36979,E
36980,E
36981,E
36982,E
36984,E
36985,E
36986,E
36987,E
36988,E
36991,S
36995,S
36996,S
36999,E
37001,S
37002,E
37004,S
37005,E
37006,S
37012,E
37013,S
37014,S
37017,S
37018,E
37019,S
37021,S
37022,E
37023,E
37025,S
37026,E
37027,S
37028,S
37029,S
37030,S
37031,S
37032,E
37033,E
37036,S
37038,S
37039,S
37040,E
37044,E
37048,E
37050,S
37051,S
37052,S
37053,E
37054,E
37056,E
37057,S
37059,S
37061,S
37062,E
37064,S
37065,S
37067,E
37068,S
37069,E
37070,E
37076,S
37077,E
37078,S
37080,S
37081,E
37082,S
37085,S
37087,E
37088,S
37090,E
37091,E
37092,S
37095,E
37096,E
37097,S
37099,S
37100,S
37103,S
37104,E
37105,E
37107,S
37109,E
37110,S
37112,E
37113,S
37114,E
37116,E
37120,E
37122,E
37131,E
37133,E
37136,S
37139,S
37140,E
37143,S
37144,S
37145,S
37146,E
37148,S
37151,S
37152,E
37157,S
37158,E
37159,S
37163,E
37167,E
37168,E
37170,S
37171,E
37177,S
37179,E
37185,E
37187,S
37192,E
37195,S
37197,S
37199,E
37200,S
37201,S
37202,S
37204,S
37205,E
37207,E
37208,S
37209,E
37211,E
37212,S
37213,E
37214,S
37216,E
37217,E
37218,S
37219,S
37221,E
37223,E
37225,E
37226,E
37227,S
37230,E
37231,S
37233,S
37236,E
37237,E
37238,S
37240,S
37241,E
37242,E
37243,E
37244,S
37248,S
37249,E
37250,S
37251,E
37253,E
37254,E
37256,S
37257,S
37258,E
37259,E
37261,E
37262,S
37263,S
37264,E
37266,S
37268,E
37269,E
37270,E
37272,S
37274,S
37275,S
37276,S
37277,S
37278,S
37279,E
37281,S
37282,E
37284,E
37287,E
37288,S
37289,E
37292,S
37294,S
37295,S
37297,E
37298,E
37300,S
37301,E
37302,S
37303,E
37310,S
37311,E
37314,S
37316,E
37318,S
37321,S
37323,E
37324,E
37325,S
37326,E
37329,E
37331,S
37335,E
37337,E
37341,S
37342,S
37343,S
37344,E
37345,S
37346,E
37349,S
37351,S
37352,S
37354,E
37357,E
37358,S
37360,S
37361,S
37362,S
37363,E
37364,S
37366,S
37367,S
37372,S
37373,S
37375,E
37379,E
37384,S
37385,E
37389,S
37390,E
37395,S
37396,S
37397,E
37399,S
37400,S
37401,E
37402,E
37404,S
37405,S
37406,E
37407,S
37408,S
37409,E
37411,S
37413,E
37414,S
37416,S
37418,E
37420,E
37423,S
37424,S
37426,S
37427,S
37428,S
37431,S
37432,E
37433,E
37435,S
37436,E
37437,S
37438,E
37440,E
37443,E
37445,E
37447,S
37448,E
37449,S
37450,S
37452,S
37455,S
37456,S
37458,A
37460,E
37461,S
37462,S
37463,E
37465,S
37467,S
37469,E
37471,E
37472,S
37473,S
37475,S
37476,S
37477,E
37479,S
37480,E
37481,E
37485,S
37486,S
37487,E
37489,S
37490,E
37491,S
37492,E
37496,S
37497,S
37501,E
37502,E
37506,E
37507,E
37509,S
37512,E
37514,E
37517,E
37520,S
37521,S
37531,S
37535,E
37536,E
37537,S
37538,E
37539,S
37543,S
37544,S
37546,S
37547,E
37548,E
37550,S
37552,S
37554,S
37555,S
37556,E
37557,E
37558,E
37559,E
37562,S
37565,S
37566,S
37567,S
37568,S
37571,E
37573,S
37574,E
37575,S
37576,S
37583,S
37585,E
37586,S
37587,E
37589,S
37591,E
37594,E
37595,S
37597,S
37599,E
37601,E
37605,E
37607,E
37608,S
37609,E
37610,E
37611,E
37612,S
37613,E
37614,S
37615,S
37616,S
37617,E
37618,E
37619,S
37622,E
37624,E
37627,E
37629,E
37631,S
37633,S
37635,E
37636,E
37643,E
37644,E
37648,E
37650,E
37654,S
37657,S
37659,E
37660,E
37662,S
37663,S
37664,S
37665,S
37666,S
37667,S
37670,E
37672,E
37674,S
37675,S
37676,S
37678,S
37679,S
37680,S
37681,S
37682,S
37683,S
37685,E
37686,S
37687,E
37690,S
37691,E
37695,E
37696,S
37697,S
37699,S
37700,E
37701,E
37703,S
37704,S
37706,E
37709,S
37710,E
37712,S
37714,S
37715,E
37716,S
37717,S
37721,S
37722,E
37725,E
37726,E
37727,S
37728,S
37729,E
37730,E
37731,S
37732,S
37733,E
37734,E
37735,S
37736,S
37737,S
37738,E
37741,E
37742,S
37743,E
37746,E
37753,E
37756,E
37757,S
37758,S
37762,S
37763,E
37765,S
37767,S
37770,S
37771,E
37772,S
37773,E
37775,E
37777,S
37778,S
37780,S
37782,S
37783,E
37784,S
37785,S
37786,E
37787,E
37789,S
37790,S
37794,E
37795,S
37798,S
37799,S
37802,S
37805,S
37806,E
37808,E
37809,E
37810,S
37812,E
37815,S
37822,E
37826,S
37827,S
37828,E
37829,E
37830,E
37832,S
37834,E
37835,S
37837,S
37838,S
37839,S
37840,S
37845,S
37847,E
37849,E
37850,S
37852,S
37857,S
37858,E
37860,S
37861,S
37862,S
37863,E
37869,S
37873,S
37878,S
37879,S
37881,S
37882,E
37883,E
37884,S
37885,E
37891,S
37892,E
37899,S
37900,S
37903,E
37904,E
37905,S
37908,E
37912,E
37913,E
37914,S
37915,E
37917,E
37918,S
37919,E
37923,S
37925,E
37926,S
37927,E
37929,S
37931,E
37932,S
37933,E
37937,E
37938,E
37940,E
37942,S
37943,E
37951,S
37956,E
37960,E
37962,S
37963,S
37964,S
37965,E
37967,E
37969,S
37976,S
37977,E
37981,S
37982,E
37983,S
37984,S
37985,S
37987,S
37988,E
37990,S
37991,S
37992,E
37993,S
37994,E
37995,S
37998,E
38001,S
38004,S
38005,S
38011,E
38012,S
38014,S
38017,S
38019,S
38020,E
38021,S
38024,E
38026,S
38027,E
38030,S
38032,E
38033,S
38035,S
38036,S
38037,S
38038,S
38040,E
38044,S
38049,S
38051,E
38052,E
38053,S
38055,E
38057,E
38058,E
38061,E
38063,S
38068,S
38069,S
38070,E
38073,S
38074,S
38076,E
38077,E
38079,E
38080,S
38082,E
38083,S
38084,E
38085,E
38093,E
38099,S
38100,S
38101,S
38104,S
38105,S
38107,E
38109,E
38117,E
38119,S
38121,S
38123,E
38124,E
38127,E
38129,S
38130,S
38131,S
38132,E
38133,S
38137,E
38139,S
38140,S
38145,E
38147,S
38151,S
38153,S
38155,E
38156,E
38158,S
38159,S
38160,S
38162,E
38164,E
38165,S
38166,A
38167,E
38168,S
38169,S
38170,S
38174,E
38175,S
38177,E
38178,S
38179,E
38180,E
38182,S
38184,S
38187,E
38188,S
38190,S
38191,S
38193,E
38195,S
38201,E
38202,E
38204,E
38206,S
38208,S
38210,E
38211,E
38214,S
38216,S
38218,S
38222,E
38224,E
38225,E
38227,E
38228,E
38231,S
38232,S
38236,S
38238,E
38240,S
38241,E
38242,E
38247,E
38249,E
38250,S
38251,S
38252,S
38253,S
38254,E
38255,E
38256,S
38257,E
38264,S
38269,S
38271,S
38274,S
38276,S
38278,S
38282,S
38283,E
38284,E
38288,S
38290,S
38291,S
38296,E
38298,S
38300,E
38301,E
38302,S
38304,S
38307,S
38308,S
38309,S
38310,S
38312,E
38316,S
38317,S
38320,E
38323,S
38325,S
38327,E
38329,S
38330,S
38331,S
38332,S
38333,S
38334,E
38344,S
38352,E
38353,S
38354,S
38355,S
38358,S
38359,E
38361,S
38362,S
38364,S
38365,S
38366,S
38367,E
38368,E
38369,S
38371,E
38374,S
38375,E
38377,E
38381,E
38382,S
38383,S
38384,S
38386,E
38391,E
38392,E
38393,S
38395,S
38397,E
38398,E
38399,E
38400,S
38402,E
38405,S
38406,E
38407,S
38410,E
38412,E
38413,S
38414,E
38416,E
38417,S
38419,E
38420,E
38421,E
38422,E
38424,S
38425,S
38426,S
38427,S
38430,S
38432,S
38433,E
38434,S
38436,E
38437,S
38438,E
38441,S
38443,S
38446,S
38449,E
38450,S
38453,S
38455,E
38456,E
38457,S
38458,S
38459,S
38460,E
38461,S
38462,E
38464,E
38467,S
38471,E
38472,S
38474,S
38477,E
38478,S
38479,E
38480,S
38481,S
38484,E
38485,S
38486,S
38489,E
38491,S
38497,S
38500,S
38502,S
38503,E
38505,S
38507,S
38508,S
38510,S
38511,E
38514,E
38515,E
38516,S
38518,E
38519,S
38520,E
38521,S
38522,E
38523,E
38525,S
38528,S
38530,S
38531,E
38535,E
38536,E
38537,E
38538,S
38540,S
38541,S
38548,S
38549,S
38550,E
38554,S
38556,S
38557,S
38558,E
38562,E
38563,E
38564,S
38571,S
38576,E
38577,E
38580,S
38581,S
38582,E
38586,S
38588,S
38589,E
38590,S
38592,E
38593,E
38596,E
38601,S
38602,S
38607,S
38609,S
38610,S
38611,E
38613,E
38614,S
38617,E
38619,S
38621,E
38623,S
38626,E
38628,S
38631,E
38632,E
38634,E
38635,E
38636,S
38637,E
38638,E
38640,S
38642,S
38643,S
38645,S
38649,S
38650,S
38652,E
38654,E
38658,S
38659,E
38662,S
38665,S
38666,S
38667,E
38669,S
38670,S
38671,S
38672,S
38673,S
38675,S
38676,S
38679,S
38682,S
38683,E
38687,E
38692,S
38693,S
38695,E
38696,E
38698,S
38700,S
38702,S
38703,S
38705,S
38706,S
38708,E
38715,S
38716,E
38718,E
38721,E
38722,S
38723,E
38724,E
38725,E
38726,S
38728,S
38732,E
38733,S
38737,S
38739,E
38744,S
38747,S
38749,E
38750,E
38752,S
38754,S
38755,E
38756,S
38757,S
38758,S
38759,S
38762,S
38763,S
38765,E
38766,S
38771,S
38772,S
38773,E
38775,E
38776,E
38777,S
38778,E
38779,S
38783,S
38789,E
38791,E
38792,S
38794,S
38796,E
38797,S
38800,S
38801,E
38804,S
38808,S
38815,S
38816,S
38821,S
38824,E
38825,S
38826,S
38828,S
38829,E
38830,S
38832,S
38833,S
38835,E
38838,S
38839,S
38841,S
38842,E
38843,S
38844,E
38845,E
38846,S
38848,S
38849,S
38850,E
38851,E
38854,S
38855,S
38858,S
38862,S
38863,S
38866,S
38872,E
38873,E
38874,S
38875,E
38876,S
38877,E
38879,S
38880,E
38885,E
38886,S
38887,E
38889,S
38891,S
38894,E
38895,E
38896,S
38900,E
38901,S
38902,S
38903,A
38904,S
38908,S
38910,S
38913,E
38920,S
38921,S
38922,E
38923,S
38926,E
38929,S
38930,E
38931,S
38932,S
38933,S
38935,E
38936,S
38937,E
38938,S
38942,S
38943,S
38944,S
38948,S
38950,E
38951,S
38954,E
38955,S
38956,E
38959,S
38961,E
38964,S
38965,E
38966,E
38967,E
38968,S
38969,S
38977,S
38980,E
38982,S
38984,S
38987,E
38988,E
38989,S
38990,E
38992,E
38993,S
38994,E
38995,S
38996,S
38998,S
38999,E
39000,S
39001,E
39002,E
39003,S
39005,E
39009,S
39010,S
39011,S
39012,S
39013,S
39014,S
39016,S
39017,S
39021,S
39023,S
39026,E
39027,S
39028,S
39029,E
39032,S
39034,E
39036,E
39037,E
39038,S
39039,E
39040,S
39045,E
39046,E
39049,E
39050,E
39051,E
39053,S
39054,S
39055,S
39056,E
39057,E
39059,E
39060,E
39064,E
39067,E
39069,E
39070,S
39072,E
39073,E
39075,S
39076,S
39077,E
39078,E
39082,S
39083,E
39088,E
39096,S
39102,S
39103,S
39104,S
39105,E
39106,E
39110,S
39111,S
39112,S
39116,E
39117,S
39118,E
39119,S
39120,E
39123,E
39125,S
39129,E
39131,S
39132,S
39134,S
39135,E
39137,E
39138,S
39141,S
39143,E
39144,S
39145,S
39152,S
39153,E
39154,S
39157,E
39158,E
39159,E
39162,S
39165,S
39166,E
39167,E
39172,E
39173,E
39175,E
39176,S
39180,S
39181,E
39182,E
39185,A
39186,S
39188,S
39189,E
39191,E
39193,E
39194,E
39196,E
39198,E
39199,E
39205,S
39206,S
39209,S
39211,S
39214,E
39216,E
39217,S
39218,E
39225,S
39226,E
39227,S
39233,S
39234,E
39238,S
39239,E
39241,S
39242,S
39243,S
39245,E
39247,S
39248,E
39249,S
39250,S
39254,S
39255,S
39256,S
39257,S
39258,E
39262,E
39265,E
39271,S
39275,S
39276,E
39277,S
39278,S
39280,S
39282,E
39283,S
39284,S
39287,S
39288,E
39290,E
39293,E
39294,S
39296,S
39297,S
39298,S
39300,E
39301,S
39302,E
39304,E
39310,E
39312,S
39315,S
39316,S
39317,S
39320,S
39322,S
39323,S
39325,S
39327,E
39328,S
39329,E
39331,S
39333,S
39334,S
39337,E
39338,E
39341,E
39342,S
39344,S
39345,S
39346,S
39347,E
39348,S
39350,E
39352,S
39354,E
39355,E
39357,E
39358,S
39364,S
39367,S
39368,E
39369,S
39370,S
39372,E
39376,S
39379,E
39380,E
39383,E
39384,S
39385,S
39386,S
39388,E
39389,E
39392,S
39393,S
39395,S
39397,S
39398,E
39399,E
39400,E
39402,S
39403,E
39405,S
39407,S
39408,S
39411,S
39414,S
39416,S
39419,E
39420,S
39421,S
39423,E
39425,S
39426,S
39427,S
39429,E
39431,E
39434,E
39436,E
39438,S
39439,S
39440,S
39442,S
39443,E
39444,S
39446,S
39448,S
39449,S
39450,S
39457,S
39459,E
39461,S
39463,S
39466,E
39467,S
39468,S
39469,E
39470,E
39471,S
39472,E
39476,E
39484,S
39485,E
39490,S
39494,S
39495,S
39498,E
39502,E
39504,S
39505,E
39506,E
39508,E
39509,S
39510,E
39511,S
39512,S
39514,S
39518,S
39520,S
39522,S
39523,S
39524,E
39527,S
39528,E
39530,S
39532,S
39535,S
39538,E
39542,S
39544,E
39547,E
39551,S
39552,E
39553,E
39554,E
39556,E
39558,S
39559,E
39561,E
39568,S
39569,S
39573,S
39574,S
39575,S
39577,S
39578,S
39579,S
39580,S
39582,S
39584,S
39585,E
39587,S
39588,S
39590,E
39594,S
39596,S
39597,S
39598,E
39599,S
39600,E
39601,S
39602,S
39603,S
39610,S
39614,S
39617,S
39619,E
39622,S
39627,E
39629,S
39630,E
39631,E
39635,E
39639,E
39642,S
39643,E
39644,S
39645,S
39647,S
39648,S
39650,E
39654,E
39656,E
39657,S
39659,S
39660,S
39663,S
39665,E
39668,S
39671,E
39674,S
39676,E
39677,S
39681,E
39682,E
39683,S
39685,E
39686,S
39690,S
39696,S
39699,S
39701,E
39705,E
39706,S
39707,E
39710,E
39711,E
39713,E
39718,E
39722,S
39723,S
39724,S
39726,E
39728,S
39730,E
39731,S
39733,S
39734,E
39735,S
39736,S
39742,E
39747,E
39748,S
39750,S
39754,E
39757,E
39760,E
39762,S
39763,E
39766,S
39767,S
39769,S
39771,S
39772,E
39773,E
39774,E
39776,E
39777,E
39784,E
39785,E
39788,S
39789,S
39791,S
39795,E
39796,E
39798,S
39801,S
39802,S
39808,S
39809,E
39811,S
39812,E
39813,E
39816,S
39817,S
39818,E
39820,S
39822,E
39823,S
39824,S
39825,E
39826,E
39827,S
39829,E
39830,A
39831,E
39837,E
39838,E
39840,S
39841,S
39842,S
39843,E
39844,S
39845,S
39847,E
39849,E
39851,S
39852,S
39853,S
39854,S
39855,E
39856,E
39857,S
39858,S
39860,E
39863,S
39867,E
39868,S
39869,E
39871,S
39876,S
39878,S
39882,E
39883,S
39884,S
39886,S
39889,S
39890,E
39891,S
39894,S
39896,S
39898,E
39900,S
39901,S
39903,E
39904,S
39905,E
39906,S
39910,E
39913,E
39915,E
39916,E
39917,E
39918,E
39923,S
39927,S
39931,S
39932,E
39934,S
39935,E
39937,S
39938,S
39939,S
39941,E
39944,S
39945,S
39946,S
39949,E
39950,E
39952,S
39954,S
39955,S
39956,S
39959,E
39960,S
39966,S
39967,S
39968,E
39972,S
39974,E
39976,E
39977,S
39979,S
39983,E
39984,S
39985,E
39986,S
39991,S
39992,S
39994,S
39995,S
39996,E
39997,S
39998,S
39999,E
40000,E
40001,S
40002,E
40003,S
40004,S
40006,S
40009,E
40010,S
40011,S
40012,S
40013,S
40014,S
40016,S
40018,S
40020,S
40021,S
40022,S
40024,S
40025,E
40028,E
40029,S
40031,S
40033,S
40034,S
40036,S
40037,S
40038,E
40041,S
40042,E
40043,E
40044,S
40045,S
40058,S
40059,E
40061,S
40063,E
40067,S
40068,E
40069,S
40072,S
40074,S
40075,S
40076,S
40080,E
40081,E
40083,E
40085,S
40087,S
40089,S
40090,S
40091,S
40092,E
40094,E
40095,S
40098,E
40101,S
40107,S
40108,S
40109,S
40110,E
40111,S
40112,E
40113,S
40114,S
40116,S
40119,E
40120,E
40122,E
40123,E
40124,S
40126,E
40127,E
40129,S
40130,S
40131,S
40133,E
40134,S
40135,S
40136,S
40137,E
40145,S
40149,S
40152,S
40154,S
40155,S
40158,S
40160,E
40161,E
40162,E
40164,S
40165,S
40176,S
40177,S
40178,S
40179,S
40181,S
40184,E
40185,E
40186,E
40187,S
40188,S
40191,E
40192,E
40193,E
40194,S
40196,S
40198,S
40201,S
40207,S
40208,S
40209,S
40212,S
40214,S
40215,S
40216,S
40218,S
40223,S
40225,S
40226,S
40227,S
40229,E
40231,S
40235,S
40239,S
40240,S
40242,S
40243,E
40246,S
40247,S
40249,E
40251,S
40252,S
40255,E
40256,S
40257,S
40258,E
40260,S
40262,S
40263,E
40266,E
40267,E
40268,S
40270,S
40274,S
40275,S
40277,E
40278,S
40281,S
40283,E
40285,E
40287,S
40293,S
40295,E
40297,S
40301,E
40302,E
40310,S
40315,S
40316,S
40318,S
40319,S
40320,E
40322,S
40324,S
40327,E
40328,S
40329,S
40333,S
40336,S
40338,S
40339,E
40341,S
40346,S
40347,S
40348,S
40349,S
40350,S
40354,S
40355,S
40356,S
40357,S
40358,E
40359,S
40360,S
40363,E
40364,S
40365,S
40366,S
40367,E
40373,S
40374,S
40375,S
40376,S
40377,E
40378,S
40379,S
40381,S
40382,E
40384,S
40385,S
40391,S
40394,E
40395,S
40398,S
40400,S
40401,E
40403,E
40405,S
40406,S
40407,S
40409,S
40411,E
40414,S
40415,E
40416,S
40417,E
40423,E
40424,S
40426,E
40427,S
40428,S
40429,S
40432,S
40434,E
40439,E
40440,E
40441,E
40442,E
40446,S
40447,E
40448,S
40451,E
40453,E
40454,S
40455,E
40456,E
40459,S
40460,S
40461,S
40463,S
40464,S
40466,S
40469,S
40470,E
40471,E
40472,E
40473,S
40479,E
40481,E
40483,S
40484,S
40486,E
40488,E
40489,E
40491,E
40492,S
40493,S
40497,S
40499,S
40500,E
40503,E
40504,S
40505,S
40506,S
40507,E
40509,E
40510,E
40512,S
40515,E
40516,S
40518,S
40522,A
40523,S
40524,S
40526,E
40529,S
40533,E
40534,E
40536,E
40537,S
40538,S
40539,E
40541,S
40542,E
40544,S
40545,E
40546,S
40550,E
40551,E
40553,S
40554,E
40557,S
40558,S
40561,S
40562,S
40563,E
40564,S
40565,S
40566,S
40570,S
40573,E
40575,S
40576,S
40578,S
40581,S
40582,E
40583,S
40584,S
40585,S
40587,S
40594,S
40595,E
40599,S
40602,S
40603,S
40604,S
40608,S
40610,S
40612,S
40614,S
40615,E
40617,S
40618,S
40619,E
40620,S
40622,E
40623,S
40624,S
40626,S
40628,S
40630,E
40631,S
40632,S
40635,S
40636,E
40637,E
40641,S
40642,S
40643,E
40644,E
40645,E
40647,S
40649,S
40650,E
40651,S
40653,E
40655,S
40657,S
40659,E
40662,E
40664,E
40665,S
40667,S
40668,S
40672,S
40673,S
40675,E
40676,E
40677,S
40678,E
40679,S
40680,S
40684,S
40685,S
40687,S
40688,S
40691,S
40696,E
40697,S
40698,E
40699,S
40700,E
40701,S
40702,S
40703,S
40705,S
40710,E
40711,S
40714,S
40715,E
40716,S
40717,S
40718,S
40719,E
40721,E
40723,S
40724,E
40725,E
40727,S
40728,S
40729,E
40730,E
40731,S
40732,S
40733,S
40736,S
40737,E
40738,E
40739,S
40744,S
40745,S
40746,S
40747,S
40748,S
40749,E
40750,E
40751,S
40752,S
40753,S
40754,S
40756,S
40758,S
40759,S
40763,E
40764,S
40766,S
40767,S
40769,S
40770,S
40772,S
40773,S
40774,E
40775,S
40776,S
40777,S
40778,S
40779,S
40781,S
40783,S
40788,E
40789,S
40791,S
40794,S
40797,E
40798,E
40801,S
40802,E
40803,E
40806,S
40807,E
40808,E
40809,E
40810,S
40812,S
40813,E
40816,S
40817,E
40818,S
40819,E
40820,S
40822,E
40823,E
40824,S
40825,S
40826,E
40827,S
40828,S
40833,S
40835,E
40836,E
40837,E
40839,S
40840,S
40843,S
40845,S
40848,E
40851,S
40852,E
40853,E
40854,E
40855,E
40857,S
40859,E
40860,S
40864,S
40865,S
40875,S
40876,S
40877,S
40879,S
40881,E
40882,E
40886,S
40887,E
40888,S
40889,E
40892,S
40893,S
40894,E
40897,S
40898,S
40902,E
40905,E
40910,E
40911,S
40912,S
40913,E
40914,S
40918,S
40919,S
40922,S
40923,E
40924,S
40926,E
40927,S
40928,E
40930,S
40931,E
40932,S
40934,S
40941,E
40946,S
40950,E
40951,S
40952,E
40954,S
40958,S
40959,S
40961,S
40965,E
40968,E
40972,S
40975,E
40976,S
40981,S
40982,S
40984,S
40985,E
40988,S
40989,E
40991,S
40992,S
40995,E
40996,S
40997,E
40999,E
41001,S
41003,E
41005,E
41006,S
41007,E
41011,A
41012,S
41013,E
41014,E
41018,S
41020,E
41021,S
41022,S
41024,S
41026,S
41027,S
41031,S
41032,S
41033,E
41034,S
41035,S
41037,S
41039,S
41040,S
41044,S
41046,E
41047,S
41052,S
41053,E
41055,E
41056,E
41058,E
41059,S
41061,S
41062,E
41064,S
41067,E
41070,S
41071,S
41072,S
41073,S
41074,E
41075,E
41078,E
41081,E
41082,S
41083,S
41085,S
41087,S
41089,E
41090,S
41094,S
41096,S
41097,S
41098,S
41099,S
41102,S
41105,E
41106,S
41107,E
41108,E
41109,E
41110,S
41111,S
41114,E
41115,S
41118,S
41119,S
41120,E
41121,S
41122,S
41123,S
41125,E
41126,E
41128,S
41131,S
41132,S
41137,S
41138,S
41140,E
41142,S
41146,S
41147,E
41151,E
41152,E
41153,S
41155,E
41157,S
41161,S
41162,S
41163,S
41166,S
41170,S
41172,S
41176,E
41177,S
41179,E
41180,S
41181,S
41182,S
41184,S
41185,S
41186,S
41188,E
41189,E
41190,E
41191,S
41194,E
41195,E
41199,E
41200,S
41203,S
41205,S
41211,E
41212,E
41219,S
41221,S
41223,S
41224,E
41226,S
41227,E
41231,E
41236,E
41240,S
41243,S
41248,E
41249,S
41252,S
41253,S
41256,S
41257,S
41261,S
41264,S
41266,E
41267,E
41268,S
41271,S
41274,S
41278,S
41281,S
41282,E
41284,S
41286,E
41287,S
41288,E
41289,S
41290,S
41293,S
41294,E
41295,E
41296,E
41297,S
41298,E
41299,S
41302,E
41304,S
41305,E
41306,S
41307,S
41309,E
41310,S
41312,S
41314,S
41316,E
41318,E
41320,E
41324,S
41325,E
41326,E
41328,S
41331,S
41334,E
41335,E
41336,S
41339,S
41341,E
41342,S
41343,S
41344,S
41346,E
41347,S
41350,E
41351,S
41352,E
41353,S
41355,S
41357,S
41358,E
41359,S
41363,S
41364,S
41368,E
41369,E
41371,S
41372,S
41373,S
41375,S
41378,S
41383,S
41384,E
41387,S
41388,S
41389,S
41390,S
41395,S
41396,S
41398,E
41401,E
41402,E
41405,S
41409,S
41412,S
41416,S
41417,S
41420,S
41421,E
41424,E
41428,S
41430,S
41431,S
41432,S
41434,S
41435,E
41443,S
41445,S
41447,S
41448,E
41449,S
41452,S
41454,S
41455,E
41456,S
41457,E
41458,S
41459,S
41463,S
41465,S
41468,S
41469,S
41471,S
41473,E
41474,S
41475,S
41476,S
41479,E
41480,S
41482,S
41485,E
41487,E
41491,E
41493,E
41497,E
41499,S
41500,S
41501,S
41502,E
41503,S
41510,S
41511,S
41512,E
41516,S
41519,E
41522,S
41523,E
41524,S
41525,S
41526,S
41528,S
41530,S
41531,E
41532,E
41538,E
41539,E
41547,E
41550,E
41554,E
41560,S
41565,E
41566,S
41568,S
41570,S
41572,E
41573,S
41577,E
41578,S
41579,E
41580,S
41581,S
41582,E
41584,S
41585,E
41587,S
41592,E
41594,S
41597,S
41598,S
41604,E
41605,S
41606,S
41608,S
41609,S
41610,E
41612,S
41613,S
41617,E
41622,S
41623,E
41624,S
41627,S
41628,S
41631,S
41632,E
41634,S
41635,E
41636,S
41637,E
41638,S
41644,E
41645,E
41646,E
41647,S
41650,S
41653,E
41658,E
41661,E
41663,S
41664,S
41668,E
41669,E
41671,E
41673,S
41676,S
41677,S
41678,S
41680,E
41682,E
41683,E
41684,S
41685,E
41686,S
41688,E
41689,S
41696,S
41698,S
41699,E
41700,E
41701,E
41705,S
41708,S
41709,S
41710,E
41711,S
41712,E
41713,E
41714,E
41716,E
41717,E
41719,E
41722,S
41724,S
41728,S
41730,S
41731,S
41735,E
41736,S
41741,S
41744,E
41746,E
41748,E
41749,E
41750,S
41753,S
41754,S
41755,S
41756,E
41760,S
41761,E
41763,S
41767,E
41768,E
41770,S
41772,E
41775,S
41776,S
41779,S
41780,S
41781,E
41782,S
41783,E
41785,E
41787,S
41790,E
41791,E
41792,E
41797,S
41798,E
41799,E
41804,E
41807,S
41808,E
41810,E
41813,E
41814,E
41815,S
41816,S
41817,S
41819,S
41821,S
41823,S
41824,S
41826,S
41827,E
41829,S
41830,E
41831,S
41832,S
41837,E
41838,S
41839,E
41840,E
41841,S
41842,E
41843,S
41844,S
41845,S
41848,S
41851,S
41852,S
41854,S
41856,S
41857,S
41858,S
41859,S
41860,S
41861,E
41862,S
41865,S
41867,S
41868,S
41871,E
41872,E
41875,E
41877,S
41879,S
41883,S
41884,E
41885,S
41886,S
41887,S
41888,E
41889,E
41890,S
41891,E
41897,S
41900,S
41901,E
41902,S
41903,S
41904,S
41905,S
41906,E
41908,E
41910,S
41911,E
41913,S
41914,S
41915,S
41916,S
41917,S
41918,S
41919,E
41920,S
41921,S
41923,E
41924,S
41925,E
41926,E
41927,E
41929,S
41931,S
41932,S
41933,S
41934,E
41935,E
41937,S
41939,E
41940,S
41941,S
41945,E
41947,E
41952,S
41953,S
41955,S
41957,E
41958,S
41959,E
41961,S
41969,E
41971,S
41973,E
41975,E
41976,E
41977,S
41978,S
41979,S
41980,E
41983,S
41985,E
41986,E
41987,E
41988,E
41989,E
41990,S
41991,S
41994,E
41995,E
41996,E
41998,S
41999,S
42000,S
42001,S
42002,S
42006,E
42009,E
42010,S
42011,E
42014,S
42015,E
42018,E
42019,S
42022,S
42024,S
42025,S
42027,S
42030,S
42031,S
42034,E
42037,E
42038,S
42039,E
42040,E
42041,S
42045,E
42047,E
42048,S
42049,E
42050,E
42052,S
42053,S
42054,S
42057,E
42058,E
42060,E
42066,S
42067,S
42068,S
42069,S
42070,E
42071,E
42075,S
42077,S
42078,E
42079,S
42085,S
42086,E
42087,E
42092,E
42094,S
42098,S
42102,E
42103,E
42105,S
42108,S
42114,E
42115,E
42116,E
42118,S
42119,E
42120,E
42122,S
42124,S
42125,S
42126,E
42128,S
42130,S
42131,E
42133,E
42136,E
42137,E
42138,E
42141,S
42142,S
42143,S
42145,S
42146,S
42147,S
42148,S
42149,E
42150,E
42151,S
42154,E
42155,S
42156,S
42158,E
42159,S
42162,S
42163,S
42164,S
42165,S
42166,S
42167,E
42168,S
42170,S
42176,E
42178,S
42179,E
42180,E
42181,S
42182,S
42183,S
42184,S
42185,E
42187,E
42189,E
42191,S
42193,S
42194,S
42197,E
42198,S
42199,E
42202,E
42204,S
42205,E
42206,E
42209,S
42211,S
42212,S
42213,E
42214,S
42215,S
42216,S
42217,S
42219,S
42220,E
42222,S
42224,S
42225,S
42226,E
42227,S
42229,E
42230,E
42231,S
42232,S
42234,E
42235,E
42237,E
42239,S
42244,S
42246,S
42248,E
42250,E
42256,S
42263,S
42265,E
42266,S
42269,S
42271,S
42272,S
42280,E
42281,E
42284,S
42288,S
42289,S
42290,E
42291,E
42293,S
42294,S
42297,S
42299,S
42301,S
42306,E
42309,E
42311,E
42313,S
42314,S
42317,E
42318,S
42319,S
42320,E
42321,E
42325,E
42328,E
42330,S
42331,S
42332,E
42333,S
42334,S
42338,S
42342,S
42344,S
42346,E
42347,S
42348,S
42349,E
42352,S
42353,E
42354,E
42356,S
42357,E
42360,S
42363,S
42364,S
42367,S
42370,A
42372,S
42373,S
42374,S
42375,E
42377,S
42378,E
42379,S
43610,S
43611,S
43612,S
43613,E
43614,E
43615,S
43617,S
43618,S
43619,S
43620,S
43621,S
43622,S
43623,S
43626,S
43629,S
43630,E
43631,E
43632,E
43633,E
43637,S
43638,E
43640,S
43641,E
43643,S
43645,E
43648,E
43650,E
43651,S
43653,E
43654,S
43655,E
43656,S
43657,S
43659,S
43660,E
43661,S
43662,E
43663,E
43664,E
43665,S
43666,S
43667,S
43668,E
43669,S
43670,S
43673,S
43674,S
43675,S
43676,S
43677,S
43678,S
43679,E
43680,S
43681,S
43684,E
43685,E
43686,S
43692,S
43694,S
43700,S
43702,E
43703,S
43706,S
43707,S
43709,E
43710,S
43711,S
43712,E
43715,E
43716,S
43719,S
43720,E
43722,S
43724,S
43727,S
43730,S
43731,E
43732,S
43733,S
43734,S
43735,S
43739,E
43740,E
43742,S
43743,E
43744,S
43746,S
43747,E
43752,E
43753,S
43755,S
43756,E
43757,S
43759,E
43760,E
43761,E
43763,S
43764,E
43765,E
43766,S
43767,S
43768,E
43777,S
43778,E
43781,E
43783,S
43786,E
43787,S
43789,E
43791,S
43792,S
43793,S
43800,S
43801,S
43802,S
43803,E
43806,S
43807,S
43808,E
43809,S
43813,E
43817,S
43818,S
43819,E
43820,E
43823,E
43824,E
43826,E
43829,S
43831,S
43835,E
43837,S
43838,E
43839,S
43840,S
43842,S
43843,E
43844,E
43846,S
43848,E
43849,S
43853,E
43856,E
43857,S
43858,S
43860,E
43863,S
43864,E
43865,E
43868,S
43869,E
43870,E
43874,E
43876,E
43880,S
43882,S
43886,E
43887,E
43888,S
43890,S
43892,S
43893,S
43895,S
43896,E
43897,E
43899,S
43901,S
43904,S
43905,E
43907,S
43908,S
43909,E
43911,E
43912,S
43913,S
43914,E
43915,S
43917,S
43920,S
43921,S
43922,E
43925,S
43926,S
43928,S
43933,S
43936,S
43938,E
43944,S
43947,S
43948,E
43953,E
43955,S
43956,S
43957,E
43958,S
43959,E
43960,E
43962,E
43966,S
43967,S
43971,E
43973,S
43974,E
43975,S
43976,E
43977,E
43984,E
43985,S
43989,E
43990,E
43996,S
43998,S
43999,S
44000,S
44001,E
44002,S
44003,E
44005,E
44006,E
44009,S
44010,S
44011,S
44013,E
44015,S
44016,E
44019,S
44020,S
44022,S
44024,E
44025,E
44027,S
44028,S
44030,S
44032,E
44034,E
44038,S
44041,E
44044,S
44046,E
44048,S
44049,S
44051,S
44055,S
44056,E
44058,E
44059,S
44060,E
44063,S
44068,S
44069,S
44071,S
44072,E
44074,S
44078,S
44083,S
44085,S
44089,S
44095,E
44096,S
44099,E
44102,S
44104,E
44105,E
44107,S
44111,S
44114,S
44115,S
44116,S
44117,S
44118,S
44120,E
44122,E
44123,E
44124,S
44125,E
44126,S
44127,E
44128,E
44129,S
44130,S
44131,E
44132,E
44133,E
44134,E
44135,S
44137,S
44139,S
44140,S
44142,E
44143,S
44144,S
44145,S
44147,S
44148,S
44151,S
44152,S
44154,S
44155,S
44158,S
44159,S
44160,S
44161,E
44163,S
44164,E
44166,S
44167,S
44169,S
44174,S
44175,E
44176,S
44178,E
44180,S
44183,E
44185,S
44188,S
44189,S
44190,E
44191,E
44193,S
44194,E
44195,S
44197,E
44199,E
44200,S
44202,E
44206,S
44209,S
44211,S
44212,S
44214,S
44218,S
44219,S
44222,S
44223,S
44225,E
44226,S
44229,S
44233,S
44235,E
44237,S
44238,S
44240,S
44241,S
44243,S
44244,S
44248,E
44255,E
44257,S
44259,S
44261,E
44263,S
44264,E
44266,S
44268,S
44269,S
44270,S
44272,S
44279,E
44280,E
44281,S
44282,E
44288,S
44289,E
44290,S
44292,S
44294,E
44296,S
44297,E
44298,E
44300,E
44301,E
44302,S
44303,S
44304,S
44305,E
44306,E
44307,S
44308,E
44309,S
44310,S
44311,S
44312,E
44313,S
44316,S
44318,E
44320,S
44326,S
44327,S
44331,S
44332,A
44333,E
44334,E
44336,E
44337,S
44338,S
44339,S
44340,E
44343,S
44345,S
44346,S
44347,S
44348,S
44355,S
44357,S
44359,S
44360,E
44362,E
44364,E
44369,S
44370,S
44372,E
44376,S
44377,E
44378,S
44379,E
44381,E
44384,S
44385,E
44388,S
44390,S
44391,E
44392,E
44393,S
44394,S
44395,S
44396,S
44397,E
44400,E
44401,E
44402,S
44403,E
44404,S
44405,S
44406,S
44408,S
44412,E
44413,E
44414,E
44415,S
44416,E
44417,S
44418,S
44423,S
44428,E
44430,S
44431,S
44432,E
44433,S
44434,E
44435,E
44437,E
44439,S
44440,S
44441,S
44442,S
44444,S
44448,E
44450,E
44451,S
44460,S
44461,E
44463,E
44465,E
44466,S
44470,S
44474,S
44477,S
44480,S
44481,S
44482,E
44484,S
44485,S
44486,S
44490,S
44491,S
44492,S
44494,S
44495,S
44496,S
44498,S
44500,E
44501,E
44504,E
44506,S
44508,S
44510,E
44511,E
44512,E
44514,E
44517,E
44518,E
44523,S
44525,S
44528,S
44530,S
44531,E
44535,S
44536,S
44537,S
44539,S
44540,E
44542,E
44546,S
44548,S
44552,A
44553,E
44554,S
44555,S
44556,S
44561,S
44562,S
44563,S
44564,E
44567,E
44568,E
44569,S
44570,E
44571,S
44572,S
44574,S
44576,E
44577,S
44578,S
44579,E
44581,S
44582,S
44583,E
44584,S
44589,E
44592,S
44594,S
44595,S
44597,E
44598,S
44600,S
44602,E
44603,E
44605,S
44607,S
44608,S
44612,S
44614,S
44615,S
44616,S
44618,E
44620,S
44622,S
44623,A
44625,S
44626,S
44627,S
44629,E
44630,E
44631,S
44635,E
44636,S
44641,S
44642,S
44644,E
44645,E
44649,E
44651,E
44652,E
44653,E
44654,S
44655,E
44656,S
44657,E
44658,S
44660,S
44662,E
44665,E
44667,E
44669,E
44671,S
44672,E
44673,E
44674,E
44676,S
44677,E
44678,S
44679,E
44680,E
44681,S
44682,S
44683,S
44685,S
44687,E
44688,S
44690,E
44693,S
44699,S
44703,E
44704,E
44705,S
44706,E
44710,S
44712,S
44719,S
44722,E
44723,E
44727,S
44728,S
44732,S
44734,S
44735,S
44736,S
44737,E
44739,E
44742,S
44744,E
44745,E
44747,S
44749,S
44750,E
44751,E
44753,E
44756,E
44758,E
44759,E
44760,E
44761,E
44769,S
44771,E
44773,E
44774,S
44775,S
44776,S
44778,S
44783,S
44785,E
44786,S
44790,S
44793,S
44794,S
44796,S
44798,S
44799,S
44801,E
44806,E
44808,S
44809,S
44811,S
44812,S
44813,S
44814,S
44815,S
44816,E
44820,E
44821,E
44823,E
44824,S
44825,S
44827,S
44828,S
44829,S
44831,S
44833,S
44834,S
44836,S
44838,S
44839,S
44842,S
44844,S
44845,E
44846,S
44847,S
44848,E
44851,S
44852,E
44853,S
44854,S
44856,S
44857,S
44858,S
44859,S
44860,E
44861,E
44865,E
44866,S
44868,S
44872,S
44873,S
44874,S
44876,S
44880,S
44884,S
44885,S
44886,E
44889,E
44890,S
44891,E
44892,S
44894,S
44896,E
44897,E
44898,E
44901,E
44902,S
44903,E
44905,S
44906,S
44907,E
44909,S
44911,E
44912,E
44914,E
44915,E
44918,E
44919,E
44921,S
44922,S
44923,E
44924,S
44927,S
44928,E
44929,E
44930,E
44931,E
44932,E
44934,E
44935,E
44936,S
44938,S
44940,S
44944,E
44952,E
44954,E
44955,S
44959,S
44960,E
44962,E
44964,S
44965,E
44966,E
44967,S
44969,S
44974,S
44975,S
44976,A
44978,E
44979,E
44980,S
44982,S
44983,E
44985,E
44989,E
44990,E
44991,E
44992,S
44999,S
45000,E
45001,E
45003,S
45004,S
45005,E
45008,E
45009,S
45011,S
45012,S
45014,E
45015,E
45016,E
45017,E
45020,E
45021,E
45024,S
45027,S
45028,S
45031,E
45032,E
45033,E
45034,S
45036,E
45037,S
45038,S
45039,E
45040,S
45042,E
45043,S
45045,S
45046,S
45047,S
45048,S
45049,S
45051,E
45052,E
45054,S
45055,E
45057,E
45058,S
45060,S
45062,E
45064,S
45066,S
45068,S
45077,S
45081,S
45084,S
45093,E
45094,E
45095,E
45096,E
45097,S
45098,S
45104,S
45105,E
45108,S
45109,E
45110,S
45114,S
45118,S
45120,S
45121,E
45124,E
45125,S
45126,S
45128,S
45130,E
45132,E
45135,E
45140,E
45142,S
45148,S
45149,E
45151,S
45157,E
45158,S
45162,S
45165,E
45168,E
45171,S
45173,S
45177,E
45180,S
45184,S
45185,E
45188,S
45189,S
45190,S
45191,S
45192,E
45193,S
45194,S
45195,S
45196,E
45197,S
45203,S
45206,E
45208,S
45210,S
45213,E
45215,E
45218,E
45219,E
45221,E
45222,S
45226,S
45227,S
45229,S
45231,E
45232,S
45233,S
45234,S
45237,E
45239,S
45241,E
45242,S
45244,E
45249,S
45250,S
45254,S
45255,S
45257,S
45267,S
45268,E
45270,S
45274,S
45277,E
45279,S
45284,S
45285,E
45287,S
45288,S
45290,S
45291,E
45293,S
45294,S
45295,E
45296,E
45297,E
45298,S
45301,E
45304,S
45305,S
45307,E
45308,S
45309,E
45310,E
45312,E
45314,E
45315,S
45319,S
45320,E
45325,E
45326,S
45327,E
45331,S
45334,E
45338,E
45339,S
45340,E
45342,S
45344,E
45347,E
45348,E
45349,S
45350,E
45351,E
45353,S
45355,S
45356,S
45358,E
45361,E
45362,E
45366,E
45368,S
45369,S
45370,E
45372,S
45375,E
45376,S
45379,S
45380,S
45384,E
45386,E
45387,E
45391,E
45392,S
45394,E
45395,E
45396,S
45397,E
45398,E
45399,E
45401,E
45402,E
45407,S
45408,S
45409,S
45410,S
45411,E
45412,S
45413,S
45414,S
45417,E
45420,S
45421,S
45423,S
45429,E
45430,E
45431,S
45433,E
45434,S
45435,E
45437,S
45441,S
45444,S
45445,S
45446,S
45448,S
45449,S
45453,S
45454,E
45456,S
45459,S
45462,E
45463,E
45465,E
45466,S
45467,S
45468,S
45469,S
45472,S
45475,E
45477,E
45478,E
45479,S
45481,E
45483,S
45485,S
45487,E
45488,E
45490,E
45491,E
45492,E
45493,E
45494,S
45495,A
45496,S
45497,E
45506,E
45507,S
45510,S
45511,S
45512,S
45514,E
45519,E
45520,S
45521,S
45522,S
45523,S
45525,S
45526,E
45528,S
45533,S
45535,E
45536,E
45537,E
45541,E
45542,S
45543,S
45546,S
45550,S
45551,E
45552,S
45555,S
45556,E
45558,E
45559,E
45560,S
45562,S
45563,S
45567,S
45570,S
45571,E
45573,S
45578,E
45580,E
45581,E
45582,E
45588,S
45590,S
45592,S
45595,E
45596,S
45597,E
45598,E
45599,S
45600,S
45602,E
45605,E
45607,S
45612,E
45613,S
45614,E
45616,E
45617,E
45618,E
45619,E
45621,S
45622,S
45623,E
45624,S
45626,E
45627,E
45628,S
45629,E
45631,E
45633,E
45636,E
45640,S
45642,E
45643,E
45650,S
45652,E
45653,E
45654,S
45655,S
45658,E
45660,S
45661,E
45662,E
45667,S
45668,S
45671,E
45674,E
45675,E
45676,E
45680,S
45681,E
45682,S
45683,S
45685,E
45686,S
45688,S
45691,E
45692,E
45700,E
45701,S
45702,S
45705,S
45707,S
45708,E
45709,S
45710,E
45711,E
45716,E
45717,S
45721,S
45725,E
45727,S
45728,E
45732,S
45734,E
45736,S
45737,S
45741,S
45742,S
45743,E
45744,S
45745,E
45747,S
45750,E
45752,S
45753,S
45757,E
45763,E
45764,E
45765,E
45766,E
45767,E
45768,E
45770,S
45775,E
45776,S
45779,E
45780,S
45781,S
45783,E
45786,S
45788,S
45790,E
45791,E
45799,S
45802,E
45807,S
45808,S
45815,S
45816,E
45817,E
45818,S
45820,E
45823,E
45825,E
45829,S
45835,E
45840,E
45842,S
45844,S
45846,S
45847,S
45848,E
45850,S
45856,E
45860,S
45861,E
45864,S
45866,E
45867,S
45868,S
45869,S
45871,S
45873,E
45874,E
45875,S
45879,S
45880,S
45883,S
45886,E
45888,E
45891,E
45892,S
45893,E
45894,S
45896,S
45898,E
45901,S
45905,S
45906,E
45907,S
45908,S
45910,E
45915,S
45916,S
45918,S
45919,E
45920,S
45922,S
45923,E
45925,E
45927,E
45928,E
45929,E
45930,S
45932,S
45934,E
45935,E
45938,E
45940,S
45941,E
45943,S
45944,E
45945,E
45946,S
45948,S
45949,S
45951,S
45953,S
45955,S
45958,S
45962,S
45964,S
45967,E
45968,E
45971,S
45972,E
45974,E
45975,S
45976,S
45977,S
45979,S
45980,S
45984,S
45985,E
45988,E
45989,S
45990,S
45993,S
45994,S
45995,E
45997,S
46000,E
46009,S
46010,S
46012,S
46014,E
46015,E
46016,S
46017,S
46020,E
46021,S
46022,S
46024,S
46027,S
46028,E
46030,S
46031,E
46033,E
46037,E
46038,S
46041,E
46044,S
46047,S
46052,S
46055,S
46057,S
46058,E
46060,S
46064,E
46065,E
46066,S
46067,E
46070,E
46075,S
46076,E
46077,S
46078,S
46079,S
46080,S
46081,E
46082,S
46083,S
46085,E
46089,S
46091,E
46093,E
46094,E
46096,E
46100,E
46101,S
46104,E
46107,S
46112,E
46113,E
46116,E
46119,S
46123,S
46129,E
46130,S
46131,S
46132,S
46133,S
46135,S
46136,S
46138,E
46144,S
46146,S
46147,S
46154,S
46156,E
46158,E
46159,S
46160,S
46162,S
46163,S
46165,S
46166,E
46167,S
46169,S
46172,S
46174,E
46175,S
46176,E
46177,E
46178,E
46180,S
46182,S
46184,S
46188,E
46192,E
46193,S
46194,S
46195,E
46199,S
46202,S
46204,S
46205,E
46206,S
46211,E
46213,S
46216,S
46218,E
46220,E
46223,S
46224,S
46225,E
46226,S
46228,S
46230,E
46231,E
46232,S
46235,S
46237,S
46238,S
46240,E
46243,S
46244,S
46245,E
46246,E
46247,S
46248,S
46249,S
46252,S
46255,E
46259,S
46261,E
46262,S
46263,E
46265,E
46266,S
46267,E
46269,S
46279,E
46281,S
46283,E
46284,E
46285,S
46286,E
46289,S
46290,S
46292,S
46294,S
46296,S
46300,S
46301,S
46302,S
46305,S
46314,E
46315,S
46316,S
46317,E
46318,S
46320,E
46323,E
46326,E
46329,E
46333,E
46334,S
46335,S
46336,E
46337,E
46338,S
46339,S
46343,S
46347,E
46348,S
46349,E
46353,E
46354,S
46355,S
46357,S
46358,S
46359,S
46360,S
46361,S
46363,E
46364,S
46365,E
46367,S
46368,S
46369,S
46370,E
46371,S
46372,S
46375,S
46376,E
46377,S
46378,S
46379,S
46380,E
46381,E
46382,E
46385,S
46387,E
46388,E
46389,S
46390,S
46391,S
46392,S
46393,S
46394,S
46396,E
46397,S
46398,S
46403,E
46405,S
46406,E
46407,E
46410,S
46412,S
46413,S
46416,E
46418,E
46419,E
46421,E
46422,S
46423,E
46426,E
46427,E
46429,E
46433,E
46436,S
46437,S
46439,E
46441,S
46442,S
46443,S
46450,S
46451,E
46452,S
46456,S
46457,E
46458,E
46460,E
46461,E
46464,E
46465,E
46466,S
46467,S
46471,S
46472,E
46474,E
46475,S
46476,S
46478,S
46479,E
46480,E
46481,E
46484,S
46485,S
46488,E
46493,E
46495,E
46496,S
46497,S
46499,E
46509,S
46511,E
46512,E
46513,S
46517,S
46518,S
46519,E
46520,S
46522,S
46523,S
46526,S
46528,S
46529,E
46530,S
46532,S
46533,S
46534,S
46536,S
46537,E
46538,S
46540,E
46541,E
46545,E
46546,E
46547,E
46548,S
46550,S
46552,E
46553,E
46555,E
46557,S
46560,S
46561,E
46565,E
46566,S
46567,S
46568,E
46569,S
46571,E
46572,E
46573,S
46575,S
46576,S
46578,E
46580,E
46581,S
46583,S
46584,S
46585,E
46586,E
46588,E
46589,S
46590,S
46593,S
46594,S
46598,E
46602,S
46603,E
46604,E
46605,S
46607,E
46608,S
46609,S
46610,S
46612,E
46614,S
46618,S
46619,S
46620,S
46621,E
46624,S
46627,E
46628,E
46631,E
46636,S
46637,E
46642,E
46643,E
46644,E
46646,S
46647,E
46649,E
46650,S
46651,S
46652,S
46653,S
46654,S
46658,S
46660,E
46661,E
46664,S
46668,E
46670,S
46672,S
46678,S
46680,S
46683,S
46684,E
46686,S
46689,S
46690,S
46692,S
46693,S
46694,E
46708,S
46709,S
46713,S
46715,S
46717,E
46720,E
46721,S
46723,S
46725,S
46726,S
46727,S
46728,S
46731,E
46732,E
46734,S
46735,E
46737,S
46738,S
46739,S
46740,E
46741,S
46742,E
46743,S
46744,S
46747,E
46750,S
46751,S
46752,E
46753,S
46755,E
46756,S
46758,S
46759,S
46761,E
46763,E
46765,S
46766,S
46768,S
46769,S
46771,E
46773,E
46777,E
46781,S
46784,S
46785,S
46786,S
46787,S
46789,E
46790,S
46792,S
46794,E
46795,S
46796,S
46797,S
46798,S
46799,S
46800,E
46801,S
46803,E
46804,S
46806,S
46807,E
46808,E
46809,S
46810,S
46813,S
46814,E
46817,S
46819,S
46820,E
46823,S
46824,S
46829,E
46831,E
46837,S
46838,E
46841,E
46843,S
46844,S
46846,S
46847,S
46848,E
46850,S
46851,E
46853,S
46854,E
46855,E
46857,E
46858,E
46860,S
46861,S
46862,S
46863,S
46864,S
46866,S
46868,S
46869,E
46870,S
46871,S
46874,E
46877,S
46878,S
46879,E
46880,S
46881,S
46883,S
46884,S
46885,S
46887,E
46889,E
46890,E
46891,S
46892,S
46893,E
46895,S
46897,S
46899,E
46900,S
46901,E
46902,E
46904,E
46905,E
46907,E
46909,S
46910,E
46911,S
46915,S
46917,S
46918,E
46922,S
46924,S
46925,S
46926,S
46930,E
46931,E
46933,S
46934,E
46936,E
46939,S
46940,E
46942,S
46943,E
46946,S
46947,S
46949,E
46950,S
46952,S
46953,E
46956,S
46957,S
46958,S
46959,E
46962,E
46963,S
46968,S
46969,S
46970,S
46973,S
46975,E
46976,E
46977,S
46978,S
46982,S
46984,S
46986,E
46987,S
46993,S
46994,E
47000,S
47001,E
47002,S
47003,E
47005,S
47006,S
47007,S
47009,S
47010,S
47011,E
47012,E
47013,S
47014,S
47016,S
47017,E
47018,S
47019,E
47024,S
47025,E
47026,S
47028,S
47034,E
47035,S
47036,E
47037,S
47041,E
47044,S
47045,S
47046,S
47048,E
47051,S
47053,S
47054,S
47057,E
47059,S
47060,E
47061,S
47062,E
47063,E
47064,S
47065,E
47069,E
47075,S
47078,S
47079,E
47081,E
47083,S
47086,S
47090,S
47091,S
47092,S
47094,S
47095,S
47096,S
47097,S
47099,S
47100,S
47101,S
47104,S
47106,S
47109,S
47113,E
47115,S
47116,E
47118,E
47119,E
47121,S
47123,S
47125,S
47126,E
47127,S
47129,S
47131,E
47134,S
47135,E
47137,E
47138,E
47141,E
47142,S
47144,E
47146,E
47150,S
47155,E
47157,E
47162,S
47163,E
47164,E
47166,S
47167,E
47168,E
47170,E
47173,S
47176,E
47177,E
47183,E
47184,E
47186,S
47187,S
47188,S
47191,E
47193,E
47194,S
47195,S
47196,S
47197,S
47199,S
47200,S
47201,E
47203,S
47206,E
47207,S
47208,E
47214,S
47216,S
47220,S
47221,S
47225,E
47229,S
47230,S
47232,S
47233,E
47235,E
47244,S
47246,E
47252,S
47254,S
47261,S
47264,S
47273,S
47276,S
47277,E
47281,E
47284,S
47287,S
47291,S
47298,S
47299,S
47302,E
47306,E
47307,E
47308,E
47310,S
47312,E
47315,S
47317,E
47319,S
47321,E
47323,S
47325,E
47329,S
47330,S
47332,S
47333,S
47344,S
47346,S
47347,E
47352,E
47353,E
47354,E
47355,S
47358,S
47359,S
47360,S
47361,S
47362,S
47363,S
47365,S
47366,E
47367,S
47368,E
47369,S
47373,S
47375,E
47377,S
47379,E
47382,E
47385,S
47387,E
47389,S
47390,E
47391,S
47395,S
47397,S
47399,S
47401,E
47402,E
47409,S
47411,S
47412,S
47413,S
47415,E
47417,S
47419,E
47421,E
47423,S
47424,E
47429,E
47430,S
47431,S
47432,S
47433,S
47434,S
47435,S
47436,S
47437,S
47438,E
47440,E
47441,S
47442,S
47443,S
47444,S
47446,S
47450,S
47451,E
47455,E
47456,S
47462,S
47467,E
47469,E
47470,E
47474,S
47480,S
47483,E
47484,S
47485,S
47488,S
47491,E
47492,E
47493,E
47494,S
47497,E
47499,E
47501,S
47503,S
47504,S
47507,E
47509,S
47511,S
47512,E
47514,E
47515,S
47516,S
47519,E
47521,E
47522,S
47529,S
47530,E
47531,S
47533,E
47542,S
47544,S
47547,S
47548,E
47549,E
47555,S
47557,E
47558,S
47561,E
47563,S
47564,S
47568,E
47570,E
47571,S
47574,S
47576,S
47577,E
47580,S
47582,S
47584,E
47585,S
47586,S
47587,S
47590,E
47592,E
47593,E
47594,S
47597,E
47601,E
47602,S
47603,S
47604,S
47605,S
47607,E
47611,E
47612,E
47613,S
47615,S
47617,S
47618,E
47619,E
47621,S
47622,E
47623,E
47624,S
47626,S
47627,E
47633,S
47636,E
47637,E
47638,E
47641,S
47643,S
47644,S
47645,S
47648,E
47650,S
47651,S
47652,E
47653,S
47654,S
47655,E
47656,E
47657,S
47658,E
47659,E
47664,E
47667,S
47668,E
47670,S
47671,E
47672,E
47674,E
47677,S
47680,S
47682,S
47683,E
47688,E
47692,E
47693,S
47694,S
47695,S
47696,E
47698,S
47700,E
47702,S
47705,E
47706,E
47710,E
47711,E
47715,S
47717,S
47718,E
47719,S
47720,S
47722,S
47723,S
47726,S
47727,E
47728,S
47729,S
47732,S
47733,E
47734,E
47736,S
47739,E
47741,E
47743,S
47745,S
47748,E
47749,S
47750,E
47754,E
47755,E
47758,S
47760,S
47761,E
47763,S
47764,S
47765,E
47766,E
47768,E
47775,E
47777,E
47779,E
47781,S
47785,S
47788,E
47790,S
47791,S
47793,S
47797,E
47798,S
47799,S
47800,S
47801,S
47803,A
47809,S
47812,E
47814,E
47820,E
47821,S
47823,E
47825,S
47830,S
47832,E
47833,S
47834,S
47835,E
47836,S
47837,S
47839,E
47840,E
47842,E
47843,E
47846,E
47847,S
47855,S
47860,S
47862,E
47863,S
47867,E
47868,S
47869,S
47872,E
47873,S
47876,E
47877,S
47880,E
47881,S
47883,E
47885,S
47887,E
47888,E
47889,E
47890,E
47891,E
47892,E
47897,S
47898,E
47899,E
47900,S
47902,S
47905,S
47907,S
47909,S
47910,S
47912,S
47918,S
47921,E
47923,S
47924,S
47925,S
47929,E
47930,E
47932,S
47936,E
47937,S
47938,S
47940,S
47941,E
47942,E
47944,S
47945,S
47947,S
47948,S
47949,S
47950,E
47952,S
47953,S
47954,S
47955,S
47956,E
47957,E
47959,E
47960,S
47961,S
47962,E
47963,E
47965,S
47968,S
47969,E
47970,S
47971,S
47972,S
47973,S
47974,S
47975,E
47977,S
47978,E
47979,S
47981,S
47982,S
47983,S
47984,S
47985,E
47986,S
47988,S
47990,S
47991,S
47994,E
47996,S
47997,E
48000,S
48003,S
48008,S
48010,E
48013,S
48015,E
48016,S
48018,E
48020,S
48021,S
48023,S
48024,E
48027,S
48028,S
48032,E
48033,S
48037,E
48039,E
48043,S
48046,E
48047,S
48048,E
48049,S
48051,S
48052,E
48053,E
48054,E
48055,S
48056,E
48057,E
48058,S
48060,E
48061,E
48063,S
48064,S
48067,S
48068,S
48069,S
48073,E
48075,S
48077,S
48078,S
48079,S
48081,E
48082,E
48083,S
48085,E
48088,S
48089,S
48095,E
48097,S
48098,S
48102,E
48103,S
48105,E
48106,E
48108,E
48109,S
48111,S
48112,S
48114,S
48116,E
48117,E
48118,S
48121,E
48122,S
48123,S
48126,S
48127,S
48130,S
48131,S
48132,S
48134,S
48136,S
48137,S
48139,E
48140,S
48142,S
48145,E
48147,E
48148,S
48149,S
48155,S
48156,E
48159,S
48160,S
48161,E
48163,S
48165,E
48166,S
48169,S
48171,S
48174,S
48175,S
48180,S
48182,E
48184,S
48185,E
48187,E
48189,S
48190,E
48194,S
48195,S
48196,E
48197,S
48198,E
48200,E
48203,S
48204,S
48205,E
48210,S
48211,E
48213,E
48214,E
48216,S
48218,E
48220,S
48221,E
48222,S
48223,E
48225,E
48227,S
48228,E
48231,S
48232,E
48233,E
48234,S
48235,E
48236,E
48237,S
48238,S
48239,S
48242,S
48243,S
48245,S
48247,S
48248,S
48252,E
48253,S
48254,E
48255,S
48257,E
48259,E
48262,S
48263,E
48266,S
48267,E
48268,E
48272,E
48273,S
48274,E
48275,E
48276,S
48277,E
48278,S
48280,E
48281,S
48282,S
48284,E
48290,E
48291,E
48294,E
48298,E
48299,E
48301,E
48303,S
48304,S
48306,S
48308,S
48309,S
48311,E
48313,S
48318,E
48319,E
48320,S
48322,E
48325,S
48326,E
48329,E
48330,E
48332,E
48334,E
48336,E
48337,S
48338,S
48342,S
48347,S
48350,S
48353,E
48355,S
48356,S
48357,S
48359,S
48361,E
48362,S
48364,S
48365,E
48367,S
48370,S
48372,S
48373,S
48374,E
48375,E
48376,S
48378,S
48379,S
48382,E
48383,E
48385,E
48386,E
48388,E
48389,E
48392,S
48393,S
48395,S
48396,E
48401,S
48402,E
48404,E
48406,E
48409,E
48410,E
48412,S
48413,S
48414,S
48415,S
48416,S
48421,S
48422,S
48423,S
48425,E
48428,E
48430,S
48431,E
48437,S
48438,S
48443,E
48444,S
48446,S
48448,E
48449,E
48450,S
48457,S
48459,S
48462,S
48465,E
48468,S
48470,S
48471,S
48473,S
48474,E
48475,E
48476,S
48478,E
48479,S
48480,E
48485,S
48486,S
48488,S
48489,S
48490,E
48492,S
48493,S
48495,E
48497,S
48498,S
48499,S
48502,E
48505,E
48508,E
48509,S
48512,S
48513,S
48514,E
48520,S
48523,S
48525,S
48527,E
48528,S
48530,S
48532,E
48533,S
48535,S
48537,E
48539,S
48540,S
48543,S
48545,E
48551,S
48552,S
48553,S
48558,E
48560,S
48561,S
48562,E
48563,S
48564,E
48567,E
48568,E
48569,S
48570,E
48572,E
48573,E
48574,S
48575,E
48578,E
48580,S
48584,S
48586,S
48588,S
48590,E
48594,E
48595,S
48596,S
48601,E
48602,S
48605,E
48606,E
48611,E
48612,S
48618,S
48620,S
48621,S
48623,S
48624,S
48627,S
48634,S
48635,E
48636,E
48637,S
48638,E
48640,E
48643,S
48644,S
48646,S
48647,S
48650,E
48652,E
48653,E
48656,S
48657,E
48658,S
48659,S
48661,E
48663,S
48664,E
48666,S
48667,E
48668,E
48671,S
48672,E
48673,S
48676,S
48677,S
48678,E
48680,S
48681,S
48684,S
48690,E
48692,S
48693,E
48696,E
48700,E
48702,E
48706,E
48708,S
48710,S
48713,E
48720,S
48722,E
48725,S
48729,S
48730,S
48732,E
48735,S
48736,S
48737,S
48738,S
48739,E
48742,E
48743,E
48745,S
48746,E
48747,E
48749,E
48750,S
48751,S
48755,S
48757,E
48759,S
48760,E
48764,S
48765,E
48772,S
48775,S
48776,E
48777,E
48778,E
48780,E
48781,E
48785,E
48786,E
48788,E
48789,S
48790,E
48793,S
48794,E
48795,E
48796,E
48799,E
48803,E
48804,S
48805,E
48807,S
48809,S
48810,S
48811,E
48812,S
48813,S
48815,S
48816,S
48817,S
48818,S
48819,E
48822,S
48825,E
48826,E
48828,E
48829,E
48830,E
48834,E
48842,S
48843,E
48844,E
48850,E
48855,S
48856,E
48859,E
48861,S
48864,S
48865,E
48867,S
48868,E
48870,E
48872,E
48873,E
48874,E
48877,S
48878,E
48879,E
48880,S
48882,E
48884,S
48886,S
48887,E
48890,S
48891,S
48892,E
48894,S
48895,S
48896,S
48902,E
48906,S
48908,S
48909,S
48913,S
48915,E
48919,S
48921,S
48922,S
48923,E
48924,S
48926,S
48927,S
48930,E
48931,E
48933,E
48934,S
48935,E
48938,E
48939,E
48940,S
48941,S
48943,S
48944,E
48945,S
48946,S
48948,S
48949,S
48953,E
48957,E
48958,E
48959,E
48960,E
48964,E
48965,E
48966,E
48969,S
48971,S
48973,S
48976,E
48979,S
48981,S
48982,S
48983,E
48985,S
48986,E
48987,E
48988,S
48992,E
48993,S
48995,S
48996,S
48997,S
48998,S
48999,E
49000,E
49003,S
49007,S
49008,E
49009,S
49011,S
49012,E
49017,E
49018,S
49019,E
49020,S
49022,E
49024,E
49025,E
49028,S
49030,S
49033,E
49035,S
49036,E
49038,S
49039,S
49040,E
49043,S
49044,S
49047,S
49048,E
49049,S
49051,E
49052,E
49054,S
49066,E
49068,S
49072,E
49073,E
49079,E
49080,S
49081,S
49082,E
49084,S
49086,E
49088,S
49091,S
49093,S
49094,E
49095,S
49098,S
49099,S
49100,S
49101,S
49102,E
49103,S
49108,S
49109,S
49110,E
49111,E
49112,S
49117,S
49120,E
49125,S
49128,S
49129,S
49130,E
49131,S
49132,E
49133,S
49139,S
49140,E
49141,S
49142,S
49146,S
49148,E
49149,S
49150,S
49151,E
49153,E
49154,S
49155,E
49157,S
49158,S
49161,S
49163,S
49164,S
49165,S
49172,S
49175,S
49176,E
49177,S
49180,S
49181,E
49182,S
49183,E
49184,S
49186,S
49187,S
49189,S
49191,E
49196,E
49197,S
49199,E
49202,E
49203,E
49207,S
49208,E
49209,S
49212,S
49213,E
49216,E
49217,E
49218,S
49219,E
49221,E
49224,E
49225,E
49226,E
49227,S
49230,E
49232,E
49233,E
49238,S
49240,S
49241,S
49242,S
49243,S
49245,S
49248,E
49249,S
49250,S
49251,E
49252,S
49256,S
49257,E
49259,S
49265,E
49267,S
49268,S
49269,E
49271,E
49272,E
49274,S
49275,E
49278,E
49279,S
49281,E
49282,E
49283,E
49284,S
49285,S
49289,E
49291,E
49293,E
49294,E
49296,E
49297,E
49300,E
49303,E
49305,E
49306,E
49307,E
49308,S
49309,S
49312,E
49313,S
49314,S
49316,S
49317,E
49318,E
49323,E
49324,S
49327,S
49330,E
49331,S
49332,S
49334,S
49336,S
49337,S
49338,E
49339,S
49340,E
49341,E
49343,E
49344,S
49347,E
49349,E
49351,S
49352,E
49353,S
49354,E
49356,E
49357,S
49358,E
49361,E
49364,S
49368,E
49369,S
49370,E
49374,S
49376,E
49379,S
49380,E
49382,S
49389,E
49391,E
49392,S
49393,E
49397,S
49399,S
49400,S
49402,E
49403,E
49404,E
49406,E
49407,E
49408,E
49409,E
49410,S
49412,S
49414,E
49419,E
49420,E
49421,S
49425,E
49426,E
49428,S
49430,S
49435,E
49436,S
49441,E
49444,S
49445,A
49447,E
49448,E
49449,S
49450,E
49451,S
49452,E
49453,S
49454,E
49455,S
49457,E
49458,S
49459,E
49462,S
49465,S
49466,E
49469,E
49473,E
49475,E
49476,E
49478,E
49482,S
49484,S
49485,E
49486,E
49487,E
49488,E
49489,E
49490,S
49491,S
49494,E
49495,E
49499,S
49500,S
49501,E
49503,S
49505,S
49506,E
49507,E
49509,S
49510,S
49511,S
49512,S
49513,E
49514,S
49515,S
49516,E
49520,S
49521,S
49523,S
49524,E
49528,E
49529,E
49530,E
49535,S
49536,S
49538,S
49539,S
49541,S
49545,S
49546,S
49547,E
49548,E
49549,E
49550,S
49553,E
49555,S
49557,E
49565,E
49569,E
49575,E
49576,S
49578,E
49579,E
49581,E
49582,S
49583,S
49584,S
49586,S
49589,E
49590,E
49591,E
49595,E
49599,S
49601,S
49603,S
49604,S
49609,E
49612,E
49614,S
49616,S
49617,E
49621,S
49623,S
49628,E
49629,S
49630,S
49633,S
49635,S
49640,S
49641,S
49642,S
49643,S
49644,E
49646,S
49647,E
49648,S
49649,S
49650,E
49651,S
49653,E
49655,S
49657,S
49658,S
49662,E
49664,E
49666,S
49668,S
49672,E
49674,S
49676,E
49679,S
49683,S
49684,E
49685,S
49686,E
49687,E
49688,E
49689,S
49690,E
49691,E
49693,E
49700,E
49701,E
49703,S
49705,E
49707,E
49709,E
49710,E
49713,E
49715,S
49716,E
49717,E
49718,E
49720,S
49722,S
49726,S
49727,S
49728,E
49731,S
49732,E
49734,S
49735,S
49736,S
49737,E
49740,E
49743,S
49747,S
49748,E
49749,S
49751,E
49753,E
49754,E
49755,S
49756,S
49757,S
49758,S
49759,S
49761,S
49764,S
49767,E
49770,E
49772,E
49773,S
49775,E
49777,E
49778,E
49782,E
49783,E
49784,S
49785,E
49786,S
49787,S
49788,S
49790,E
49793,E
49794,S
49796,E
49797,S
49798,S
49799,S
49802,E
49804,E
49806,S
49807,S
49808,S
49813,S
49816,S
49817,S
49819,E
49820,E
49822,S
49823,S
49824,E
49826,S
49827,S
49828,S
49829,S
49831,E
49832,S
49834,S
49835,S
49839,E
49840,S
49841,E
49842,S
49843,E
49844,S
49845,E
49848,S
49849,S
49852,E
49853,S
49854,S
49855,S
49856,S
49857,S
49859,S
49861,E
49862,E
49866,S
49867,E
49868,S
49871,S
49872,S
49874,S
49878,S
49882,E
49886,S
49889,S
49891,E
49894,E
49895,S
49897,S
49899,S
49900,S
49902,S
49903,E
49905,S
49906,E
49909,S
49910,E
49911,E
49912,S
49913,E
49917,S
49919,E
49920,E
49921,E
49922,E
49923,S
49924,S
49927,E
49929,S
49931,E
49932,E
49933,S
49934,S
49936,S
49939,S
49940,S
49941,S
49943,E
49944,E
49946,E
49947,S
49948,E
49950,S
49951,E
49952,E
49954,E
49956,S
49957,E
49958,S
49960,S
49962,S
49964,S
49970,S
49971,S
49972,S
49974,S
49977,S
49979,S
49980,E
49981,E
49982,S
49985,E
49986,E
49989,S
49990,S
49991,S
49992,E
49993,E
49994,S
49995,E
49996,S
49998,S
49999,E
50002,E
50003,S
50004,S
50007,S
50008,S
50012,E
50013,S
50015,S
50019,S
50020,S
50021,S
50023,E
50024,S
50025,S
50030,S
50031,E
50033,E
50034,S
50035,E
50037,E
50038,E
50039,S
50040,S
50041,E
50044,S
50048,S
50052,E
50053,S
50055,S
50056,E
50058,S
50061,S
50062,S
50063,S
50065,S
50068,S
50069,E
50070,S
50071,E
50073,E
50074,S
50075,S
50082,S
50084,S
50089,E
50091,E
50092,E
50095,E
50096,E
50097,S
50099,E
50100,S
50101,S
50103,E
50104,E
50105,S
50107,S
50111,E
50112,S
50113,S
50118,S
50128,E
50129,S
50130,E
50132,E
50133,S
50136,S
50138,E
50139,S
50141,S
50148,S
50150,E
50151,S
50152,E
50154,S
50157,E
50160,S
50163,S
50164,S
50166,E
50172,S
50173,S
50175,E
50179,S
50180,S
50182,S
50183,E
50185,S
50187,S
50188,S
50191,E
50192,S
50195,E
50196,E
50199,S
50200,S
50201,S
50202,S
50205,S
50206,S
50207,S
50209,E
50210,S
50211,S
50212,E
50213,S
50214,E
50215,E
50217,E
50218,E
50220,S
50221,E
50227,S
50228,S
50231,S
50232,S
50233,E
50234,E
50236,E
50242,E
50243,E
50246,S
50248,S
50251,E
50252,E
50256,S
50258,S
50259,S
50260,S
50265,S
50267,S
50268,S
50272,E
50274,S
50275,E
50277,S
50279,E
50282,S
50283,E
50285,S
50287,E
50289,E
50290,E
50291,E
50292,E
50296,E
50300,S
50302,E
50304,S
50305,S
50307,E
50308,S
50309,E
50310,E
50313,S
50314,S
50315,S
50317,E
50320,E
50321,E
50324,S
50325,S
50330,S
50333,E
50334,S
50337,E
50338,S
50339,S
50341,S
50342,E
50343,S
50344,S
50347,E
50352,S
50354,S
50356,S
50357,E
50358,E
50360,S
50364,S
50366,S
50367,S
50370,E
50371,S
50372,S
50374,S
50375,E
50378,S
50382,E
50383,E
50384,E
50385,E
50386,S
50388,S
50389,S
50390,E
50393,S
50394,S
50395,E
50396,E
50398,S
50399,S
50401,S
50403,S
50406,E
50407,E
50413,E
50415,S
50416,E
50417,S
50418,E
50425,E
50426,S
50427,E
50430,E
50431,S
50432,E
50433,S
50434,E
50435,E
50436,E
50437,S
50438,E
50439,S
50442,E
50443,E
50444,S
50445,E
50446,E
50448,E
50449,E
50450,E
50451,S
50453,E
50455,E
50456,S
50457,S
50460,S
50461,S
50463,S
50465,E
50466,S
50468,S
50469,S
50471,S
50473,E
50475,S
50477,S
50478,S
50479,S
50480,S
50481,E
50482,E
50483,E
50484,E
50486,S
50488,E
50490,S
50494,E
50495,E
50496,S
50498,E
50500,E
50502,S
50503,E
50506,E
50507,S
50509,E
50512,E
50513,S
50514,E
50516,E
50519,E
50520,S
50522,E
50525,S
50527,S
50535,S
50536,S
50537,E
50538,S
50541,S
50543,E
50544,E
50545,S
50549,S
50550,E
50551,S
50555,E
50557,E
50558,S
50559,S
50560,S
50563,S
50564,E
50565,S
50566,S
50567,E
50569,S
50571,S
50572,S
50576,S
50577,E
50578,E
50581,E
50583,S
50584,S
50586,S
50587,S
50588,E
50591,S
50593,E
50594,S
50597,E
50600,S
50606,S
50607,S
50608,E
50609,S
50612,A
50614,S
50616,E
50617,S
50618,S
50619,E
50620,E
50622,S
50628,S
50629,S
50630,E
50632,E
50633,E
50634,S
50636,S
50637,S
50640,E
50642,E
50644,E
50648,S
50650,S
50651,S
50652,S
50655,S
50658,E
50662,S
50663,S
50665,E
50666,S
50667,E
50668,S
50672,S
50673,S
50674,S
50677,E
50678,S
50679,E
50680,S
50681,S
50683,S
50686,S
50688,E
50690,E
50691,S
50693,S
50694,S
50695,S
50699,S
50700,E
50702,S
50703,S
50705,S
50707,S
50708,S
50710,E
50711,S
50713,S
50714,S
50715,E
50717,E
50720,E
50721,S
50722,S
50723,S
50725,S
50728,S
50731,E
50732,E
50733,S
50734,S
50736,S
50737,E
50738,S
50740,S
50741,S
50742,S
50750,E
50751,S
50754,E
50756,A
50758,E
50759,E
50760,E
50761,S
50762,S
50763,S
50764,E
50768,S
50773,S
50774,E
50775,S
50777,S
50782,E
50783,E
50785,E
50786,E
50787,E
50791,E
50792,S
50795,S
50797,S
50798,S
50804,E
50805,S
50806,E
50807,E
50811,S
50812,S
50815,S
50816,E
50819,E
50820,S
50824,E
50826,E
50828,S
50829,S
50830,S
50831,S
50834,E
50836,S
50837,E
50838,S
50843,E
50847,S
50849,E
50850,S
50854,E
50855,S
50856,S
50858,E
50860,S
50861,E
50862,S
50863,S
50866,S
50869,S
50870,S
50872,S
50875,S
50877,S
50882,S
50889,E
50890,S
50892,S
50895,S
50896,S
50898,S
50900,E
50904,S
50908,S
50911,S
50912,E
50915,S
50916,S
50917,S
50920,S
50921,E
50922,S
50929,E
50930,E
50931,S
50933,S
50935,S
50936,S
50941,E
50942,S
50943,E
50945,S
50946,S
50949,S
50951,S
50952,E
50956,S
50958,E
50959,S
50960,S
50961,E
50964,E
50967,E
50969,S
50970,S
50972,S
50976,S
50977,S
50978,E
50979,E
50981,E
50983,E
50984,S
50985,E
50988,S
50989,S
50990,E
50991,E
50992,S
50994,E
50996,E
50998,S
50999,S
51000,E
51003,S
51007,S
51009,S
51010,E
51012,E
51016,S
51017,S
51018,E
51020,S
51021,S
51023,S
51024,S
51031,S
51032,S
51035,S
51037,S
51039,E
51040,E
51043,E
51044,S
51045,E
51046,S
51048,S
51049,E
51050,E
51052,S
51054,S
51055,S
51056,S
51057,E
51058,S
51061,S
51062,E
51064,S
51066,E
51069,S
51070,E
51071,E
51073,S
51075,S
51076,S
51078,S
51079,S
51080,S
51085,S
51088,S
51090,S
51093,S
51094,E
51098,E
51099,S
51100,S
51102,S
51103,S
51105,A
51106,E
51107,S
51109,E
51110,E
51111,S
51112,E
51113,S
51114,E
51117,S
51120,E
51121,E
51122,E
51125,S
51127,E
51129,S
51130,S
51131,E
51132,E
51133,S
51138,E
51139,S
51140,S
51142,S
51145,E
51146,S
51147,S
51148,S
51149,S
51151,S
51153,E
51154,S
51155,E
51157,E
51158,E
51160,S
51162,S
51164,S
51166,S
51168,E
51169,S
51171,E
51172,E
51173,E
51178,S
51179,S
51180,S
51181,S
51182,S
51183,S
51184,S
51189,S
51190,E
51191,E
51193,S
51194,S
51198,E
51199,E
51201,S
51208,S
51209,E
51211,E
51212,E
51214,S
51218,S
51219,E
51220,S
51227,S
51234,S
51235,E
51236,S
51238,S
51240,S
51241,E
51244,S
51247,S
51248,S
51249,S
51250,E
51253,E
51255,S
51257,S
51259,S
51260,E
51262,S
51264,S
51265,S
51266,E
51268,E
51270,S
51271,S
51274,S
51275,S
51276,S
51278,S
51280,E
51282,E
51283,S
51285,E
51286,S
51287,E
51288,S
51290,E
51292,S
51294,E
51295,S
51296,E
51297,E
51298,E
51299,E
51301,E
51302,E
51303,E
51309,S
51310,E
51311,S
51317,S
51320,E
51321,S
51324,E
51325,S
51327,S
51330,E
51332,E
51333,S
51334,S
51335,S
51336,S
51338,E
51341,S
51342,E
51343,E
51345,S
51346,S
51347,E
51348,S
51349,E
51350,S
51356,S
51358,E
51360,E
51365,E
51367,S
51368,S
51370,S
51372,S
51373,S
51375,S
51376,E
51377,S
51379,S
51380,E
51381,E
51383,S
51384,E
51385,S
51386,E
51387,S
51388,E
51391,E
51393,E
51394,E
51395,S
51396,S
51397,E
51400,S
51405,E
51407,E
51409,E
51410,S
51413,E
51414,E
51415,S
51416,E
51419,S
51420,S
51421,E
51422,E
51424,S
51427,S
51428,S
51429,S
51430,E
51431,E
51435,S
51436,E
51437,E
51440,E
51442,S
51443,E
51444,S
51445,S
51446,S
51447,S
51448,E
51449,E
51452,S
51453,E
51457,S
51458,S
51461,E
51463,E
51464,S
51465,S
51466,S
51468,S
51469,S
51475,E
51476,E
51479,E
51480,E
51481,S
51486,E
51487,E
51493,E
51494,S
51495,E
51496,S
51497,E
51498,E
51499,E
51501,E
51504,S
51508,E
51509,E
51511,E
51513,E
51514,S
51515,S
51517,S
51519,E
51520,S
51522,S
51524,E
51526,E
51530,E
51533,E
51534,E
51535,E
51536,E
51539,S
51540,E
51543,S
51544,S
51545,S
51546,S
51547,E
51548,S
51550,E
51551,E
51552,E
51554,E
51555,S
51560,S
51561,S
51566,E
51567,S
51568,S
51569,S
51570,S
51574,S
51575,S
51579,E
51586,E
51587,E
51589,E
51591,S
51593,S
51594,S
51599,S
51600,S
51601,S
51604,E
51605,S
51606,S
51607,E
51609,E
51610,S
51611,E
51614,S
51615,E
51618,E
51620,E
51622,S
51625,S
51627,S
51628,S
51629,E
51632,E
51636,E
51640,S
51641,E
51644,E
51645,S
51646,S
51647,S
51648,E
51649,E
51650,S
51655,S
51656,S
51657,S
51658,S
51659,S
51663,S
51665,S
51670,S
51671,E
51674,S
51680,E
51683,S
51685,E
51688,S
51689,S
51690,E
51693,S
51694,S
51696,S
51698,S
51699,E
51700,S
51701,S
51704,S
51705,E
51706,E
51707,E
51708,S
51710,E
51711,E
51712,E
51716,S
51718,S
51720,E
51721,E
51725,S
51726,E
51727,S
51728,S
51729,S
51730,E
51731,S
51733,S
51737,E
51739,S
51742,S
51743,E
51744,S
51745,S
51751,E
51754,S
51755,S
51756,E
51757,E
51758,E
51759,E
51762,S
51763,S
51764,S
51765,E
51766,S
51768,S
51770,E
51772,S
51775,S
51776,E
51777,E
51778,S
51780,S
51782,S
51783,E
51785,E
51786,E
51788,S
51789,S
51790,S
51791,S
51793,S
51795,S
51796,S
51798,E
51799,S
51800,S
51801,S
51802,E
51803,E
51807,S
51808,E
51809,S
51811,S
51812,E
51814,E
51816,E
51817,S
51819,E
51820,E
51821,S
51822,S
51823,S
51827,S
51829,S
51830,S
51832,S
51833,S
51838,S
51839,S
51841,E
51842,S
51844,S
51850,E
51851,E
51853,E
51854,E
51855,E
51856,E
51858,S
51861,S
51863,E
51864,E
51868,S
51869,E
51870,S
51871,S
51872,S
51873,E
51874,S
51875,S
51877,E
51879,E
51881,S
51884,E
51885,S
51887,S
51889,S
51891,S
51892,E
51893,E
51895,S
51896,S
51898,E
51899,E
51900,S
51902,E
51903,E
51905,S
51911,S
51914,E
51915,E
51917,E
51920,S
51921,S
51925,S
51928,S
51933,E
51935,S
51936,S
51937,E
51938,S
51939,S
51940,S
51942,E
51944,E
51946,E
51947,S
51948,E
51949,E
51951,S
51952,E
51953,S
51954,E
51955,S
51956,S
51957,S
51961,E
51962,S
51963,S
51965,E
51966,S
51968,E
51970,E
51974,E
51976,S
51977,E
51979,S
51980,E
51984,E
51986,S
51987,E
51990,E
51993,S
51995,E
51999,S
52000,S
52002,E
52003,S
52004,S
52006,S
52007,S
52008,S
52010,S
52011,E
52013,S
52014,E
52015,S
52020,S
52024,S
52025,S
52026,E
52027,E
52032,S
52036,E
52037,E
52040,E
52042,S
52044,E
52047,S
52050,S
52052,E
52053,E
52055,E
52057,E
52058,S
52060,S
52062,S
52064,E
52065,S
52067,S
52069,S
52070,E
52072,S
52075,E
52076,E
52077,S
52079,S
52080,E
52082,S
52084,E
52085,E
52086,S
52087,S
52089,S
52090,E
52091,E
52092,S
52093,S
52095,S
52096,S
52097,S
52099,E
52100,E
52102,S
52107,E
52110,S
52112,E
52115,E
52116,E
52117,E
52118,S
52119,S
52120,S
52121,E
52122,S
52123,S
52126,S
52128,S
52129,S
52130,E
52132,S
52133,S
52137,E
52138,S
52139,S
52142,S
52144,E
52146,S
52148,S
52149,S
52150,E
52151,S
52153,S
52154,E
52155,S
52156,S
52160,S
52161,E
52162,S
52167,S
52169,E
52170,S
52173,E
52174,S
52175,E
52176,E
52178,S
52179,S
52181,S
52183,S
52185,E
52186,S
52187,S
52188,S
52190,S
52191,S
52194,S
52195,E
52196,E
52198,E
52199,S
52200,E
52206,E
52207,S
52208,E
52210,S
52211,S
52212,S
52213,E
52214,E
52216,S
52220,S
52222,E
52223,S
52224,S
52225,E
52227,S
52231,S
52236,S
52238,E
52239,S
52241,S
52242,S
52244,S
52246,S
52247,S
52248,S
52251,E
52254,S
52255,E
52257,S
52259,S
52260,E
52261,S
52262,E
52264,E
52269,E
52270,S
52272,S
52273,S
52275,S
52276,S
52277,E
52278,S
52281,S
52286,E
52289,E
52292,E
52293,S
52294,S
52295,S
52298,S
52299,S
52301,E
52303,E
52305,E
52306,S
52314,E
52315,E
52316,E
52317,S
52318,S
52321,S
52322,E
52325,S
52326,E
52328,S
52330,E
52334,E
52335,S
52338,S
52339,E
52340,S
52341,E
52342,S
52343,S
52344,S
52345,S
52347,E
52348,E
52349,S
52351,S
52354,S
52355,S
52357,E
52359,E
52360,E
52361,S
52362,S
52363,S
52366,E
52367,E
52368,S
52369,S
52371,S
52374,S
52377,E
52378,S
52380,S
52382,E
52384,E
52385,S
52386,E
52387,E
52388,S
52391,S
52393,E
52395,S
52396,S
52397,S
52399,S
52401,S
52402,S
52403,E
52404,E
52407,S
52408,E
52409,E
52410,E
52411,E
52412,E
52413,S
52415,S
52417,E
52419,S
52420,S
52422,E
52423,E
52425,E
52429,S
52432,S
52433,E
52435,S
52436,S
52437,E
52438,S
52439,S
52441,E
52443,E
52444,S
52445,E
52446,E
52447,E
52449,E
52452,S
52453,S
52454,S
52456,E
52459,S
52461,S
52463,S
52465,E
52466,E
52467,S
52470,S
52471,E
52472,S
52475,S
52476,S
52477,E
52479,S
52482,E
52483,E
52488,E
52489,S
52490,E
52491,S
52493,S
52494,E
52499,E
52500,S
52501,S
52502,S
52503,E
52504,S
52507,S
52509,E
52510,S
52511,E
52512,S
52513,S
52514,S
52515,S
52516,S
52517,S
52519,E
52524,S
52525,S
52526,E
52528,E
52529,S
52530,S
52531,E
52532,S
52535,S
52536,E
52539,E
52540,E
52541,E
52543,E
52546,S
52548,E
52549,E
52550,E
52551,E
52555,S
52556,E
52558,E
52559,E
52564,E
52565,S
52568,E
52570,S
52571,E
52573,E
52576,S
52577,E
52580,E
52583,S
52584,E
52586,S
52590,E
52592,E
52596,E
52599,S
52605,S
52606,E
52607,S
52608,E
52609,S
52611,S
52612,S
52613,E
52614,E
52616,E
52617,S
52619,E
52620,E
52621,E
52622,E
52623,E
52624,S
52625,S
52628,S
52630,E
52631,S
52632,E
52633,E
52637,S
52638,S
52639,S
52648,S
52649,E
52650,E
52652,S
52653,E
52654,E
52656,S
52657,E
52662,E
52664,S
52665,E
52666,E
52667,E
52672,S
52674,S
52679,E
52680,S
52682,E
52684,E
52687,S
52689,S
52693,S
52694,S
52697,E
52701,E
52704,S
52705,E
52708,E
52710,S
52715,S
52716,S
52717,S
52719,S
52720,E
52721,E
52723,S
52724,E
52725,S
52726,E
52727,E
52728,S
52730,E
52731,E
52734,S
52735,S
52736,S
52740,S
52741,S
52743,S
52745,S
52746,E
52751,S
52755,S
52756,S
52757,S
52758,E
52760,S
52761,S
52765,S
52768,S
52769,E
52770,S
52771,S
52772,E
52773,E
52775,S
52777,E
52779,S
52784,S
52786,S
52791,S
52793,E
52795,E
52796,S
52799,E
52800,E
52802,E
52803,E
52805,S
52806,E
52807,A
52809,S
52810,E
52811,S
52813,S
52814,S
52815,E
52817,E
52821,S
52822,S
52827,E
52830,S
52831,S
52832,S
52833,E
52835,S
52836,S
52837,E
52838,S
52839,E
52840,S
52842,E
52844,E
52846,S
52847,E
52848,E
52849,S
52850,S
52851,S
52853,E
52856,S
52857,S
52858,S
52859,E
52863,S
52864,S
52867,S
52870,E
52871,E
52873,E
52874,S
52875,S
52877,S
52878,S
52879,S
52880,E
52885,E
52886,E
52893,S
52894,S
52895,E
52896,S
52897,S
52901,S
52902,S
52904,S
52907,E
52909,S
52915,S
52917,S
52918,S
52919,S
52920,E
52921,S
52924,S
52925,E
52926,S
52928,E
52933,S
52934,S
52935,S
52939,E
52944,S
52945,S
52951,S
52952,S
52957,E
52958,E
52960,S
52961,S
52962,S
52963,S
52965,S
52966,E
52968,E
52969,E
52970,E
52971,S
52972,S
52974,S
52976,S
52977,S
52978,E
52979,S
52980,E
52981,E
52983,S
52984,S
52985,E
52986,E
52987,E
52988,E
52993,S
52994,S
52995,E
52996,E
52997,S
52998,E
53000,S
53001,S
53003,S
53004,E
53007,S
53008,E
53009,E
53010,E
53011,S
53012,S
53013,S
53014,S
53018,E
53019,E
53022,S
53023,S
53026,E
53028,S
53029,E
53033,S
53034,S
53036,S
53038,S
53039,S
53042,S
53043,S
53044,S
53045,S
53046,S
53048,E
53049,S
53051,E
53055,S
53057,S
53058,E
53060,S
53065,E
53066,S
53068,S
53069,S
53071,E
53073,S
53076,E
53080,S
53083,S
53084,S
53086,S
53089,E
53093,S
53101,E
53104,S
53106,E
53108,E
53109,E
53110,S
53113,S
53122,E
53123,E
53139,E
53140,S
53142,S
53144,S
53146,S
53147,E
53151,E
53160,S
53161,S
53162,E
53163,S
53165,E
53166,E
53167,E
53169,E
53171,E
53173,E
53175,E
53176,E
53178,A
53179,S
53181,S
53182,E
53184,S
53185,S
53186,E
53188,S
53193,E
53194,E
53198,E
53199,E
53202,S
53203,E
53205,E
53206,S
53208,S
53209,S
53211,E
53212,E
53213,E
53214,S
53216,S
53220,S
53221,S
53222,E
53223,E
53227,E
53228,E
53229,E
53231,S
53232,E
53233,S
53237,E
53238,S
53239,S
53241,S
53242,S
53243,S
53246,S
53248,S
53249,E
53250,S
53253,E
53254,E
53255,E
53256,E
53258,E
53259,S
53262,E
53263,E
53265,S
53268,E
53271,E
53272,S
53273,S
53274,E
53276,E
53278,S
53280,S
53282,S
53284,E
53288,E
53291,S
53292,S
53297,E
53298,S
53301,S
53302,S
53303,S
53304,E
53307,E
53308,S
53309,S
53312,E
53314,S
53315,E
53317,S
53318,S
53319,S
53320,E
53321,E
53322,S
53323,S
53326,S
53328,E
53332,E
53334,S
53337,E
53338,S
53339,E
53340,S
53341,S
53345,E
53346,S
53347,E
53348,E
53350,E
53351,E
53352,S
53353,S
53354,S
53355,E
53356,E
53357,E
53358,E
53360,E
53361,E
53362,S
53364,E
53365,E
53368,S
53374,S
53375,S
53376,S
53378,S
53381,S
53382,E
53383,S
53384,E
53385,S
53386,E
53390,E
53393,S
53395,S
53396,S
53397,S
53398,E
53400,S
53401,S
53402,S
53407,S
53413,E
53414,S
53415,S
53417,E
53419,S
53420,S
53422,S
53424,S
53425,S
53427,E
53432,S
53433,E
53436,S
53437,E
53438,S
53440,E
53442,S
53443,S
53444,E
53447,E
53451,S
53452,E
53453,S
53464,S
53465,E
53466,E
53467,E
53468,E
53469,E
53470,S
53471,S
53476,S
53478,S
53479,S
53480,E
53483,E
53485,S
53487,S
53488,S
53491,E
53492,S
53495,S
53496,S
53498,E
53500,S
53503,E
53507,S
53508,S
53510,S
53512,S
53514,S
53516,S
53517,E
53518,E
53520,S
53521,S
53522,S
53523,E
53524,S
53527,S
53528,S
53529,E
53531,S
53532,S
53537,S
53539,E
53541,S
53542,E
53544,S
53545,S
53546,E
53549,S
53550,S
53556,E
53557,E
53558,E
53561,E
53562,S
53563,S
53564,E
53565,E
53566,S
53567,E
53570,S
53571,E
53573,S
53574,S
53576,E
53578,S
53581,S
53583,S
53585,S
53588,E
53589,S
53590,E
53591,E
53592,S
53593,E
53594,S
53595,S
53598,S
53599,E
53600,E
53601,E
53602,S
53603,S
53608,E
53609,S
53610,S
53613,E
53616,E
53617,S
53619,S
53621,S
53622,S
53623,S
53624,E
53625,S
53630,S
53631,S
53632,S
53635,S
53637,S
53641,S
53645,E
53647,E
53651,E
53652,E
53655,S
53660,S
53661,E
53662,S
53663,S
53664,S
53665,S
53666,S
53667,S
53668,E
53669,S
53671,S
53672,E
53674,S
53675,E
53677,S
53678,S
53679,S
53680,S
53682,S
53686,E
53688,S
53689,S
53690,S
53691,E
53692,S
53700,S
53701,S
53703,S
53705,S
53708,S
53709,S
53712,E
53713,S
53714,S
53715,S
53718,S
53719,S
53722,S
53724,E
53725,S
53726,E
53727,S
53729,E
53742,E
53746,E
53747,S
53748,E
53749,E
53750,S
53751,E
53753,E
53755,S
53757,E
53759,E
53760,E
53761,S
53764,S
53765,S
53767,S
53770,S
53773,S
53774,S
53775,E
53776,S
53777,S
53778,E
53780,S
53781,S
53783,S
53784,S
53785,S
53789,S
53790,S
53793,S
53797,S
53798,S
53803,E
53804,S
53812,S
53813,E
53814,S
53815,S
53817,E
53818,S
53820,S
53821,E
53823,S
53825,E
53826,S
53827,S
53828,S
53833,S
53834,S
53835,E
53836,E
53837,E
53839,E
53840,E
53841,E
53843,S
53848,S
53849,S
53850,E
53853,E
53855,E
53859,S
53862,S
53864,S
53867,S
53868,E
53871,S
53874,E
53878,S
53879,E
53882,E
53883,S
53884,S
53885,E
53886,S
53887,S
53888,S
53889,E
53890,S
53893,E
53894,E
53896,S
53898,E
53899,S
53900,E
53902,E
53903,S
53904,S
53905,E
53906,E
53907,E
53908,S
53911,E
53913,E
53914,S
53915,E
53916,S
53920,S
53921,E
53923,E
53925,S
53930,E
53931,E
53932,S
53934,E
53936,S
53938,E
53939,E
53940,S
53942,S
53943,E
53944,S
53946,S
53949,S
53950,S
53951,S
53954,E
53956,S
53957,S
53958,S
53960,S
53961,E
53962,S
53963,E
53965,S
53967,S
53968,S
53972,E
53976,S
53980,S
53983,S
53988,E
53989,E
53991,S
53992,E
53993,E
53995,E
53996,E
53997,S
54000,S
54002,E
54003,S
54004,S
54005,S
54006,E
54008,S
54010,E
54014,E
54016,S
54018,E
54019,S
54022,S
54024,S
54027,S
54028,E
54031,E
54034,E
54035,S
54036,S
54037,E
54038,E
54040,E
54041,E
54042,E
54044,S
54045,E
54047,S
54048,E
54050,S
54053,S
54057,S
54061,S
54063,S
54066,E
54067,E
54068,E
54070,E
54075,E
54076,S
54077,S
54080,E
54081,S
54082,S
54083,E
54084,S
54085,S
54086,S
54089,S
54090,E
54091,S
54092,S
54094,E
54096,S
54097,S
54098,S
54099,S
54100,S
54101,S
54103,S
54105,S
54106,S
54107,E
54110,S
54112,S
54113,E
54117,E
54120,S
54121,E
54122,S
54124,E
54125,S
54127,E
54128,S
54130,S
54131,E
54133,E
54134,S
54139,S
54141,S
54142,E
54143,S
54144,E
54145,E
54146,S
54147,E
54148,S
54149,S
54150,E
54151,S
54153,S
54155,S
54156,S
54159,E
54162,S
54163,S
54164,E
54166,E
54167,S
54168,E
54170,S
54171,E
54172,E
54174,S
54175,E
54177,S
54178,S
54181,S
54183,E
54184,S
54187,E
54191,S
54195,S
54199,S
54200,E
54201,S
54204,S
54206,S
54207,S
54208,E
54209,E
54210,S
54214,E
54215,S
54217,S
54218,S
54222,S
54224,E
54229,S
54232,E
54233,S
54240,S
54243,S
54244,S
54246,S
54248,S
54249,S
54250,E
54254,S
54256,E
54257,E
54262,S
54263,E
54264,S
54267,E
54268,S
54269,E
54277,S
54279,E
54281,S
54283,S
54284,S
54290,E
54292,S
54293,E
54294,S
54295,S
54296,S
54298,E
54301,E
54302,E
54309,S
54312,E
54313,S
54316,S
54319,S
54320,S
54323,S
54324,S
54326,S
54327,S
54328,E
54330,S
54332,S
54334,S
54335,S
54336,S
54339,S
54341,E
54343,E
54348,S
54350,E
54352,S
54353,E
54354,E
54355,E
54356,S
54359,E
54360,E
54362,E
54363,E
54365,E
54366,E
54367,S
54370,S
54371,S
54372,S
54373,S
54375,E
54376,S
54377,E
54378,E
54379,S
54380,S
54382,S
54384,E
54385,S
54386,E
54387,S
54388,S
54390,S
54391,S
54393,E
54394,E
54395,S
54396,E
54397,E
54399,E
54400,S
54401,S
54403,E
54404,E
54405,E
54406,E
54410,S
54414,E
54415,S
54417,S
54419,S
54422,S
54424,E
54425,S
54426,S
54428,S
54430,S
54431,S
54432,S
54433,E
54434,S
54436,S
54437,S
54440,S
54441,S
54443,S
54447,E
54448,S
54449,S
54456,S
54460,S
54462,S
54464,S
54469,S
54472,S
54478,E
54480,S
54481,S
54482,S
54483,S
54484,S
54485,S
54489,S
54492,E
54493,S
54495,E
54498,E
54499,S
54500,E
54501,S
54502,E
54503,S
54504,E
54505,E
54506,E
54507,E
54509,S
54511,E
54512,E
54514,S
54517,E
54519,E
54520,S
54522,E
54524,S
54525,S
54528,S
54531,S
54538,S
54546,S
54549,S
54550,S
54551,E
54552,E
54553,S
54558,S
54563,E
54564,S
54565,S
54568,S
54569,E
54570,S
54571,S
54575,E
54576,S
54579,S
54581,S
54582,S
54586,S
54588,E
54589,S
54590,S
54593,E
54595,E
54596,S
54598,S
54599,S
54601,S
54602,E
54605,S
54607,E
54608,E
54609,E
54610,S
54611,S
54613,S
54616,S
54617,S
54619,E
54621,E
54623,S
54626,S
54627,S
54630,S
54631,E
54632,E
54633,S
54637,E
54638,E
54641,E
54642,S
54645,S
54648,S
54651,E
54653,E
54654,S
54655,E
54659,E
54660,E
54661,E
54662,S
54664,E
54665,S
54666,S
54669,E
54670,E
54671,S
54674,S
54675,E
54676,S
54677,S
54678,S
54679,S
54681,S
54683,S
54686,E
54687,S
54688,S
54689,S
54690,S
54691,S
54692,E
54693,E
54694,S
54695,S
54697,S
54698,S
54699,E
54700,S
54701,S
54702,E
54704,S
54705,S
54707,S
54709,E
54710,E
54714,S
54716,S
54717,S
54718,S
54720,S
54721,E
54723,E
54725,E
54728,S
54730,S
54731,S
54733,E
54734,S
54739,S
54741,E
54750,S
54751,E
54754,S
54757,S
54761,E
54762,S
54763,S
54767,S
54770,S
54773,S
54775,S
54776,S
54777,E
54780,S
54782,S
54783,E
54784,S
54785,S
54786,E
54787,E
54789,S
54790,S
54792,E
54794,S
54795,S
54796,S
54797,S
54803,E
54804,E
54807,E
54810,E
54811,E
54815,S
54819,S
54821,S
54823,E
54825,E
54827,S
54828,S
54830,S
54835,S
54837,S
54838,S
54840,E
54843,S
54845,S
54847,S
54849,S
54851,S
54852,E
54853,S
54856,E
54857,E
54858,E
54859,E
54861,S
54865,S
54866,S
54867,S
54868,S
54869,S
54871,S
54872,S
54873,S
54874,E
54875,S
54876,E
54877,E
54878,S
54882,S
54883,E
54884,S
54885,S
54886,S
54887,E
54888,E
54889,E
54892,E
54893,S
54894,S
54895,S
54897,S
54900,E
54901,S
54903,S
54904,S
54905,S
54909,E
54911,E
54912,S
54913,S
54914,S
54915,E
54917,S
54918,S
54920,E
54922,E
54923,E
54925,S
54926,S
54928,S
54929,E
54930,E
54932,S
54933,E
54934,S
54935,S
54938,S
54940,E
54941,S
54947,S
54948,S
54951,E
54952,S
54956,S
54958,E
54959,S
54960,S
54961,S
54962,S
54963,E
54964,S
54965,S
54967,S
54969,S
54971,S
54972,S
54973,S
54974,S
54975,E
54976,S
54979,S
54980,S
54984,S
54985,E
54990,S
54991,S
54993,S
54994,S
54996,E
54998,S
55001,S
55002,S
55004,S
55005,S
55006,E
55007,E
55008,S
55009,S
55012,E
55014,E
55016,S
55017,E
55020,S
55022,S
55023,S
55025,E
55026,E
55027,S
55028,E
55030,E
55031,S
55035,S
55036,S
55037,S
55040,E
55042,S
55043,E
55045,S
55048,S
55050,E
55051,S
55052,S
55053,E
55055,S
55056,S
55057,S
55060,S
55061,E
55063,S
55065,S
55066,S
55069,S
55070,E
55071,E
55072,E
55073,S
55074,S
55076,S
55079,E
55081,E
55082,E
55084,E
55085,E
55087,E
55093,E
55094,S
55095,S
55098,S
55099,S
55100,S
55102,E
55103,E
55104,S
55105,S
55106,E
55107,S
55109,E
55112,E
55113,S
55115,S
55116,S
55117,E
55118,S
55119,S
55120,E
55121,E
55123,S
55125,S
55126,E
55129,S
55130,S
55131,E
55133,S
55136,E
55138,E
55142,E
55144,E
55145,E
55146,E
55147,E
55148,S
55153,S
55154,S
55156,S
55159,E
55163,E
55164,S
55165,S
55167,E
55169,S
55170,S
55171,E
55172,S
55173,E
55175,S
55176,S
55178,E
55179,E
55180,S
55182,S
55184,S
55186,S
55187,E
55188,S
55190,E
55191,E
55192,S
55194,S
55197,E
55199,S
55201,S
55204,E
55207,S
55208,S
55209,E
55210,S
55211,E
55218,S
55219,S
55222,S
55224,E
55227,S
55228,S
55229,S
55231,E
55232,E
55234,E
55235,S
55237,E
55238,S
55239,E
55240,S
55246,S
55253,S
55258,S
55259,S
55260,S
55261,S
55262,S
55265,E
55266,S
55267,E
55270,S
55272,S
55273,E
55275,E
55276,E
55279,E
55280,S
55283,S
55284,S
55286,S
55287,E
55289,E
55291,S
55294,S
55295,S
55296,S
55297,S
55299,S
55300,E
55304,S
55305,S
55306,S
55311,S
55312,E
55316,E
55319,E
55325,S
55327,S
55328,S
55329,S
55330,S
55333,S
55335,E
55338,E
55339,S
55344,S
55345,S
55347,S
55349,S
55350,E
55353,E
55354,S
55355,S
55357,S
55359,E
55360,E
55364,S
55365,E
55370,E
55372,S
55374,S
55379,S
55380,E
55381,S
55382,E
55388,E
55389,S
55391,S
55393,S
55396,S
55401,S
55404,S
55416,E
55417,E
55419,E
55421,E
55423,S
55424,E
55425,S
55426,S
55427,E
55429,E
55433,S
55435,E
55437,E
55438,S
55439,S
55441,S
55444,E
55445,E
55452,S
55453,E
55454,S
55455,S
55456,E
55460,S
55465,S
55466,S
55469,E
55471,S
55474,S
55476,S
55477,S
55478,S
55479,S
55480,S
55481,S
55485,E
55490,S
55498,E
55501,E
55503,E
55508,E
55509,S
55510,S
55511,S
55515,S
55519,S
55520,E
55521,E
55523,S
55525,E
55526,S
55527,S
55529,S
55530,S
55531,S
55532,E
55534,S
55535,S
55537,S
55538,E
55539,S
55542,S
55544,S
55546,S
55548,E
55550,E
55551,S
55554,S
55557,E
55558,E
55559,E
55561,S
55562,E
55564,E
55565,S
55567,S
55568,S
55569,S
55572,S
55573,E
55575,E
55577,S
55578,S
55579,E
55581,E
55583,S
55585,S
55586,S
55587,E
55588,E
55591,S
55593,S
55597,S
55599,S
55601,S
55604,S
55608,S
55610,S
55613,S
55614,E
55615,S
55616,S
55619,E
55621,S
55622,E
55627,S
55630,E
55631,E
55634,E
55635,E
55636,S
55642,S
55648,S
55650,S
55655,E
55658,S
55661,S
55662,S
55663,E
55664,E
55665,E
55666,E
55667,S
55669,E
55670,S
55674,S
55675,S
55676,E
55679,E
55680,S
55681,S
55682,S
55686,E
55687,E
55688,S
55690,S
55691,S
55692,E
55694,S
55695,S
55697,S
55698,E
55699,E
55702,E
55703,S
55706,E
55707,E
55708,E
55710,S
55711,S
55712,S
55713,E
55717,E
55720,E
55721,S
55722,E
55723,S
55724,S
55725,S
55731,S
55733,S
55734,E
55735,S
55740,S
55741,S
55742,S
55744,E
55746,E
55749,E
55751,A
55753,S
55754,S
55756,E
55757,E
55761,S
55763,E
55765,E
55766,S
55767,S
55770,S
55772,S
55774,S
55775,S
55777,E
55778,E
55780,E
55783,S
55787,S
55788,S
55789,E
55790,S
55791,S
55792,E
55793,S
55795,S
55797,S
55798,S
55801,S
55803,S
55806,S
55807,E
55808,E
55810,S
55811,S
55813,S
55815,E
55817,S
55818,S
55823,S
55824,S
55826,S
55828,S
55831,S
55832,S
55833,S
55834,S
55835,S
55838,E
55843,S
55844,S
55845,S
55846,S
55847,S
55850,E
55851,S
55857,E
55859,S
55862,S
55863,S
55864,E
55865,S
55867,E
55868,S
55869,E
55875,S
55877,E
55878,S
55885,S
55886,E
55887,S
55888,E
55889,E
55890,S
55891,S
55892,E
55893,S
55895,S
55897,S
55903,S
55907,S
55908,S
55911,E
55912,S
55921,E
55922,E
55923,E
55924,E
55925,E
55926,E
55929,E
55931,S
55938,S
55939,S
55941,S
55944,E
55945,S
55947,S
55949,S
55950,E
55952,S
55954,S
55955,E
55956,E
55957,S
55958,E
55960,E
55961,S
55962,S
55964,E
55965,E
55966,S
55967,E
55968,E
55970,S
55972,E
55974,S
55980,S
55981,E
55982,E
55984,S
55985,S
55986,S
55987,S
55988,E
55989,E
55990,S
55992,S
55998,S
56000,S
56001,S
56002,S
56004,S
56005,E
56006,E
56007,S
56008,S
56009,E
56010,E
56015,E
56016,E
56017,S
56019,S
56020,E
56025,S
56027,S
56028,E
56030,E
56031,S
56032,E
56037,S
56039,S
56040,S
56043,E
56045,E
56048,S
56049,E
56050,S
56053,S
56055,S
56058,S
56059,S
56062,E
56067,S
56068,S
56069,S
56070,S
56072,E
56076,S
56077,S
56079,E
56083,E
56088,S
56089,E
56091,S
56092,E
56093,E
56096,E
56098,E
56099,E
56104,E
56106,E
56107,S
56110,S
56112,S
56114,S
56116,S
56117,E
56121,E
56126,E
56128,S
56129,S
56131,S
56134,S
56135,E
56137,S
56139,E
56141,E
56143,E
56144,S
56147,E
56149,S
56151,E
56153,S
56155,S
56156,E
56157,S
56158,S
56159,E
56160,E
56163,E
56165,E
56167,S
56170,E
56171,E
56173,S
56174,S
56176,S
56179,E
56181,S
56185,S
56189,S
56190,S
56191,S
56195,S
56196,E
56197,E
56199,E
56200,S
56201,A
56204,S
56208,E
56209,E
56210,S
56211,S
56212,S
56214,S
56216,S
56217,S
56219,S
56220,S
56221,E
56222,S
56224,S
56225,S
56227,E
56228,E
56232,E
56233,E
56234,E
56236,S
56237,S
56239,S
56240,S
56244,E
56245,S
56247,S
56251,E
56254,E
56257,S
56260,S
56261,E
56262,S
56267,S
56271,S
56272,S
56274,S
56275,S
56276,E
56277,S
56279,E
56281,S
56282,S
56284,S
56285,S
56289,E
56290,E
56291,E
56294,S
56295,S
56296,E
56298,S
56299,E
56303,E
56304,E
56305,E
56306,S
56307,S
56310,S
56311,S
56312,E
56314,S
56316,S
56318,E
56319,S
56320,S
56321,S
56322,E
56323,S
56325,E
56329,E
56334,S
56337,E
56339,E
56340,E
56342,S
56346,S
56347,E
56349,S
56350,S
56353,S
56355,S
56356,S
56361,S
56363,E
56364,E
56366,S
56367,S
56369,S
56370,S
56371,S
56372,E
56374,S
56379,S
56381,S
56382,E
56383,S
56384,S
56386,S
56387,S
56389,S
56390,S
56391,S
56392,S
56393,S
56394,E
56397,S
56398,S
56401,S
56404,S
56406,E
56407,S
56409,S
56412,E
56414,S
56415,S
56417,E
56421,E
56423,E
56425,E
56427,E
56428,S
56429,E
56430,E
56431,E
56437,S
56441,S
56445,S
56449,S
56452,S
56454,S
56456,E
56457,E
56459,E
56461,E
56462,E
56463,S
56467,S
56471,S
56475,E
56479,S
56483,S
56490,S
56491,E
56492,S
56493,E
56495,S
56496,S
56498,S
56499,E
56506,S
56507,S
56511,E
56515,S
56516,S
56519,E
56520,S
56522,S
56525,S
56526,S
56527,S
56528,S
56530,S
56533,S
56534,S
56536,S
56537,S
56538,S
56540,S
56543,S
56544,S
56545,S
56546,S
56547,S
56550,S
56551,S
56556,E
56559,S
56561,S
56562,S
56564,S
56565,E
56566,E
56571,S
56575,S
56576,E
56577,S
56580,E
56582,S
56583,S
56584,S
56586,S
56587,E
56588,E
56589,S
56593,S
56595,S
56596,E
56597,S
56598,E
56602,E
56603,S
56608,S
56610,E
56611,E
56612,S
56613,S
56616,S
56617,E
56619,S
56620,E
56622,E
56626,E
56627,S
56629,S
56630,E
56633,S
56636,S
56639,S
56640,E
56643,S
56646,S
56648,E
56650,E
56658,E
56663,E
56664,E
56667,S
56668,E
56671,S
56672,A
56674,E
56675,S
56676,E
56679,S
56681,S
56682,E
56686,S
56688,S
56689,S
56692,E
56693,E
56695,E
56696,E
56697,E
56698,S
56701,E
56705,E
56710,E
56712,S
56713,E
56716,S
56717,S
56719,E
56722,E
56723,S
56726,E
56728,S
56729,S
56732,S
56733,S
56734,E
56735,S
56737,S
56739,S
56740,E
56741,S
56742,S
56744,E
56748,E
56749,E
56750,S
56757,S
56758,E
56759,S
56760,S
56761,S
56762,S
56764,E
56767,S
56768,S
56769,S
56771,S
56774,E
56776,E
56780,S
56781,E
56782,S
56786,E
56790,E
56792,E
56797,S
56799,S
56802,S
56803,E
56806,S
56808,E
56809,E
56810,S
56813,S
56814,E
56819,S
56820,S
56821,S
56822,S
56823,S
56824,E
56826,S
56827,E
56828,E
56832,E
56834,E
56835,E
56837,E
56839,S
56841,S
56842,E
56843,S
56844,S
56848,S
56849,E
56852,S
56854,S
56856,S
56857,S
56859,E
56861,S
56863,S
56864,S
56866,S
56867,E
56868,E
56870,E
56876,E
56878,S
56879,S
56882,S
56883,E
56885,E
56887,E
56889,S
56894,E
56895,E
56896,E
56897,E
56898,S
56903,E
56904,E
56906,S
56907,E
56908,E
56910,E
56913,E
56916,S
56919,S
56920,S
56924,S
56926,E
56929,S
56930,S
56931,E
56939,S
56940,S
56941,S
56942,E
56943,S
56944,E
56946,E
56948,S
56949,S
56950,E
56951,S
56953,S
56955,S
56957,S
56959,E
56960,E
56963,E
56964,E
56969,E
56972,S
56973,S
56974,S
56975,S
56976,S
56977,E
56979,E
56984,E
56988,S
56991,S
56993,S
56995,E
56997,S
57000,E
57001,E
57009,S
57010,S
57012,S
57014,E
57016,S
57020,S
57021,E
57026,S
57028,S
57030,E
57031,E
57032,E
57036,S
57038,S
57043,S
57046,E
57049,S
57054,E
57056,S
57057,E
57059,S
57060,E
57061,E
57062,S
57063,S
57064,S
57066,E
57067,S
57069,E
57070,S
57071,S
57074,S
57077,S
57078,E
57080,E
57083,S
57084,E
57086,S
57087,S
57089,S
57092,S
57093,S
57094,S
57097,S
57098,E
57099,S
57100,E
57101,S
57102,S
57107,S
57108,S
57112,S
57115,S
57118,S
57121,E
57124,S
57125,E
57128,E
57130,E
57131,E
57133,E
57136,S
57138,S
57139,E
57140,S
57141,S
57142,E
57143,S
57144,E
57145,E
57149,A
57151,E
57153,E
57156,S
57157,S
57158,S
57159,S
57162,S
57163,S
57164,S
57165,S
57168,E
57169,E
57170,S
57171,S
57173,S
57177,E
57179,S
57180,S
57181,E
57182,E
57186,E
57187,S
57188,E
57189,S
57190,S
57191,S
57192,E
57193,S
57194,S
57195,S
57199,E
57200,S
57201,S
57203,S
57204,S
57205,S
57208,S
57209,S
57210,S
57213,E
57214,S
57219,S
57223,E
57224,S
57225,E
57230,E
57231,E
57233,E
57239,E
57244,E
57245,S
57249,S
57251,S
57252,E
57253,S
57254,S
57255,E
57257,S
57262,S
57263,S
57264,S
57265,S
57266,E
57268,S
57270,E
57273,E
57274,S
57275,S
57277,E
57279,S
57281,S
57284,S
57285,S
57286,S
57287,S
57288,S
57289,E
57293,E
57295,S
57296,S
57304,S
57305,S
57306,E
57307,S
57308,E
57310,E
57312,E
57313,S
57314,S
57315,E
57317,E
57318,S
57322,E
57323,S
57325,E
57327,E
57329,S
57333,E
57334,S
57336,S
57337,S
57342,S
57344,E
57345,S
57347,S
57348,S
57351,E
57353,E
57357,S
57358,S
57359,E
57361,S
57365,S
57366,E
57367,S
57370,E
57377,E
57378,E
57384,S
57386,E
57389,E
57391,E
57393,S
57395,S
57396,E
57397,S
57399,E
57400,S
57405,S
57407,S
57408,S
57410,S
57413,E
57415,E
57416,S
57420,S
57421,E
57422,E
57425,S
57426,E
57429,E
57434,S
57436,E
57439,E
57443,E
57444,E
57445,S
57446,S
57448,S
57449,E
57452,S
57454,S
57455,S
57459,E
57460,E
57463,S
57466,E
57468,S
57469,S
57470,S
57473,S
57474,E
57475,S
57477,E
57478,E
57480,S
57483,S
57484,E
57485,E
57486,S
57487,E
57491,S
57493,E
57494,S
57495,E
57497,S
57498,S
57499,S
57502,S
57503,E
57507,S
57511,S
57515,S
57519,S
57520,S
57521,S
57522,E
57523,S
57525,S
57528,S
57529,E
57531,E
57532,E
57533,S
57534,S
57535,E
57536,S
57540,S
57544,S
57547,S
57551,E
57552,S
57555,E
57556,S
57560,E
57562,S
57563,E
57564,S
57566,E
57567,S
57569,S
57570,S
57571,S
57572,E
57574,E
57575,E
57579,S
57585,S
57586,E
57588,S
57589,S
57592,E
57593,E
57595,E
57596,E
57597,E
57599,E
57603,S
57605,E
57608,E
57609,S
57613,S
57614,E
57615,S
57616,E
57618,S
57619,S
57620,S
57623,E
57624,E
57626,E
57627,E
57630,S
57633,S
57634,S
57635,S
57636,S
57637,E
57641,E
57644,E
57645,E
57646,S
57647,E
57648,S
57649,S
57651,E
57655,S
57657,S
57660,S
57663,S
57668,S
57669,S
57670,E
57672,S
57673,E
57676,E
57679,E
57680,E
57681,S
57682,S
57683,E
57686,S
57689,S
57691,S
57692,E
57696,S
57699,S
57700,S
57701,S
57702,S
57703,E
57704,S
57705,S
57706,E
57708,S
57709,S
57710,E
57712,S
57714,S
57715,E
57716,S
57717,E
57718,E
57719,S
57720,S
57721,S
57722,E
57723,E
57725,E
57726,S
57727,E
57733,S
57734,S
57736,E
57738,S
57742,E
57743,S
57744,E
57745,S
57747,E
57748,S
57750,S
57751,S
57752,E
57754,S
57757,E
57759,E
57760,S
57761,S
57762,S
57763,S
57764,E
57766,S
57767,S
57772,S
57773,S
57775,S
57777,E
57780,S
57781,E
57784,E
57785,E
57789,S
57790,E
57792,E
57793,S
57794,S
57795,S
57801,S
57804,S
57807,S
57811,S
57813,E
57814,E
57815,S
57817,E
57818,E
57819,S
57821,S
57824,E
57826,S
57828,S
57829,S
57833,E
57834,E
57835,E
57836,E
57837,S
57838,S
57839,S
57843,E
57844,E
57846,S
57847,S
57849,S
57856,S
57860,E
57861,E
57862,S
57863,S
57864,E
57867,E
57869,E
57870,E
57873,E
57874,E
57878,E
57882,E
57883,S
57884,S
57885,S
57886,S
57887,S
57888,E
57890,E
57891,S
57892,S
57894,S
57900,S
57902,E
57904,S
57906,S
57907,S
57908,S
57909,S
57912,S
57914,E
57915,E
57916,E
57917,S
57919,S
57921,S
57923,E
57927,S
57928,E
57929,S
57930,E
57932,E
57933,S
57934,S
57935,S
57936,S
57940,S
57942,E
57944,S
57945,S
57948,E
57949,E
57951,S
57952,E
57954,E
57956,E
57959,S
57961,S
57962,S
57964,S
57966,E
57967,S
57968,E
57971,S
57972,E
57976,S
57977,E
57979,E
57980,E
57981,S
57982,S
57983,E
57985,E
57987,E
57989,E
57990,E
57991,E
57992,E
57994,S
57996,S
58003,E
58004,S
58005,E
58006,E
58011,E
58012,S
58013,S
58015,E
58016,E
58018,E
58020,S
58021,E
58023,S
58024,S
58025,E
58026,S
58028,S
58029,S
58031,E
58034,S
58035,E
58036,S
58037,S
58038,S
58040,S
58041,S
58043,E
58044,S
58048,S
58049,S
58050,E
58053,S
58056,E
58057,E
58059,E
58062,S
58063,S
58066,S
58067,E
58071,S
58072,S
58075,S
58076,E
58077,E
58078,E
58080,S
58082,S
58085,S
58087,S
58089,S
58090,S
58093,E
58094,S
58095,E
58097,S
58099,E
58103,S
58105,S
58106,E
58108,E
58110,S
58111,E
58114,S
58116,E
58117,S
58120,E
58121,E
58122,E
58126,S
58127,E
58128,E
58129,E
58130,S
58133,E
58135,S
58136,S
58137,S
58138,S
58142,S
58143,S
58146,E
58149,E
58150,S
58152,S
58153,S
58154,E
58156,S
58157,E
58158,E
58159,E
58160,S
58163,E
58164,E
58166,S
58167,E
58176,S
58177,S
58180,E
58182,E
58183,S
58184,S
58185,S
58186,S
58187,S
58188,S
58190,S
58193,E
58194,S
58195,E
58197,S
58200,E
58207,E
58208,S
58209,S
58211,S
58212,E
58214,E
58215,S
58216,S
58218,E
58220,E
58223,E
58225,S
58228,S
58229,S
58231,S
58235,S
58239,S
58240,S
58241,E
58249,S
58251,S
58252,E
58253,S
58254,S
58255,S
58256,S
58258,S
58260,S
58262,S
58263,S
58264,S
58265,S
58267,S
58270,S
58271,S
58274,E
58275,S
58276,E
58277,S
58279,E
58280,E
58282,S
58283,S
58288,S
58289,S
58291,S
58297,S
58298,S
58300,S
58301,E
58305,S
58306,E
58307,S
58310,S
58311,S
58314,S
58316,E
58317,E
58320,E
58322,S
58325,S
58328,E
58332,E
58334,E
58336,E
58339,E
58343,E
58344,S
58349,E
58350,S
58353,E
58354,E
58355,S
58360,E
58362,S
58363,S
58366,E
58367,S
58369,S
58374,E
58375,S
58376,E
58377,S
58381,S
58383,E
58384,S
58386,S
58387,S
58388,S
58389,S
58392,E
58394,S
58397,S
58399,S
58400,S
58401,S
58402,S
58403,E
58407,S
58410,S
58411,S
58412,S
58413,S
58415,E
58421,S
58426,S
58428,E
58432,E
58433,E
58439,S
58442,E
58444,S
58445,S
58447,S
58448,S
58449,S
58451,E
58454,S
58457,S
58458,S
58459,S
58461,S
58462,S
58466,S
58467,E
58468,E
58470,S
58472,S
58474,E
58475,S
58476,E
58477,S
58478,S
58479,E
58480,S
58481,E
58483,S
58485,S
58486,S
58487,S
58489,E
58495,S
58496,S
58497,S
58502,E
58505,S
58506,E
58509,S
58512,S
58515,S
58516,S
58517,S
58518,S
58520,E
58530,S
58531,S
58532,E
58534,E
58536,E
58537,S
58538,S
58539,E
58541,E
58543,E
58546,S
58548,E
58550,S
58551,E
58555,E
58558,S
58561,S
58569,E
58570,S
58571,E
58574,E
58575,E
58576,S
58578,S
58579,S
58580,E
58583,S
58592,S
58594,E
58596,S
58597,S
58602,E
58604,E
58605,E
58606,S
58608,S
58609,S
58611,E
58613,E
58614,E
58615,E
58616,S
58617,S
58619,E
58620,S
58621,S
58622,E
58623,E
58624,S
58625,S
58626,S
58628,E
58631,S
58633,S
58634,E
58637,S
58638,S
58641,S
58642,S
58645,S
58646,S
58648,S
58651,E
58654,E
58656,E
58657,E
58658,E
58660,E
58668,S
58672,E
58674,S
58675,E
58676,S
58677,E
58680,S
58681,E
58682,E
58685,S
58687,S
58694,S
58696,S
58697,S
58698,E
58699,E
58700,S
58702,S
58704,S
58707,S
58709,E
58710,E
58711,E
58712,S
58713,S
58716,S
58717,S
58719,S
58721,S
58723,E
58724,E
58726,S
58730,E
58731,E
58732,S
58736,E
58737,S
58738,S
58739,S
58740,S
58741,S
58742,S
58744,E
58745,S
58748,S
58751,S
58755,E
58756,E
58757,E
58758,S
58759,S
58761,E
58762,E
58764,E
58765,S
58767,S
58768,E
58769,S
58770,S
58772,E
58773,S
58774,S
58776,S
58780,S
58781,S
58783,E
58784,E
58786,E
58787,E
58789,E
58792,S
58797,E
58800,S
58806,S
58813,S
58814,E
58816,S
58817,E
58818,S
58820,S
58821,E
58826,S
58830,E
58831,S
58834,E
58835,E
58836,S
58838,S
58841,E
58842,S
58843,S
58848,E
58849,E
58850,E
58852,S
58857,S
58858,S
58859,S
58860,E
58861,E
58865,E
58866,E
58867,E
58869,E
58870,S
58871,E
58872,E
58873,S
58874,S
58875,E
58876,E
58879,S
58880,S
58881,S
58883,S
58884,S
58885,S
58889,S
58891,S
58893,E
58896,S
58897,S
58899,E
58900,E
58901,E
58904,E
58908,S
58909,E
58910,E
58912,S
58914,E
58915,S
58918,S
58919,E
58921,S
58923,S
58927,E
58930,S
58931,E
58936,S
58937,S
58939,S
58940,E
58942,E
58944,S
58945,S
58946,S
58947,S
58949,S
58950,E
58951,E
58954,E
58957,S
58958,S
58961,E
58962,S
58964,E
58966,S
58968,S
58969,S
58970,E
58971,S
58972,S
58974,E
58975,E
58976,E
58979,E
58980,S
58981,S
58982,E
58983,S
58984,S
58985,E
58988,E
58990,S
58991,S
58992,S
58993,S
58994,E
58997,S
59000,E
59001,E
59004,E
59005,S
59006,E
59008,E
59009,E
59010,E
59011,S
59016,S
59017,E
59019,S
59020,S
59021,S
59023,S
59024,S
59028,E
59029,E
59030,E
59032,E
59033,E
59035,E
59037,S
59039,E
59040,S
59042,E
59043,E
59044,E
59046,S
59047,E
59049,S
59051,S
59053,E
59055,S
59056,E
59057,S
59061,S
59062,S
59063,S
59064,S
59065,S
59066,S
59071,E
59076,S
59078,E
59080,E
59081,S
59082,S
59085,E
59086,E
59087,E
59088,E
59091,E
59096,S
59099,S
59100,S
59101,E
59106,S
59107,E
59108,S
59112,E
59113,S
59115,S
59116,S
59118,S
59120,S
59121,S
59122,E
59123,S
59126,S
59131,E
59132,S
59134,S
59135,S
59145,S
59146,S
59150,E
59151,S
59152,S
59155,S
59156,S
59157,E
59161,E
59165,E
59168,S
59169,E
59171,S
59172,E
59174,S
59182,S
59183,S
59184,S
59185,S
59186,S
59187,S
59194,E
59195,S
59196,S
59197,E
59199,S
59201,E
59202,S
59204,S
59205,S
59207,S
59208,S
59211,S
59213,S
59214,E
59218,E
59220,S
59222,S
59226,S
59227,S
59228,S
59232,S
59233,S
59237,S
59239,E
59240,E
59241,E
59242,E
59248,S
59250,E
59253,S
59256,S
59257,S
59259,E
59264,S
59266,E
59268,S
59272,E
59274,E
59276,E
59277,S
59278,E
59279,E
59280,E
59281,E
59282,E
59284,E
59286,E
59288,E
59290,S
59292,E
59293,E
59294,E
59296,S
59298,S
59299,E
59300,E
59303,S
59309,S
59311,E
59312,S
59314,S
59316,S
59317,S
59318,S
59319,S
59320,E
59324,S
59325,S
59327,S
59331,S
59334,S
59335,S
59336,E
59338,E
59341,E
59347,S
59351,S
59352,E
59355,E
59358,E
59360,S
59361,S
59363,S
59364,E
59366,S
59369,E
59373,E
59374,S
59377,S
59382,E
59384,S
59385,S
59388,S
59389,E
59390,S
59391,S
59393,S
59394,E
59395,E
59396,S
59399,S
59402,E
59403,S
59405,E
59406,E
59407,S
59410,E
59411,E
59412,E
59415,E
59416,S
59419,E
59423,S
59424,E
59425,S
59429,S
59431,S
59432,E
59434,S
59435,E
59436,E
59440,S
59441,E
59442,S
59443,S
59447,E
59449,S
59450,S
59451,E
59452,S
59453,S
59455,S
59458,E
59459,S
59461,S
59463,S
59464,S
59465,S
59466,E
59473,S
59474,E
59475,E
59479,S
59480,S
59481,S
59482,S
59483,S
59484,E
59485,E
59487,S
59488,S
59489,E
59491,E
59492,S
59498,E
59499,S
59503,S
59505,S
59506,S
59507,S
59508,S
59509,E
59515,S
59520,S
59521,E
59523,S
59525,E
59527,S
59531,S
59532,E
59533,S
59535,S
59538,S
59539,S
59540,E
59541,E
59543,S
59544,S
59545,S
59546,S
59547,E
59551,E
59552,S
59555,S
59556,S
59557,E
59559,E
59560,S
59565,S
59566,S
59569,E
59570,E
59572,E
59573,S
59574,E
59576,E
59581,E
59582,S
59583,E
59585,E
59586,S
59587,S
59588,E
59592,S
59593,E
59595,E
59597,E
59602,S
59603,E
59604,E
59606,E
59607,S
59608,E
59609,S
59611,E
59612,E
59613,E
59614,S
59615,E
59616,S
59618,S
59620,S
59621,E
59623,S
59625,S
59627,S
59628,E
59630,S
59633,S
59634,S
59636,E
59637,S
59640,E
59641,S
59643,S
59644,S
59645,E
59646,E
59647,E
59650,S
59651,E
59652,E
59654,S
59656,S
59657,S
59659,S
59661,S
59664,E
59665,S
59666,S
59667,E
59668,S
59669,S
59670,E
59671,A
59673,S
59674,E
59675,E
59679,E
59680,S
59681,S
59683,S
59687,S
59688,S
59690,S
59692,E
59693,E
59694,S
59696,S
59697,E
59702,S
59703,E
59707,S
59708,S
59711,S
59714,S
59716,S
59719,S
59720,E
59721,S
59722,E
59723,E
59724,E
59725,S
59726,E
59727,S
59729,S
59730,S
59731,E
59732,S
59733,S
59734,S
59737,E
59740,S
59741,E
59742,E
59743,E
59744,S
59748,S
59749,S
59750,S
59751,S
59755,S
59756,S
59759,E
59761,E
59764,E
59766,S
59769,S
59771,E
59773,E
59774,S
59777,S
59778,E
59779,S
59782,S
59784,S
59785,S
59786,E
59788,E
59789,S
59790,S
59792,S
59793,S
59794,E
59795,S
59796,E
59798,S
59800,S
59801,E
59802,S
59804,S
59805,S
59807,S
59808,S
59809,S
59810,E
59814,S
59819,E
59823,S
59825,S
59826,E
59827,S
59828,S
59829,E
59831,S
59833,E
59835,S
59840,S
59842,S
59844,E
59850,S
59851,S
59852,S
59853,S
59855,S
59856,S
59857,S
59862,E
59863,E
59864,E
59866,E
59867,S
59869,S
59871,S
59877,S
59878,S
59880,S
59884,S
59885,S
59890,E
59894,S
59895,S
59896,E
59899,S
59900,S
59901,E
59902,S
59904,E
59905,S
59906,S
59907,S
59909,S
59910,S
59911,E
59912,S
59923,S
59925,S
59926,E
59927,S
59929,S
59931,E
59932,S
59933,S
59934,E
59935,S
59936,S
59938,E
59939,S
59941,S
59942,E
59944,S
59945,S
59946,S
59949,S
59950,S
59951,E
59952,S
59954,E
59955,S
59956,S
59958,E
59959,S
59960,S
59962,E
59964,E
59968,S
59969,S
59971,S
59972,S
59973,E
59976,S
59978,S
59979,E
59982,E
59983,E
59984,S
59986,S
59988,E
59990,E
59991,E
59993,S
59994,E
59995,S
59997,S
59999,E
60000,S
60002,S
60003,E
60004,S
60005,S
60009,S
60011,S
60013,E
60016,S
60018,E
60020,E
60021,E
60022,S
60023,S
60030,S
60033,S
60035,S
60037,E
60040,E
60042,S
60045,E
60049,E
60050,E
60051,E
60056,E
60057,S
60059,S
60062,S
60063,E
60064,S
60066,S
60067,E
60068,E
60071,S
60074,S
60075,E
60076,E
60079,E
60080,S
60082,S
60084,E
60086,E
60088,S
60089,S
60091,E
60092,S
60093,E
60094,S
60095,S
60096,S
60098,S
60099,S
60100,E
60102,S
60105,S
60106,S
60107,S
60109,E
60111,S
60117,S
60118,S
60119,S
60121,E
60122,S
60128,S
60129,S
60131,S
60132,A
60133,S
60138,S
60139,E
60141,E
60142,S
60143,E
60144,S
60146,E
60148,S
60149,E
60150,S
60151,E
60152,S
60155,S
60156,E
60157,S
60158,E
60164,S
60166,E
60169,S
60171,S
60174,S
60177,S
60178,E
60179,S
60181,S
60182,E
60183,E
60184,E
60186,E
60187,E
60188,E
60191,S
60195,S
60197,E
60199,S
60201,E
60202,S
60203,S
60206,E
60207,S
60208,S
60209,S
60210,E
60212,S
60213,E
60215,S
60217,S
60220,E
60221,S
60222,E
60224,S
60225,E
60227,S
60230,S
60231,E
60232,S
60237,E
60243,E
60245,E
60246,E
60247,S
60249,E
60251,A
60254,S
60257,E
60258,S
60259,E
60260,S
60261,E
60267,S
60270,S
60271,S
60273,S
60274,E
60276,E
60277,S
60278,S
60280,S
60283,E
60284,S
60285,S
60288,E
60289,E
60290,S
60292,S
60294,E
60296,E
60299,S
60300,E
60301,E
60302,S
60303,S
60304,S
60305,S
60306,S
60307,E
60308,E
60309,E
60310,S
60311,S
60312,S
60313,S
60315,S
60316,S
60317,E
60318,S
60319,E
60326,E
60330,S
60336,S
60340,E
60341,E
60342,S
60347,S
60349,E
60350,S
60355,E
60356,E
60358,S
60359,E
60363,S
60364,S
60365,S
60367,S
60368,E
60369,E
60370,S
60372,S
60374,S
60375,E
60381,S
60382,E
60385,E
60386,S
60387,S
60388,E
60391,S
60392,S
60393,S
60394,E
60398,S
60399,E
60400,S
60401,S
60403,S
60408,S
60409,S
60410,S
60411,S
60412,S
60414,S
60415,E
60418,S
60422,S
60423,E
60424,S
60425,S
60426,S
60427,E
60429,S
60432,S
60435,S
60437,E
60438,S
60440,S
60442,S
60443,S
60444,S
60448,E
60450,E
60451,E
60452,S
60453,S
60455,S
60456,E
60458,E
60460,S
60462,S
60464,E
60465,S
60467,S
60470,S
60471,S
60472,S
60473,S
60475,S
60477,S
60481,S
60484,S
60486,E
60487,E
60490,S
60493,E
60494,S
60495,S
60496,E
60499,E
60501,E
60502,S
60504,S
60506,E
60507,S
60508,E
60510,E
60512,E
60513,S
60514,E
60518,S
60519,S
60520,S
60522,S
60523,E
60524,E
60528,S
60529,E
60533,E
60536,S
60537,E
60538,E
60539,E
60545,E
60546,S
60547,S
60548,S
60549,S
60550,S
60551,S
60552,S
60553,S
60554,S
60555,E
60556,E
60557,A
60558,E
60559,E
60560,E
60562,E
60564,E
60565,S
60566,S
60569,E
60571,S
60572,S
60573,S
60575,S
60580,S
60581,S
60583,S
60587,S
60588,S
60589,S
60592,E
60593,S
60595,E
60596,S
60598,S
60599,S
60600,S
60601,E
60604,S
60606,E
60607,S
60608,S
60610,E
60611,S
60612,S
60613,S
60614,E
60615,E
60616,S
60618,S
60620,E
60621,S
60622,E
60623,E
60624,E
60625,S
60626,S
60630,S
60633,S
60634,E
60635,S
60636,S
60641,S
60646,E
60647,E
60648,S
60649,E
60650,E
60651,S
60652,E
60653,S
60654,S
60655,S
60657,E
60661,E
60662,S
60663,E
60664,E
60665,S
60666,E
60667,S
60669,E
60670,S
60671,S
60674,S
60675,E
60677,S
60679,E
60681,S
60685,S
60686,S
60687,S
60689,S
60691,E
60692,E
60693,S
60694,E
60697,E
60699,S
60700,S
60703,E
60708,S
60709,S
60712,E
60714,E
60715,S
60716,E
60718,E
60720,S
60721,S
60722,S
60723,E
60725,E
60727,E
60729,E
60730,E
60732,S
60733,E
60734,S
60736,E
60739,E
60741,E
60743,E
60744,E
60747,S
60748,E
60751,E
60756,S
60757,S
60759,S
60760,S
60761,E
60762,S
60764,S
60765,E
60766,E
60767,S
60768,S
60771,S
60773,E
60774,E
60775,S
60777,E
60778,S
60781,E
60783,S
60786,S
60790,E
60793,S
60795,S
60800,E
60801,S
60802,E
60803,S
60804,E
60808,E
60810,E
60812,E
60813,E
60814,S
60815,S
60816,S
60817,S
60818,E
60820,E
60822,E
60824,S
60827,S
60828,S
60830,E
60831,S
60832,E
60833,S
60834,E
60835,S
60836,S
60838,E
60840,S
60841,S
60844,S
60845,S
60846,S
60849,S
60850,S
60851,E
60852,S
60855,S
60856,E
60857,S
60858,E
60860,S
60863,E
60864,E
60868,E
60869,S
60870,S
60871,S
60872,E
60876,S
60877,E
60878,S
60879,E
60880,S
60881,S
60882,S
60883,S
60884,E
60885,S
60886,S
60887,S
60888,S
60890,E
60891,E
60892,S
60893,S
60895,E
60897,E
60899,E
60900,E
60901,E
60902,S
60904,S
60905,E
60907,E
60909,S
60910,E
60911,S
60912,S
60915,E
60917,S
60919,S
60921,S
60924,S
60927,S
60930,E
60932,S
60934,S
60935,S
60937,S
60938,S
60940,E
60943,E
60944,E
60945,S
60946,E
60947,S
60948,S
60949,S
60950,S
60951,S
60952,S
60953,E
60954,E
60955,S
60956,S
60959,E
60960,S
60961,E
60962,S
60965,S
60966,E
60967,E
60970,S
60976,S
60977,S
60979,E
60980,S
60981,E
60982,S
60985,S
60986,E
60989,S
60990,E
60996,S
60997,S
60998,S
60999,S
61000,S
61001,S
61002,S
61005,S
61007,E
61008,S
61010,S
61012,E
61015,S
61021,S
61022,S
61023,S
61024,E
61025,S
61028,E
61029,E
61031,S
61032,S
61034,E
61040,S
61041,S
61042,E
61043,E
61046,S
61048,E
61049,E
61053,E
61054,S
61055,S
61058,S
61062,S
61063,E
61064,E
61067,E
61068,E
61071,E
61072,E
61073,S
61074,E
61075,E
61076,S
61078,S
61079,E
61080,S
61083,S
61084,S
61086,S
61090,S
61092,E
61093,S
61094,S
61097,E
61099,S
61100,E
61101,S
61103,S
61106,E
61107,S
61109,E
61110,S
61113,E
61114,S
61115,E
61121,E
61122,S
61123,E
61124,S
61126,E
61127,S
61134,S
61138,E
61140,S
61143,S
61144,E
61148,E
61150,E
61152,S
61153,E
61154,S
61156,S
61157,E
61160,S
61162,S
61164,S
61167,S
61171,S
61175,E
61176,S
61177,E
61179,E
61180,S
61182,E
61183,S
61184,E
61185,S
61186,S
61192,E
61194,E
61196,S
61198,E
61199,E
61200,E
61201,S
61204,E
61205,E
61207,E
61208,E
61210,S
61213,E
61215,S
61219,E
61220,E
61225,E
61226,S
61227,S
61228,S
61229,E
61231,S
61233,S
61234,S
61236,S
61237,S
61239,E
61241,E
61242,S
61244,E
61246,E
61247,E
61248,S
61249,S
61254,E
61257,E
61259,S
61260,S
61261,S
61263,S
61266,E
61268,E
61271,E
61272,S
61275,E
61276,E
61278,S
61279,E
61281,S
61282,S
61283,S
61286,S
61289,E
61290,E
61291,S
61292,S
61293,S
61297,S
61298,S
61299,S
61301,S
61303,S
61309,E
61311,E
61312,E
61315,E
61317,S
61318,E
61322,S
61323,S
61324,S
61325,E
61326,E
61328,S
61329,S
61330,E
61332,S
61333,S
61334,S
61335,E
61336,E
61337,E
61338,S
61339,S
61342,E
61343,S
61344,S
61345,E
61346,E
61347,E
61352,E
61355,E
61359,S
61360,S
61361,S
61362,E
61363,S
61365,S
61366,S
61372,S
61375,S
61380,S
61382,S
61389,S
61392,E
61400,E
61401,S
61402,S
61404,S
61405,E
61406,E
61408,E
61410,E
61411,S
61413,S
61415,S
61417,E
61422,E
61423,S
61424,S
61425,E
61426,S
61428,S
61429,E
61430,E
61431,S
61432,S
61433,E
61434,S
61435,E
61436,E
61437,S
61443,E
61444,S
61445,E
61446,E
61448,E
61450,S
61454,E
61455,E
61456,S
61462,E
61464,E
61465,E
61467,S
61469,S
61471,E
61472,S
61473,S
61474,E
61478,E
61484,E
61485,E
61487,E
61488,S
61489,S
61490,S
61491,E
61492,S
61493,S
61494,E
61496,S
61497,E
61498,S
61499,S
61501,S
61506,S
61508,E
61509,S
61511,S
61513,E
61514,S
61517,E
61518,S
61522,S
61523,E
61524,E
61525,E
61526,S
61527,E
61530,S
61531,S
61532,S
61535,S
61538,E
61541,E
61542,S
61544,S
61545,S
61546,S
61548,S
61550,S
61552,S
61553,E
61556,E
61557,E
61562,S
61564,S
61565,E
61568,S
61569,E
61570,E
61572,S
61573,S
61574,E
61575,S
61576,E
61580,S
61581,E
61586,S
61590,S
61597,E
61600,E
61604,S
61607,S
61609,E
61611,S
61614,S
61615,E
61616,E
61617,S
61618,S
61619,S
61620,E
61622,S
61623,E
61627,S
61628,E
61630,E
61631,S
61633,S
61636,E
61638,E
61641,E
61643,E
61644,S
61645,E
61647,E
61650,E
61651,E
61653,S
61654,S
61656,S
61659,S
61661,E
61664,E
61665,S
61666,E
61668,S
61669,S
61670,E
61674,E
61676,S
61680,S
61682,S
61687,E
61689,E
61692,E
61693,S
61695,S
61696,S
61697,S
61698,S
61699,E
61701,E
61702,S
61706,S
61707,S
61708,E
61709,E
61710,E
61712,S
61713,E
61714,E
61717,E
61718,E
61721,S
61722,S
61723,S
61724,S
61730,S
61731,S
61733,S
61734,S
61735,E
61736,E
61737,S
61738,E
61739,E
61740,E
61744,S
61748,S
61749,A
61754,E
61755,S
61756,S
61759,S
61760,E
61761,S
61762,E
61764,E
61765,E
61766,S
61767,E
61774,E
61775,S
61780,E
61781,E
61783,S
61784,E
61786,S
61788,S
61790,E
61794,S
61797,S
61798,E
61801,E
61803,S
61804,S
61807,E
61810,E
61811,E
61812,E
61813,S
61818,S
61821,E
61827,S
61828,S
61832,S
61833,E
61834,S
61836,S
61838,S
61839,E
61840,S
61846,S
61847,E
61848,E
61849,E
61851,E
61855,E
61857,S
61859,E
61860,S
61864,E
61865,S
61867,E
61868,E
61869,E
61870,S
61871,S
61872,E
61876,S
61877,E
61878,S
61887,E
61890,S
61891,S
61893,S
61896,S
61898,S
61899,E
61901,S
61902,S
61903,S
61904,E
61905,E
61907,E
61908,S
61910,E
61911,S
61912,S
61915,E
61916,S
61918,S
61919,S
61920,E
61923,S
61924,S
61927,E
61935,E
61936,E
61937,S
61938,E
61939,E
61941,S
61943,E
61944,S
61945,E
61946,S
61948,S
61950,E
61951,S
61952,E
61953,S
61954,S
61955,S
61956,S
61957,E
61958,S
61959,S
61962,S
61963,S
61964,S
61966,E
61969,S
61973,S
61974,S
61977,S
61978,E
61986,S
61988,S
61990,E
61992,S
61993,S
61995,E
61996,S
61997,S
61999,S
62000,S
62001,E
62002,E
62005,E
62009,S
62010,S
62011,E
62012,S
62013,E
62014,E
62016,S
62017,E
62018,S
62019,E
62020,S
62022,S
62024,E
62025,E
62026,S
62027,E
62029,E
62034,S
62035,E
62037,S
62038,E
62041,S
62042,S
62043,S
62047,S
62048,S
62051,S
62052,E
62053,S
62054,S
62055,S
62056,S
62058,E
62061,E
62062,S
62064,E
62069,S
62070,S
62071,E
62072,E
62073,S
62074,E
62080,S
62084,E
62085,S
62086,S
62087,E
62088,E
62091,E
62093,E
62094,S
62095,E
62097,S
62100,E
62102,S
62103,S
62104,S
62105,S
62106,S
62107,S
62108,S
62111,E
62114,E
62115,E
62119,S
62120,S
62121,E
62122,S
62125,E
62129,E
62130,S
62132,S
62135,S
62137,S
62140,S
62148,S
62150,E
62151,S
62153,S
62155,S
62156,E
62157,S
62158,S
62161,E
62162,S
62164,E
62166,S
62171,S
62172,S
62176,S
62180,S
62182,S
62185,E
62186,S
62187,S
62188,E
62190,E
62192,S
62200,E
62201,E
62202,S
62203,S
62208,E
62213,E
62216,S
62218,E
62219,S
62221,S
62223,S
62224,E
62225,S
62227,E
62228,S
62230,S
62234,E
62235,S
62239,E
62240,E
62241,S
62243,S
62244,E
62247,E
62249,S
62250,E
62252,S
62253,S
62255,E
62256,S
62257,S
62260,S
62261,S
62262,S
62263,S
62264,E
62265,S
62267,S
62269,E
62270,E
62271,E
62273,E
62274,E
62278,S
62279,E
62280,S
62283,S
62286,E
62288,E
62290,S
62291,S
62292,S
62294,S
62295,S
62298,S
62300,S
62303,S
62304,S
62306,S
62307,E
62308,E
62309,S
62310,S
62311,E
62312,S
62313,E
62315,E
62316,E
62318,S
62320,S
62322,S
62323,E
62324,S
62326,S
62327,S
62329,E
62330,E
62331,S
62332,S
62334,E
62335,S
62339,E
62340,S
62345,E
62346,E
62347,S
62352,S
62355,E
62356,S
62358,E
62359,E
62361,S
62364,S
62368,S
62369,E
62372,S
62373,S
62375,S
62377,S
62378,S
62379,S
62380,S
62384,S
62385,E
62386,S
62389,E
62390,E
62391,S
62392,S
62394,S
62396,S
62399,S
62400,S
62401,E
62404,S
62406,E
62407,A
62408,S
62410,E
62411,E
62412,S
62413,S
62414,E
62415,S
62418,E
62419,E
62420,E
62421,E
62424,S
62425,E
62428,S
62429,S
62430,S
62433,S
62434,S
62435,E
62438,E
62440,E
62441,E
62442,S
62447,S
62449,S
62450,S
62451,S
62452,S
62453,E
62456,S
62457,E
62458,S
62461,E
62463,S
62464,S
62466,E
62468,E
62471,E
62473,E
62474,S
62475,S
62476,E
62477,S
62483,E
62491,E
62492,E
62493,E
62494,E
62495,S
62497,S
62500,S
62501,E
62502,S
62504,E
62508,S
62511,S
62512,E
62514,E
62515,S
62517,E
62519,E
62521,S
62524,S
62526,E
62527,S
62529,E
62536,S
62539,S
62542,S
62543,E
62545,E
62546,E
62547,E
62550,E
62551,E
62553,S
62555,S
62556,E
62558,E
62561,E
62567,S
62568,E
62573,S
62574,S
62576,E
62581,E
62582,S
62583,E
62585,E
62588,S
62589,S
62591,S
62592,S
62593,S
62594,S
62597,S
62598,E
62600,S
62602,E
62607,E
62608,E
62610,S
62611,S
62612,S
62613,E
62614,E
62615,S
62616,E
62617,E
62618,S
62619,A
62620,S
62621,E
62624,S
62628,S
62629,E
62630,E
62633,S
62634,S
62641,E
62646,S
62651,S
62652,S
62654,S
62655,S
62656,S
62657,S
62659,E
62662,S
62665,S
62666,E
62667,S
62669,S
62670,S
62671,S
62672,E
62673,E
62675,E
62676,S
62677,S
62678,S
62683,S
62690,E
62697,S
62698,E
62699,E
62701,E
62704,E
62705,S
62706,E
62709,E
62711,S
62713,S
62718,S
62719,S
62723,S
62726,E
62727,S
62728,S
62729,S
62731,S
62733,S
62735,S
62736,S
62737,E
62738,S
62740,S
62743,S
62747,S
62749,S
62751,S
62752,E
62755,S
62756,E
62758,S
62759,S
62760,E
62761,S
62763,E
62765,S
62767,S
62768,E
62769,E
62771,S
62772,E
62777,S
62778,S
62780,S
62782,S
62783,S
62785,S
62786,S
62788,S
62789,E
62791,S
62794,S
62795,S
62796,S
62798,E
62801,E
62803,E
62807,S
62808,S
62811,S
62814,S
62815,S
62816,S
62818,E
62820,S
62822,S
62824,S
62826,S
62829,E
62832,S
62835,S
62838,S
62840,S
62842,E
62843,E
62844,S
62845,S
62847,S
62849,E
62851,S
62853,S
62855,S
62856,E
62857,S
62858,S
62859,S
62860,S
62865,S
62868,S
62871,E
62874,E
62876,E
62877,S
62878,E
62879,E
62881,S
62882,S
62883,E
62884,E
62885,S
62886,E
62887,S
62890,E
62893,S
62896,E
62897,E
62898,E
62899,S
62900,S
62902,S
62903,S
62906,S
62907,E
62908,S
62909,E
62911,S
62912,S
62916,S
62918,S
62919,S
62920,S
62924,S
62926,S
62930,E
62931,S
62932,S
62933,E
62934,E
62935,S
62937,S
62942,S
62943,S
62945,S
62946,S
62947,E
62948,E
62949,E
62955,S
62956,S
62960,E
62961,S
62962,S
62967,S
62968,E
62969,E
62972,E
62973,E
62976,S
62977,E
62978,S
62982,E
62983,E
62985,S
62986,S
62989,E
62990,S
62994,E
62999,E
63001,S
63003,S
63007,E
63008,S
63009,S
63010,S
63011,S
63012,S
63015,S
63019,S
63021,E
63023,S
63028,S
63029,S
63030,S
63031,S
63032,S
63033,S
63034,E
63035,S
63036,E
63038,S
63039,S
63043,E
63044,E
63045,E
63046,S
63047,S
63048,S
63049,E
63051,E
63055,E
63056,E
63058,S
63063,E
63064,S
63068,S
63069,E
63070,S
63074,E
63076,S
63077,E
63078,E
63079,E
63081,S
63084,S
63087,S
63088,S
63089,E
63092,S
63093,S
63096,S
63101,S
63103,E
63104,S
63105,E
63106,E
63109,S
63110,S
63112,S
63113,S
63114,S
63118,S
63120,E
63124,E
63126,S
63127,S
63128,S
63130,E
63133,S
63135,S
63137,S
63138,S
63140,S
63141,E
63143,S
63144,E
63145,S
63146,E
63148,S
63151,E
63152,E
63153,E
63154,S
63155,S
63161,S
63162,E
63165,S
63168,E
63169,S
63170,S
63172,S
63173,S
63174,E
63176,S
63179,S
63180,E
63181,E
63182,S
63183,S
63186,E
63187,S
63189,S
63190,E
63191,S
63193,S
63197,E
63198,S
63200,E
63202,S
63203,S
63205,S
63206,S
63207,E
63211,E
63212,S
63214,E
63215,E
63217,S
63218,S
63219,S
63221,S
63222,S
63224,S
63225,E
63228,E
63231,S
63233,S
63234,E
63237,S
63240,S
63241,E
63244,S
63246,E
63249,S
63251,E
63255,S
63257,S
63258,S
63263,S
63265,E
63269,E
63270,S
63272,E
63275,S
63276,E
63278,S
63280,E
63281,S
63283,S
63284,S
63285,S
63286,E
63287,S
63289,S
63290,E
63291,S
63293,S
63295,E
63297,E
63298,E
63299,S
63301,E
63302,S
63305,S
63306,S
63308,E
63312,E
63313,S
63315,S
63318,E
63319,S
63320,E
63321,E
63322,E
63326,E
63327,E
63328,S
63329,S
63331,E
63332,S
63333,S
63337,S
63340,S
63345,S
63347,E
63350,E
63351,S
63352,S
63354,E
63355,S
63356,S
63357,E
63358,S
63361,E
63362,E
63363,E
63364,E
63365,E
63366,E
63368,S
63369,S
63372,E
63373,S
63375,E
63376,E
63378,S
63381,S
63383,S
63389,E
63390,S
63391,S
63393,S
63396,S
63398,E
63399,S
63400,S
63401,E
63402,E
63404,S
63406,S
63407,E
63410,A
63414,S
63415,E
63418,E
63419,E
63420,E
63422,E
63424,S
63427,S
63428,S
63437,S
63441,E
63442,E
63444,S
63445,S
63448,S
63449,S
63451,E
63453,E
63454,E
63456,S
63461,S
63462,S
63466,E
63469,S
63470,S
63471,E
63472,E
63473,S
63474,S
63479,E
63482,E
63483,S
63488,E
63495,E
63497,E
63499,S
63500,S
63504,S
63506,E
63507,E
63508,S
63513,E
63517,S
63518,E
63519,E
63520,E
63521,E
63522,E
63528,S
63529,E
63532,E
63533,S
63537,S
63540,E
63541,S
63542,S
63543,S
63547,S
63549,E
63552,E
63555,S
63557,S
63558,E
63559,E
63561,S
63562,E
63563,S
63570,S
63571,E
63572,S
63573,S
63578,S
63581,S
63582,S
63583,S
63587,S
63588,S
63589,S
63590,E
63591,E
63593,S
63594,S
63596,S
63602,S
63603,S
63604,S
63605,E
63606,S
63607,S
63609,S
63610,S
63611,S
63612,E
63614,E
63616,E
63620,S
63621,S
63625,E
63626,S
63629,S
63631,S
63632,S
63633,E
63634,S
63635,S
63638,S
63640,S
63641,S
63642,S
63643,E
63646,E
63647,E
63648,E
63652,S
63653,E
63656,S
63657,S
63658,E
63659,S
63661,S
63665,E
63666,S
63667,E
63671,E
63672,S
63673,E
63675,S
63679,E
63682,E
63683,S
63684,E
63687,E
63688,E
63690,S
63691,E
63693,S
63694,E
63695,E
63696,E
63697,E
63699,E
63701,E
63702,S
63703,E
63704,S
63706,S
63707,E
63712,S
63713,S
63714,S
63715,E
63716,S
63717,S
63719,E
63721,E
63722,E
63724,E
63727,S
63729,E
63730,E
63731,S
63734,S
63737,S
63738,E
63739,S
63742,S
63745,S
63748,S
63750,S
63753,S
63757,E
63759,S
63761,E
63762,S
63766,S
63769,S
63770,S
63771,E
63772,S
63775,E
63780,E
63781,E
63782,S
63786,E
63788,S
63790,E
63792,E
63796,S
63798,S
63800,S
63801,E
63805,S
63808,S
63810,E
63812,S
63813,S
63814,S
63824,S
63829,E
63831,E
63832,S
63834,S
63835,S
63837,E
63838,S
63840,S
63841,S
63843,S
63847,E
63849,E
63852,S
63853,E
63855,E
63858,S
63861,S
63862,E
63865,E
63866,E
63867,S
63868,S
63869,S
63870,S
63873,S
63874,E
63876,S
63878,E
63880,S
63886,E
63888,S
63889,S
63891,S
63892,E
63893,E
63896,S
63897,S
63902,S
63904,E
63908,S
63909,E
63910,S
63911,E
63912,E
63914,E
63915,E
63916,S
63918,E
63919,S
63922,S
63923,S
63924,E
63925,S
63926,E
63928,S
63929,S
63930,E
63931,E
63933,E
63934,E
63935,E
63936,E
63937,S
63938,S
63939,S
63942,E
63944,S
63947,E
63951,S
63954,E
63956,S
63958,E
63960,S
63961,E
63962,E
63963,E
63965,S
63966,E
63968,E
63975,E
63980,S
63981,S
63983,E
63984,E
63985,S
63991,S
63993,S
63994,E
63996,E
63998,E
64000,E
64001,E
64005,E
64006,E
64008,E
64009,S
64010,S
64011,S
64014,S
64015,S
64018,E
64019,S
64020,E
64021,E
64023,E
64024,S
64025,S
64026,E
64027,S
64028,S
64029,E
64031,S
64032,E
64034,E
64035,E
64036,S
64039,S
64042,E
64043,E
64044,S
64046,S
64048,S
64049,E
64051,S
64052,E
64053,S
64056,S
64058,S
64059,S
64060,S
64062,S
64063,S
64064,S
64065,E
64066,S
64067,S
64069,E
64071,E
64072,S
64073,S
64075,S
64076,S
64077,S
64078,E
64080,S
64081,S
64084,E
64085,S
64088,E
64091,E
64094,E
64097,S
64098,E
64101,E
64103,S
64104,E
64105,S
64106,S
64109,S
64111,E
64113,S
64118,S
64119,S
64121,S
64122,E
64123,E
64129,S
64130,S
64132,E
64133,S
64134,S
64136,S
64137,S
64138,S
64140,E
64141,E
64145,S
64146,S
64147,S
64148,S
64149,E
64152,S
64153,S
64154,S
64155,E
64156,S
64157,S
64158,S
64159,S
64160,E
64161,S
64162,E
64163,S
64168,S
64169,S
64170,S
64171,S
64174,E
64175,S
64176,E
64177,S
64178,S
64179,S
64182,S
64186,E
64187,E
64188,S
64191,E
64192,S
64193,E
64194,S
64202,S
64203,S
64204,S
64205,E
64206,S
64209,S
64210,S
64212,S
64213,S
64215,E
64217,S
64218,E
64219,E
64220,E
64221,S
64222,S
64223,S
64224,S
64228,E
64231,E
64232,E
64233,S
64234,E
64235,S
64237,E
64240,S
64241,S
64243,S
64247,E
64250,E
64252,E
64253,E
64255,S
64257,S
64258,E
64261,S
64263,S
64264,S
64266,E
64267,S
64268,E
64269,E
64272,E
64278,E
64279,S
64280,E
64284,S
64286,S
64287,S
64288,E
64291,S
64292,E
64293,S
64298,E
64302,S
64305,S
64307,S
64308,E
64312,E
64313,S
64314,S
64315,S
64316,S
64317,S
64320,S
64321,S
64322,E
64324,S
64325,S
64327,E
64328,S
64330,S
64332,S
64333,S
64336,S
64337,E
64341,E
64343,S
64344,S
64346,E
64348,E
64349,E
64351,E
64356,E
64358,S
64361,S
64363,S
64365,S
64366,E
64367,S
64369,E
64372,S
64374,E
64375,S
64377,S
64378,S
64380,E
64381,S
64385,S
64387,S
64388,E
64389,E
64390,S
64391,S
64393,S
64395,S
64397,S
64399,S
64401,S
64404,E
64405,S
64406,E
64407,S
64408,S
64411,E
64412,E
64414,S
64415,E
64416,E
64418,S
64420,S
64421,E
64422,E
64424,E
64425,E
64428,S
64429,E
64430,S
64431,S
64432,S
64433,S
64434,S
64435,E
64437,S
64438,E
64441,E
64443,S
64449,S
64454,S
64455,E
64458,E
64460,E
64462,S
64463,E
64467,S
64468,S
64469,E
64470,E
64474,S
64475,S
64476,S
64477,S
64482,E
64484,S
64485,S
64492,S
64496,S
64497,S
64498,E
64503,S
64506,S
64509,S
64513,E
64514,S
64515,S
64516,S
64518,S
64519,E
64520,S
64522,E
64524,E
64525,E
64527,S
64529,E
64534,E
64536,S
64540,E
64541,S
64543,E
64545,S
64546,E
64547,S
64548,E
64549,S
64555,S
64557,E
64558,E
64560,E
64564,S
64565,E
64566,S
64567,E
64568,E
64569,S
64570,E
64572,E
64573,E
64574,E
64577,S
64578,E
64579,S
64581,S
64582,E
64583,S
64584,S
64585,S
64587,E
64589,E
64591,S
64593,S
64595,S
64597,S
64598,S
64600,S
64602,S
64603,S
64605,E
64607,E
64608,S
64609,S
64610,S
64611,S
64612,S
64619,S
64622,S
64623,S
64624,S
64627,S
64628,E
64630,S
64632,E
64636,E
64637,E
64640,E
64641,S
64644,E
64647,S
64648,S
64650,S
64655,E
64656,E
64657,S
64658,S
64660,S
64661,S
64662,E
64663,S
64665,S
64666,S
64668,E
64670,S
64672,E
64673,S
64674,S
64677,S
64678,E
64682,S
64683,S
64684,E
64685,S
64687,E
64688,E
64689,E
64691,S
64693,E
64694,S
64699,E
64701,S
64705,E
64706,E
64707,E
64708,E
64712,E
64713,E
64714,S
64715,S
64716,E
64717,S
64719,E
64721,S
64722,E
64725,S
64726,S
64729,S
64730,S
64731,S
64732,S
64733,E
64737,S
64741,S
64743,S
64744,E
64745,S
64746,S
64748,S
64749,S
64751,S
64754,S
64755,S
64756,S
64758,E
64759,E
64760,S
64763,S
64766,E
64768,S
64771,E
64772,E
64774,E
64775,S
64777,S
64780,S
64781,E
64785,E
64787,E
64788,S
64790,S
64794,S
64795,E
64796,E
64797,E
64798,S
64801,E
64802,E
64803,S
64805,S
64806,E
64807,S
64808,E
64809,E
64810,S
64811,E
64812,E
64813,S
64815,E
64816,S
64817,E
64818,E
64819,S
64820,S
64821,S
64826,S
64828,S
64830,S
64831,E
64834,E
64843,S
64844,S
64845,S
64848,E
64849,E
64850,S
64851,E
64852,E
64853,E
64854,E
64856,S
64858,E
64860,S
64861,E
64862,S
64863,E
64867,E
64868,S
64870,E
64873,E
64877,E
64878,S
64883,S
64888,S
64891,S
64892,S
64893,S
64894,S
64896,E
64900,E
64901,S
64903,E
64904,E
64906,S
64908,E
64910,S
64911,E
64912,E
64917,S
64918,S
64919,E
64920,E
64921,S
64922,E
64923,S
64924,E
64925,S
64927,E
64932,E
64934,E
64935,E
64937,S
64938,S
64939,S
64940,S
64942,S
64944,E
64945,S
64949,S
64954,E
64957,S
64958,E
64959,S
64961,E
64963,S
64966,S
64968,E
64969,E
64970,S
64971,S
64972,S
64974,E
64976,S
64978,S
64979,E
64982,E
64983,E
64984,E
64987,S
64989,E
64990,S
64993,E
64996,E
64997,S
64999,S
65001,S
65004,S
65005,E
65006,E
65007,S
65009,E
65010,S
65015,E
65017,S
65018,S
65020,S
65021,E
65023,S
65025,E
65027,E
65028,E
65029,E
65030,E
65031,A
65033,A
65034,S
65035,E
65036,S
65037,E
65039,S
65040,E
65046,E
65048,E
65052,S
65053,S
65055,S
65056,E
65058,S
65059,S
65062,E
65066,S
65068,S
65069,S
65070,S
65073,E
65074,S
65075,S
65077,E
65078,S
65079,S
65081,E
65084,S
65086,S
65087,S
65089,E
65091,S
65092,S
65097,S
65098,E
65104,S
65105,S
65106,E
65107,E
65110,E
65117,S
65118,S
65119,E
65121,E
65122,E
65124,S
65127,E
65129,S
65132,S
65133,S
65134,E
65135,S
65137,S
65138,E
65139,S
65142,E
65144,S
65145,E
65151,E
65152,S
65154,S
65157,S
65160,S
65161,S
65162,E
65163,S
65165,E
65167,S
65168,E
65174,E
65176,E
65178,E
65182,S
65184,E
65185,E
65187,E
65191,S
65192,S
65195,S
65196,S
65197,E
65198,S
65199,S
65203,S
65204,S
65206,E
65207,E
65209,E
65211,E
65212,E
65215,S
65217,S
65219,E
65225,S
65226,E
65227,S
65228,S
65229,E
65230,E
65231,S
65232,E
65234,E
65235,S
65240,S
65241,E
65243,E
65244,S
65245,S
65247,S
65251,E
65253,S
65254,E
65256,S
65257,E
65258,E
65259,S
65260,E
65261,E
65262,S
65263,E
65266,E
65267,S
65268,E
65272,S
65273,E
65274,S
65276,E
65277,E
65278,S
65279,S
65280,S
65281,S
65283,E
65286,E
65289,E
65291,E
65292,E
65297,S
65299,S
65300,S
65302,S
65304,S
65305,E
65308,S
65309,E
65312,S
65320,S
65321,S
65325,E
65327,S
65329,S
65333,S
65334,E
65335,S
65338,S
65339,S
65345,E
65347,S
65348,S
65349,S
65350,S
65351,S
65356,E
65358,S
65360,S
65361,S
65362,S
65366,S
65369,S
65370,S
65371,S
65374,S
65376,S
65377,S
65378,S
65382,E
65383,S
65384,E
65385,S
65386,S
65387,E
65388,S
65389,S
65390,E
65392,S
65393,E
65396,S
65400,S
65402,E
65404,S
65405,E
65406,E
65412,E
65414,S
65417,S
65419,E
65420,S
65422,S
65425,E
65426,S
65427,S
65429,S
65430,S
65432,S
65433,S
65438,S
65439,S
65440,S
65442,S
65445,E
65448,E
65455,E
65456,S
65460,S
65461,E
65463,E
65464,E
65465,S
65469,S
65472,S
65473,S
65474,S
65481,S
65483,S
65484,S
65485,E
65487,S
65488,S
65492,E
65493,E
65495,E
65496,S
65497,S
65500,E
65501,S
65502,S
65503,S
65504,S
65505,S
65506,E
65507,S
65510,E
65511,S
65512,S
65513,S
65515,E
65517,S
65518,S
65519,S
65520,E
65521,S
65522,E
65523,S
65525,S
65527,S
65528,E
65533,S
65534,E
65535,S
65538,E
65539,S
65540,S
65542,S
65544,S
65545,E
65548,S
65550,S
65552,S
65553,S
65555,E
65556,S
65558,E
65559,S
65562,E
65563,E
65565,S
65571,E
65572,E
65573,E
65576,E
65577,E
65578,S
65579,E
65581,S
65583,E
65586,E
65587,E
65589,E
65590,A
65592,S
65595,S
65597,E
65599,E
65600,E
65606,S
65607,S
65608,S
65611,S
65617,S
65618,S
65619,E
65620,E
65621,E
65623,E
65624,S
65627,S
65630,S
65636,S
65638,S
65642,S
65643,S
65646,S
65647,S
65648,E
65651,E
65652,E
65653,E
65656,S
65657,S
65661,S
65666,S
65668,S
65670,S
65674,E
65675,S
65679,S
65680,E
65682,S
65683,E
65684,E
65685,S
65687,S
65690,S
65693,E
65694,S
65698,S
65699,S
65700,S
65701,S
65703,S
65704,S
65706,E
65708,E
65709,S
65711,S
65712,E
65713,S
65714,S
65716,E
65717,S
65718,E
65719,S
65724,S
65725,E
65727,E
65728,E
65730,E
65731,E
65734,E
65737,E
65739,E
65742,E
65743,E
65744,S
65745,S
65749,E
65753,E
65754,E
65757,E
65758,S
65761,S
65762,E
65763,S
65764,E
65765,S
65770,E
65774,E
65777,S
65778,E
65781,S
65783,S
65784,S
65787,E
65788,E
65791,S
65793,S
65794,E
65796,E
65797,E
65798,S
65799,S
65801,S
65803,S
65805,E
65806,S
65807,E
65808,S
65809,E
65810,S
65812,S
65813,E
65815,E
65816,E
65817,S
65818,S
65819,S
65820,S
65821,E
65824,S
65829,S
65830,E
65832,S
65835,E
65836,E
65837,S
65838,S
65839,E
65841,E
65842,E
65843,E
65847,S
65849,E
65850,E
65852,E
65853,S
65854,E
65857,S
65858,S
65861,S
65862,S
65863,S
65866,S
65867,E
65870,S
65872,E
65873,E
65875,S
65878,E
65880,E
65882,E
65883,E
65884,E
65886,E
65889,S
65890,S
65891,S
65895,S
65896,S
65901,E
65902,E
65903,S
65906,E
65911,E
65912,S
65913,E
65916,E
65917,E
65919,S
65924,S
65925,S
65926,E
65927,S
65928,E
65931,S
65932,S
65934,E
65935,E
65937,S
65938,S
65940,S
65941,E
65942,E
65943,E
65944,S
65945,S
65946,S
65951,E
65952,S
65955,E
65957,E
65959,E
65961,S
65962,S
65967,S
65969,S
65970,S
65971,S
65972,S
65973,E
65974,S
65975,E
65976,E
65979,S
65985,S
65986,E
65987,S
65990,S
65991,S
65999,E
66003,S
66004,S
66005,E
66006,S
66007,S
66008,E
66010,S
66012,E
66014,E
66015,E
66019,S
66021,E
66024,S
66027,S
66028,E
66029,E
66032,S
66036,S
66037,E
66038,S
66039,S
66040,S
66046,E
66048,E
66049,S
66055,E
66056,S
66057,E
66059,S
66060,E
66061,E
66064,S
66065,E
66068,S
66069,E
66070,S
66073,E
66074,E
66075,S
66076,S
66078,E
66079,S
66082,S
66083,S
66084,E
66085,S
66088,S
66089,E
66091,E
66092,E
66093,S
66096,S
66097,S
66100,E
66101,S
66104,E
66105,S
66106,E
66108,E
66109,S
66111,S
66115,S
66116,S
66118,S
66120,S
66121,S
66123,S
66126,E
66127,S
66128,S
66129,S
66130,E
66135,E
66136,E
66137,E
66138,S
66142,S
66143,E
66146,E
66148,E
66150,S
66151,S
66154,E
66161,S
66165,S
66166,S
66167,E
66168,E
66170,A
66171,S
66173,S
66176,S
66178,E
66179,S
66181,S
66188,S
66189,S
66191,S
66193,E
66194,E
66198,S
66205,S
66207,S
66210,S
66213,E
66214,S
66215,S
66216,S
66217,S
66220,E
66221,E
66222,E
66223,S
66224,E
66225,S
66231,S
66232,E
66236,E
66237,E
66242,S
66247,E
66248,S
66249,S
66252,S
66253,S
66254,E
66255,S
66256,S
66257,S
66260,S
66261,S
66266,S
66270,E
66271,E
66272,S
66273,S
66274,E
66275,E
66277,S
66279,E
66280,E
66283,S
66287,S
66289,S
66290,S
66294,E
66295,S
66297,E
66300,S
66301,S
66302,E
66307,S
66309,E
66310,S
66311,E
66312,E
66314,S
66316,S
66317,E
66318,S
66319,E
66320,E
66321,S
66325,E
66326,E
66327,S
66329,E
66331,E
66335,S
66336,E
66337,E
66340,E
66341,E
66342,E
66343,E
66345,S
66346,E
66347,S
66349,E
66354,S
66357,E
66358,E
66362,S
66363,S
66364,S
66365,E
66367,S
66371,E
66374,E
66375,E
66380,E
66382,E
66383,E
66384,S
66386,S
66390,S
66391,E
66392,S
66394,E
66395,E
66396,S
66397,E
66400,E
66401,E
66402,E
66403,S
66404,E
66406,E
66410,E
66411,E
66414,S
66415,E
66416,E
66417,E
66418,S
66419,E
66421,E
66422,S
66423,E
66424,E
66425,S
66427,S
66428,S
66432,E
66433,S
66435,S
66436,S
66437,S
66439,E
66441,E
66442,E
66443,E
66444,S
66447,E
66448,E
66449,S
66450,S
66452,E
66454,S
66456,E
66457,S
66459,S
66462,S
66465,S
66466,E
66467,S
66468,E
66469,E
66472,E
66473,E
66474,S
66475,E
66477,S
66482,S
66483,S
66484,S
66486,E
66487,S
66488,S
66490,E
66491,S
66493,E
66494,S
66501,E
66502,S
66503,S
66506,E
66507,S
66508,E
66509,E
66510,A
66513,E
66514,E
66515,E
66517,E
66519,E
66524,S
66525,E
66528,S
66530,S
66539,E
66543,E
66544,E
66545,S
66548,S
66549,S
66550,E
66552,S
66555,S
66561,S
66563,E
66570,E
66576,E
66583,E
66585,S
66586,S
66587,S
66589,S
66590,E
66593,S
66594,S
66596,S
66598,S
66599,S
66603,E
66604,E
66608,S
66610,E
66612,S
66616,E
66617,S
66623,S
66624,E
66625,E
66626,E
66627,S
66631,S
66632,S
66633,S
66634,S
66637,S
66638,E
66640,E
66642,S
66643,S
66645,S
66646,E
66649,E
66650,E
66652,S
66653,E
66659,E
66661,E
66664,E
66665,E
66667,E
66668,E
66670,E
66672,E
66673,E
66676,E
66677,E
66681,E
66682,E
66683,S
66685,S
66686,E
66688,E
66689,S
66693,S
66696,S
66698,S
66700,E
66702,S
66703,E
66705,E
66707,S
66712,S
66714,S
66715,E
66725,S
66726,E
66728,E
66729,E
66731,S
66733,S
66735,S
66736,S
66737,S
66740,E
66741,S
66742,E
66747,S
66749,E
66753,E
66756,E
66758,E
66760,S
66762,S
66763,E
66767,S
66769,E
66770,E
66772,S
66773,E
66774,S
66777,E
66778,E
66779,E
66786,E
66788,S
66789,S
66791,S
66792,E
66793,E
66794,E
66796,S
66798,E
66799,E
66801,S
66805,S
66806,E
66807,E
66809,E
66813,E
66814,E
66817,E
66818,E
66825,S
66826,S
66827,S
66831,S
66832,E
66833,S
66835,E
66837,S
66841,S
66843,S
66844,E
66845,E
66846,S
66848,E
66849,E
66850,E
66851,E
66852,S
66853,E
66855,E
66856,S
66857,S
66858,S
66859,E
66861,E
66863,E
66865,E
66866,S
66868,E
66871,S
66872,S
66874,S
66876,E
66877,E
66879,S
66880,S
66881,S
66882,S
66883,E
66884,E
66887,E
66888,S
66889,S
66891,S
66892,S
66895,E
66896,S
66897,E
66899,E
66901,S
66907,S
66909,S
66910,S
66916,E
66917,S
66920,E
66922,E
66923,S
66928,S
66929,S
66933,E
66936,S
66939,S
66940,E
66941,S
66943,S
66944,E
66945,S
66948,E
66950,E
66953,S
66960,S
66961,S
66963,E
66964,S
66966,E
66970,S
66979,E
66980,S
66983,E
66984,S
66985,S
66986,E
66987,S
66988,S
66989,S
66993,E
66995,S
66996,S
66997,S
66998,E
66999,E
67001,S
67002,E
67003,S
67004,S
67005,S
67007,E
67008,E
67009,S
67010,S
67012,S
67013,S
67014,S
67015,S
67016,E
67018,S
67020,S
67026,E
67027,S
67030,E
67032,S
67033,E
67035,E
67036,S
67037,S
67038,S
67040,E
67041,E
67042,E
67046,S
67048,S
67050,E
67052,S
67054,E
67055,S
67057,E
67061,S
67062,E
67065,E
67070,E
67072,S
67074,S
67076,S
67078,E
67081,S
67085,E
67086,S
67087,E
67089,S
67092,E
67094,S
67095,E
67097,E
67102,S
67104,S
67105,E
67107,E
67108,E
67109,E
67110,S
67111,E
67117,S
67118,S
67119,E
67120,E
67124,E
67126,E
67127,S
67128,S
67129,S
67131,S
67133,E
67136,E
67137,S
67142,S
67144,E
67147,S
67149,S
67150,E
67151,E
67154,E
67156,S
67158,S
67160,S
67163,S
67164,S
67166,S
67167,S
67170,S
67171,S
67172,S
67174,S
67175,S
67179,E
67180,S
67181,E
67182,E
67184,S
67188,S
67189,E
67190,S
67191,E
67192,E
67193,S
67198,S
67199,E
67204,S
67207,S
67209,S
67210,E
67211,E
67215,S
67217,E
67221,S
67223,E
67228,E
67231,S
67232,S
67234,E
67235,E
67236,S
67237,S
67238,S
67239,E
67241,S
67242,S
67243,E
67245,S
67252,E
67253,S
67254,S
67256,E
67258,E
67259,E
67260,S
67262,S
67264,S
67265,S
67268,E
67271,S
67272,E
67275,S
67276,E
67280,S
67281,E
67282,S
67283,E
67284,S
67285,S
67286,S
67287,S
67289,E
67291,E
67292,E
67293,E
67295,E
67296,S
67298,S
67301,S
67302,S
67303,S
67304,E
67305,S
67308,E
67310,S
67312,E
67317,E
67318,E
67323,E
67324,S
67325,E
67326,S
67328,S
67330,E
67331,E
67332,S
67334,S
67340,S
67342,E
67345,E
67346,S
67349,S
67350,E
67352,E
67356,E
67357,E
67358,S
67361,S
67364,S
67366,S
67367,S
67368,S
67371,E
67372,E
67373,E
67374,S
67377,E
67378,S
67379,E
67380,S
67381,S
67383,E
67385,S
67390,S
67391,S
67392,E
67394,E
67395,E
67396,E
67397,E
67398,S
67399,S
67404,E
67405,E
67406,S
67407,S
67409,S
67411,S
67414,S
67415,E
67417,S
67418,S
67421,S
67422,E
67423,S
67424,E
67425,E
67427,E
67430,S
67431,E
67432,E
67433,S
67435,S
67436,S
67439,E
67440,S
67441,S
67444,E
67447,S
67448,S
67450,E
67451,E
67452,E
67456,E
67458,E
67459,S
67466,E
67470,S
67472,S
67474,S
67475,S
67478,S
67479,S
67483,S
67488,E
67491,S
67493,S
67497,S
67498,E
67500,S
67501,S
67502,E
67504,S
67508,E
67509,E
67514,S
67515,S
67519,S
67524,E
67525,E
67527,S
67529,E
67531,E
67533,S
67534,S
67535,S
67536,E
67538,S
67541,E
67544,S
67545,S
67553,E
67555,S
67556,E
67559,S
67560,S
67563,E
67564,S
67565,E
67568,E
67569,E
67573,E
67578,E
67579,E
67581,S
67583,S
67585,E
67587,E
67589,S
67590,E
67591,E
67593,E
67594,E
67595,E
67597,S
67598,S
67599,S
67605,E
67607,S
67608,S
67609,E
67613,E
67614,S
67615,S
67616,S
67619,S
67622,S
67626,E
67630,S
67632,E
67635,S
67639,E
67640,E
67641,S
67642,E
67644,E
67647,S
67648,E
67649,S
67652,S
67656,E
67658,S
67660,S
67661,S
67662,S
67664,S
67665,S
67666,S
67667,S
67671,S
67672,E
67673,S
67675,S
67676,S
67677,S
67681,S
67684,E
67685,S
67686,S
67687,E
67688,E
67689,S
67690,E
67691,S
67693,E
67695,S
67696,E
67697,S
67702,S
67703,S
67707,E
67709,S
67711,S
67712,A
67713,S
67714,S
67715,S
67716,S
67720,S
67728,S
67729,E
67730,E
67731,E
67732,S
67734,S
67736,E
67739,S
67740,S
67743,S
67746,S
67747,E
67748,E
67749,S
67752,S
67753,S
67754,S
67755,E
67756,S
67757,S
67764,S
67765,E
67770,S
67772,E
67773,S
67775,E
67776,E
67777,S
67779,S
67782,S
67783,S
67784,S
67786,S
67787,E
67788,S
67789,E
67791,S
67793,E
67794,E
67795,E
67796,S
67797,E
67799,S
67800,S
67801,E
67803,S
67804,S
67805,E
67806,E
67810,E
67813,S
67814,E
67819,E
67821,E
67823,S
67824,S
67827,S
67828,S
67829,S
67830,S
67831,E
67832,S
67835,S
67837,S
67838,E
67840,E
67843,S
67844,S
67845,E
67852,S
67854,S
67857,S
67859,S
67861,E
67862,E
67863,S
67864,E
67865,S
67866,E
67867,E
67871,E
67872,S
67874,S
67880,S
67881,S
67885,E
67886,S
67887,E
67888,S
67894,S
67895,E
67896,E
67898,S
67900,E
67901,S
67902,E
67905,E
67906,E
67907,S
67908,E
67911,E
67912,S
67913,S
67914,S
67915,S
67916,S
67919,E
67922,E
67924,S
67925,S
67927,E
67929,E
67930,S
67931,E
67936,S
67939,S
67941,S
67944,E
67945,S
67946,E
67947,S
67948,E
67949,S
67951,S
67952,S
67953,S
67954,E
67956,E
67957,S
67958,E
67961,E
67962,S
67963,S
67964,S
67966,E
67967,S
67969,E
67971,S
67973,E
67975,S
67976,E
67978,S
67980,S
67982,E
67986,E
67989,E
67991,S
67993,S
67995,E
67996,S
67997,E
67998,E
67999,E
68002,S
68004,E
68005,E
68006,E
68007,S
68008,S
68010,E
68013,S
68016,S
68017,S
68018,S
68020,S
68021,S
68022,E
68024,E
68025,S
68026,S
68028,S
68029,E
68031,S
68033,S
68034,S
68035,E
68036,S
68040,E
68041,E
68045,S
68047,S
68049,S
68053,S
68054,S
68055,E
68057,S
68059,S
68060,S
68063,E
68065,S
68068,E
68070,E
68077,S
68079,S
68081,E
68083,S
68084,E
68088,E
68091,S
68092,S
68094,S
68095,E
68098,S
68102,S
68103,S
68105,E
68107,S
68109,E
68110,E
68111,E
68112,E
68115,E
68116,E
68118,S
68119,S
68120,E
68121,S
68122,S
68126,S
68127,S
68128,S
68129,E
68132,S
68133,S
68135,S
68136,E
68137,S
68138,E
68140,E
68146,S
68147,E
68150,E
68151,E
68152,E
68153,S
68156,E
68159,E
68160,E
68161,S
68163,E
68165,S
68166,E
68171,E
68172,E
68173,E
68175,S
68179,S
68182,S
68183,E
68184,S
68185,E
68188,S
68189,S
68190,S
68194,E
68195,S
68198,E
68199,E
68200,E
68204,E
68205,S
68206,E
68207,E
68209,E
68213,E
68219,E
68221,E
68222,E
68223,E
68224,E
68225,E
68227,S
68231,S
68232,E
68233,E
68234,E
68236,E
68238,S
68243,S
68244,E
68245,S
68247,S
68248,E
68249,S
68251,S
68252,S
68257,A
68258,E
68259,S
68266,E
68267,E
68268,E
68273,S
68279,E
68280,S
68281,E
68284,S
68285,E
68288,E
68290,E
68291,S
68292,S
68293,S
68297,E
68298,E
68300,S
68301,S
68302,E
68305,S
68307,E
68308,S
68310,S
68311,S
68315,S
68316,S
68317,S
68318,S
68320,E
68321,S
68323,E
68325,E
68329,E
68331,S
68333,E
68334,E
68338,S
68339,S
68340,S
68342,S
68349,E
68350,E
68351,E
68352,S
68356,S
68360,E
68362,S
68363,E
68366,S
68367,S
68369,E
68371,E
68373,S
68375,E
68376,E
68377,E
68380,S
68383,S
68384,E
68385,E
68386,S
68389,E
68390,S
68391,S
68393,S
68395,S
68396,E
68400,S
68401,S
68405,S
68406,S
68407,E
68410,E
68411,S
68412,S
68414,S
68416,S
68417,E
68418,S
68419,E
68420,E
68421,E
68422,E
68423,S
68427,E
68428,S
68434,E
68435,S
68436,S
68440,E
68441,S
68443,E
68444,S
68445,E
68447,E
68448,S
68450,E
68451,E
68452,S
68453,S
68454,E
68456,S
68457,S
68459,E
68461,S
68462,E
68465,E
68466,E
68467,E
68468,S
68475,S
68479,S
68482,S
68483,E
68484,E
68487,S
68490,S
68494,S
68496,S
68497,E
68498,S
68499,S
68500,S
68501,E
68502,S
68503,E
68505,E
68506,S
68507,E
68515,E
68516,E
68517,S
68518,E
68522,E
68524,E
68525,E
68526,E
68527,S
68528,E
68529,S
68531,E
68532,S
68533,S
68534,S
68539,E
68541,E
68542,S
68543,E
68544,S
68547,S
68548,E
68549,S
68554,E
68556,S
68557,S
68558,S
68560,S
68561,S
68564,E
68569,E
68570,E
68571,S
68573,S
68580,E
68581,E
68582,E
68583,E
68585,E
68586,S
68587,E
68588,S
68589,E
68595,E
68600,E
68601,S
68602,E
68603,E
68606,S
68610,E
68611,S
68612,E
68615,S
68616,E
68618,E
68620,S
68624,S
68625,E
68631,E
68632,E
68633,S
68634,S
68635,S
68636,S
68637,E
68638,S
68643,S
68644,E
68647,E
68650,S
68651,S
68652,S
68653,E
68654,S
68655,E
68658,E
68666,S
68670,S
68672,E
68673,E
68677,E
68679,E
68681,E
68682,S
68683,S
68685,E
68687,S
68688,E
68690,S
68692,S
68693,S
68694,E
68696,E
68697,E
68699,S
68700,S
68701,E
68705,S
68707,S
68708,E
68710,E
68711,E
68712,E
68713,S
68715,S
68717,S
68718,E
68719,S
68720,S
68721,S
68722,E
68723,S
68725,S
68726,E
68727,E
68732,S
68734,E
68736,S
68743,S
68744,E
68745,E
68746,S
68747,E
68749,E
68750,S
68751,S
68755,S
68756,S
68757,E
68758,E
68759,E
68760,S
68761,E
68762,S
68763,S
68764,E
68768,E
68769,S
68770,S
68771,E
68772,E
68777,E
68778,S
68781,S
68785,S
68786,E
68796,E
68797,E
68798,S
68800,S
68802,E
68803,S
68805,S
68806,E
68809,E
68813,S
68816,E
68819,E
68820,S
68821,E
68825,E
68826,S
68828,E
68830,S
68831,S
68834,S
68836,S
68837,E
68838,S
68841,E
68842,S
68843,E
68845,S
68849,S
68850,S
68852,S
68856,E
68858,S
68859,S
68860,S
68864,S
68865,E
68866,S
68868,S
68869,S
68871,E
68872,E
68873,S
68874,E
68875,S
68876,E
68877,E
68878,S
68880,S
68881,S
68882,E
68886,S
68887,S
68889,S
68890,E
68893,E
68894,E
68895,E
68898,S
68899,S
68901,E
68902,S
68904,S
68905,S
68908,S
68909,E
68911,S
68912,S
68916,S
68917,S
68920,E
68921,S
68927,E
68929,E
68930,S
68931,S
68933,E
68934,E
68936,S
68940,S
68941,E
68942,S
68943,S
68947,E
68952,S
68953,S
68954,S
68955,S
68956,S
68957,E
68962,S
68967,S
68970,E
68971,E
68973,E
68974,S
68975,E
68976,E
68979,E
68981,E
68985,E
68987,E
68988,E
68992,E
68993,E
68994,E
68998,S
68999,E
69000,S
69004,S
69005,E
69008,S
69012,E
69015,E
69020,S
69021,S
69023,S
69026,S
69029,S
69030,E
69032,E
69033,S
69037,E
69038,E
69039,S
69040,S
69041,S
69042,S
69046,E
69048,E
69049,E
69053,S
69054,E
69059,E
69060,E
69063,S
69064,E
69065,S
69067,E
69075,S
69077,S
69078,S
69080,S
69081,E
69082,S
69085,E
69087,S
69090,S
69092,S
69093,E
69096,S
69097,S
69098,E
69100,S
69102,S
69104,E
69111,S
69112,S
69113,E
69115,S
69118,S
69120,E
69121,S
69123,S
69124,E
69127,S
69128,S
69134,S
69135,E
69136,E
69137,E
69140,S
69142,S
69144,S
69146,S
69148,S
69150,E
69151,E
69152,E
69153,E
69154,E
69155,E
69156,E
69158,S
69159,S
69160,E
69161,S
69163,S
69165,E
69166,S
69167,E
69168,E
69169,S
69170,E
69171,S
69172,E
69173,S
69174,E
69176,S
69179,S
69181,S
69182,E
69187,E
69188,E
69189,S
69190,S
69191,E
69192,E
69193,E
69194,E
69195,S
69197,S
69199,E
69202,S
69203,S
69205,S
69207,S
69208,E
69209,S
69210,E
69211,S
69212,S
69213,S
69215,E
69217,E
69218,E
69219,E
69222,E
69223,E
69224,E
69227,S
69228,E
69230,S
69232,E
69233,S
69234,S
69235,E
69236,E
69237,S
69238,S
69239,E
69241,S
69245,S
69246,E
69248,S
69250,S
69251,S
69252,S
69253,E
69256,S
69258,S
69259,S
69261,E
69262,S
69263,S
69264,S
69268,S
69269,S
69270,S
69271,S
69272,S
69275,S
69279,S
69282,S
69283,S
69284,S
69287,S
69289,S
69292,S
69294,S
69295,S
69297,E
69299,S
69300,S
69303,S
69304,S
69305,S
69306,E
69307,S
69308,E
69309,S
69311,S
69312,E
69313,S
69314,S
69316,S
69318,E
69319,E
69320,S
69321,S
69324,S
69328,S
69329,S
69330,S
69332,E
69333,S
69337,S
69340,S
69341,S
69343,S
69345,E
69346,S
69347,E
69348,E
69350,S
69351,E
69352,E
69353,S
69354,S
69355,E
69358,S
69359,S
69360,S
69363,S
69364,S
69365,E
69366,E
69370,E
69372,S
69376,S
69377,S
69378,S
69380,S
69382,S
69384,S
69386,E
69387,E
69388,E
69389,S
69390,S
69391,E
69392,E
69393,S
69395,S
69399,E
69401,E
69402,E
69404,A
69405,S
69406,E
69408,S
69409,E
69410,E
69411,E
69414,E
69415,S
69416,E
69417,S
69421,S
69423,S
69424,S
69426,E
69427,S
69428,S
69429,S
69430,S
69431,E
69434,E
69436,E
69437,S
69440,E
69442,S
69444,S
69445,S
69446,S
69449,E
69452,S
69455,E
69457,S
69459,S
69466,S
69467,E
69469,S
69470,S
69472,E
69473,S
69474,S
69475,E
69477,E
69481,S
69483,S
69484,S
69486,S
69488,E
69489,S
69490,S
69491,S
69493,S
69494,S
69495,S
69496,S
69497,E
69498,S
69500,S
69501,S
69506,S
69508,S
69510,S
69511,E
69512,S
69514,E
69517,S
69518,S
69519,S
69527,E
69529,E
69531,S
69532,S
69535,S
69537,S
69539,S
69540,S
69542,E
69543,E
69545,E
69546,S
69549,E
69551,E
69555,E
69556,S
69559,S
69560,S
69561,E
69562,S
69563,S
69564,S
69566,E
69567,S
69568,S
69570,S
69574,S
69576,S
69577,S
69578,S
69582,S
69589,S
69592,S
69593,S
69594,S
69598,S
69600,S
69602,S
69603,S
69604,S
69605,S
69606,S
69607,A
69608,S
69609,S
69610,E
69615,S
69617,S
69620,S
69621,S
69622,S
69623,S
69624,S
69625,E
69626,E
69627,S
69631,E
69634,E
69635,E
69636,S
69640,S
69643,S
69644,S
69646,S
69647,S
69649,E
69650,E
69652,S
69657,E
69658,E
69662,S
69664,E
69665,S
69666,E
69667,S
69670,E
69672,S
69673,S
69675,E
69676,S
69679,S
69680,S
69681,E
69682,S
69684,E
69685,S
69686,S
69687,E
69688,S
69690,S
69693,E
69694,S
69695,S
69696,E
69697,S
69698,E
69702,S
69706,E
69711,E
69714,S
69715,S
69718,E
69719,S
69720,S
69721,E
69722,E
69724,E
69726,S
69727,E
69729,S
69730,E
69731,S
69733,S
69734,E
69735,S
69736,S
69737,E
69739,S
69742,E
69743,S
69744,S
69745,S
69747,S
69748,E
69749,S
69750,S
69751,S
69754,E
69759,S
69760,S
69764,S
69766,S
69770,S
69773,S
69774,E
69775,E
69779,S
69780,E
69781,S
69782,S
69783,S
69784,S
69786,E
69787,S
69788,E
69789,S
69790,S
69796,S
69797,E
69798,E
69800,E
69801,S
69802,E
69803,E
69806,S
69807,E
69812,S
69813,S
69814,S
69815,E
69817,S
69818,E
69823,E
69826,S
69827,S
69830,S
69832,E
69833,S
69834,S
69840,S
69842,S
69843,S
69844,S
69846,S
69848,S
69850,E
69852,S
69854,E
69855,E
69857,S
69858,S
69859,E
69862,S
69867,E
69871,S
69872,E
69873,E
69874,E
69875,S
69877,E
69878,S
69879,S
69880,E
69881,E
69882,E
69886,S
69888,S
69890,E
69893,S
69894,E
69899,S
69902,S
69904,S
69906,S
69908,E
69909,S
69915,S
69917,E
69918,S
69920,E
69921,S
69924,E
69925,S
69927,S
69928,S
69929,E
69932,S
69933,S
69934,A
69936,E
69937,S
69938,S
69939,E
69942,S
69943,S
69948,E
69949,S
69950,S
69951,S
69954,S
69955,E
69957,S
69959,E
69961,S
69964,S
69966,S
69969,E
69970,E
69972,S
69975,E
69976,E
69979,E
69980,E
69981,E
69982,E
69984,E
69986,S
69991,S
69992,E
69996,E
69999,S
70000,S
70001,S
70002,S
70004,E
70005,S
70006,S
70007,S
70008,S
70009,S
70010,S
70011,S
70012,E
70013,S
70014,E
70016,S
70017,S
70018,E
70019,E
70027,S
70031,E
70032,S
70033,E
70034,E
70035,S
70039,E
70040,S
70042,E
70043,E
70044,E
70045,E
70047,S
70048,E
70049,E
70051,S
70052,E
70053,S
70054,E
70055,S
70057,S
70060,S
70063,E
70064,E
70065,S
70067,E
70068,S
70071,E
70072,S
70076,S
70078,S
70084,S
70086,E
70087,S
70088,S
70092,S
70093,S
70095,E
70100,S
70101,S
70102,S
70103,S
70106,S
70110,S
70112,S
70115,S
70116,S
70119,S
70121,S
70123,E
70124,S
70125,E
70126,S
70128,S
70133,E
70135,E
70138,S
70139,S
70141,E
70142,S
70145,S
70147,S
70150,S
70151,E
70152,E
70153,S
70155,E
70158,E
70159,E
70160,E
70162,E
70165,S
70168,S
70171,S
70172,S
70173,S
70175,S
70176,E
70177,S
70181,S
70183,S
70184,E
70185,S
70186,S
70187,E
70188,S
70189,S
70190,E
70192,E
70194,S
70197,E
70199,E
70200,S
70201,E
70203,E
70204,S
70209,E
70210,S
70212,E
70213,S
70215,S
70216,E
70217,S
70219,E
70220,S
70222,S
70225,E
70228,S
70234,E
70236,E
70240,S
70245,E
70246,S
70247,E
70248,E
70250,E
70251,S
70252,S
70255,S
70256,E
70258,S
70260,E
70262,S
70264,E
70267,E
70268,E
70270,E
70274,S
70275,S
70278,E
70279,S
70281,S
70284,E
70285,E
70286,S
70287,E
70288,S
70291,S
70293,E
70295,S
70297,S
70299,E
70300,S
70301,S
70302,S
70304,S
70305,E
70306,S
70308,E
70309,S
70377,S
70379,S
70381,E
70382,E
70383,A
70384,S
70386,S
70387,E
70388,S
70389,S
70392,S
70395,S
70397,S
70399,S
70401,S
70402,E
70404,E
70405,S
70407,S
70408,S
70409,E
70411,S
70413,S
70416,E
70417,S
70418,S
70419,S
70421,S
70424,E
70426,S
70427,E
70432,S
70433,S
70434,S
70436,E
70437,E
70441,S
70442,S
70444,E
70445,E
70446,E
70447,E
70448,S
70451,S
70452,S
70456,S
70457,S
70458,S
70459,E
70460,S
70462,S
70464,E
70465,S
70467,S
70469,S
70474,E
70476,S
70477,S
70479,S
70480,S
70481,S
70483,S
70484,E
70488,E
70489,S
70490,E
70493,E
70496,E
70497,E
70498,E
70499,E
70500,S
70506,S
70509,E
70512,E
70513,S
70515,S
70516,S
70518,S
70519,S
70520,S
70525,E
70526,S
70528,E
70529,S
70530,E
70531,S
70532,S
70535,E
70536,E
70540,E
70541,S
70542,S
70543,S
70544,S
70545,S
70547,E
70550,S
70555,E
70558,S
70559,S
70560,E
70562,E
70563,S
70565,S
70567,E
70569,S
70572,E
70574,E
70576,S
70577,E
70580,S
70583,S
70585,E
70587,S
70588,E
70590,E
70592,E
70593,S
70594,S
70595,E
70601,E
70603,S
70604,S
70607,E
70608,S
70610,E
70611,E
70613,S
70615,E
70616,S
70617,E
70620,S
70621,E
70623,E
70625,S
70629,E
70630,S
70631,E
70633,S
70634,S
70639,E
70641,S
70643,E
70645,S
70649,E
70650,S
70652,E
70658,S
70659,E
70660,S
70661,E
70669,E
70670,S
70672,E
70674,E
70676,S
70680,S
70683,S
70688,E
70690,E
70691,S
70693,S
70695,E
70696,E
70698,E
70742,E
70743,S
70745,E
70749,S
70750,S
70753,S
70754,S
70759,S
70760,S
70762,S
70763,S
70764,S
70766,E
70767,S
70768,S
70769,S
70772,E
70773,E
70774,S
70775,S
70776,E
70778,S
70779,S
70781,S
70782,S
70784,S
70785,S
70786,E
70789,S
70790,S
70792,S
70795,S
70799,S
70800,S
70803,E
70804,S
70806,S
70807,E
70808,S
70809,S
70810,E
70813,E
70814,S
70815,A
70817,S
70818,E
70819,S
70823,E
70828,E
70829,S
70832,E
70836,E
70837,E
70838,E
70839,E
70840,S
70846,E
70849,S
70850,E
70851,S
70852,S
70856,S
70858,S
70859,S
70860,E
70861,E
70862,S
70863,S
70868,E
70870,E
70871,S
70874,E
70875,E
70877,E
70880,E
70881,S
70884,E
70885,E
70886,S
70888,E
70891,E
70893,S
70894,E
70896,E
70899,S
70900,E
70901,E
70902,S
70903,E
70906,S
70909,E
70910,E
70913,E
70916,S
70918,S
70919,S
70922,E
70923,S
70925,E
70927,E
70928,S
70929,E
70931,S
70938,E
70939,E
70940,E
70943,S
70947,E
70950,E
70957,E
70960,E
70965,E
70966,E
70969,E
70971,S
70975,S
70977,E
70978,E
70979,E
70983,E
70986,S
70987,E
70991,E
70992,E
70993,S
70994,S
70995,S
70996,S
70997,E
70998,E
70999,S
71001,E
71002,E
71006,S
71009,S
71010,E
71012,S
71015,E
71018,S
71021,E
71022,S
71023,S
71029,E
71030,S
71032,E
71035,S
71036,S
71038,E
71040,S
71041,S
71044,S
71045,E
71047,E
71048,S
71049,S
71050,S
71052,S
71053,S
71057,S
71058,E
71059,S
71060,E
71061,E
71062,S
71115,E
71117,S
71121,E
71122,E
71123,E
71127,E
71128,E
71129,S
71130,E
71131,E
71132,E
71134,E
71135,S
71136,S
71137,E
71139,E
71140,E
71143,S
71145,S
71146,S
71148,S
71149,E
71150,E
71151,E
71152,S
71155,E
71156,E
71158,S
71160,S
71163,S
71164,E
71166,S
71169,S
71172,E
71173,S
71174,S
71176,E
71177,E
71178,S
71179,E
71180,S
71181,S
71182,S
71186,S
71187,S
71188,S
71189,S
71190,S
71191,S
71192,S
71193,E
71194,E
71196,S
71197,S
71199,E
71200,S
71201,S
71204,S
71206,S
71208,S
71213,E
71217,S
71219,E
71221,S
71222,S
71229,S
71231,S
71232,S
71234,E
71235,S
71237,E
71238,E
71239,S
71240,S
71242,E
71243,S
71245,S
71247,S
71248,S
71249,E
71251,S
71252,E
71253,S
71255,S
71257,S
71258,S
71259,S
71260,S
71267,S
71268,S
71269,S
71274,E
71275,E
71276,S
71277,E
71279,E
71280,E
71283,S
71285,E
71287,S
71288,E
71293,S
71297,E
71299,E
71301,S
71302,E
71305,S
71308,S
71310,E
71311,E
71314,E
71318,S
71319,E
71323,S
71330,S
71333,S
71334,E
71337,E
71338,E
71340,E
71341,S
71342,S
71348,E
71350,E
71353,E
71354,E
71363,S
71366,S
71368,E
71370,E
71371,S
71372,E
71373,E
71375,S
71377,S
71380,E
71381,S
71383,E
71386,E
71388,S
71392,S
71399,E
71400,S
71401,E
71403,E
71404,S
71407,E
71409,S
71411,E
71415,S
71417,E
71418,S
71419,S
71420,S
71423,S
71424,E
71425,E
71426,S
71429,E
71430,E
71431,S
71432,S
71436,E
71437,S
71438,E
71439,S
71440,S
71455,S
71465,S
71467,S
71468,E
71469,S
71471,S
71476,S
71478,S
71479,S
71481,S
71482,S
71484,E
71489,S
71493,E
71495,S
71499,S
71501,S
71502,S
71505,S
71506,E
71510,S
71512,E
71514,E
71515,E
71516,S
71518,E
71521,E
71522,S
71523,E
71524,E
71525,E
71526,S
71528,E
71530,E
71531,S
71532,S
71533,S
71534,E
71536,S
71537,S
71539,S
71540,S
71545,E
71546,S
71548,E
71550,E
71551,E
71554,S
71555,E
71558,E
71559,S
71560,S
71564,S
71565,E
71571,E
71575,S
71576,E
71577,S
71578,S
71582,S
71583,E
71584,S
71588,S
71590,S
71592,S
71594,E
71595,E
71597,S
71599,E
71601,S
71602,S
71603,S
71606,S
71607,E
71609,S
71612,E
71619,E
71621,E
71625,S
71627,S
71628,E
71629,S
71630,S
71633,S
71634,S
71635,S
71636,E
71637,S
71638,S
71643,S
71644,E
71645,S
71646,E
71648,E
71649,E
71650,S
71651,E
71653,S
71655,S
71656,E
71660,E
71662,S
71663,S
71665,S
71675,S
71676,S
71677,S
71678,S
71679,S
71681,E
71682,E
71684,E
71685,E
71687,S
71688,S
71689,E
71692,S
71694,E
71695,S
71696,E
71701,S
71703,S
71705,S
71708,S
71712,E
71713,E
71714,S
71715,E
71718,E
71719,E
71720,S
71723,S
71725,E
71726,E
71730,S
71731,S
71736,S
71739,S
71746,E
71747,S
71750,S
71752,E
71754,S
71755,S
71756,S
71760,E
71761,E
71762,S
71763,S
71764,E
71767,S
71768,S
71770,S
71771,E
71772,E
71773,S
71775,E
71777,S
71779,S
71781,S
71783,E
71784,S
71788,S
71790,E
71791,S
71792,S
71793,E
71794,E
71797,S
71798,S
71801,E
71802,E
71803,E
71806,E
71807,S
71808,E
71810,S
71811,S
71813,E
71816,E
71822,S
71823,E
71826,E
71828,E
71832,S
71834,S
71835,S
71837,S
71838,S
71839,S
71840,E
71843,S
71844,S
71845,S
71846,S
71847,E
71848,S
71851,E
71854,S
71855,E
71856,S
71913,E
71914,E
71916,E
71918,E
71920,S
71921,S
71922,S
71927,E
71928,E
71929,S
71930,E
71931,S
71934,S
71938,E
71939,S
71940,E
71941,S
71942,S
71950,E
71951,E
71952,S
71953,S
71956,E
71957,S
71959,S
71961,S
71962,E
71964,E
71967,E
71968,S
71970,S
71971,E
71981,S
71982,E
71983,E
71984,E
71985,S
71986,S
71988,S
71989,S
71990,E
71992,E
71993,S
71995,E
71998,S
72000,S
72001,S
72004,S
72006,E
72007,S
72008,S
72009,E
72010,E
72012,S
72016,E
72018,E
72021,E
72023,E
72026,E
72031,E
72033,S
72036,E
72038,E
72039,E
72041,E
72042,E
72043,S
72047,E
72048,E
72049,S
72051,S
72053,S
72058,E
72059,E
72062,E
72064,S
72066,S
72068,S
72070,S
72075,S
72076,S
72078,S
72079,S
72081,E
72082,E
72084,S
72085,E
72087,E
72090,S
72093,E
72097,S
72098,E
72101,E
72105,E
72106,S
72107,E
72108,S
72109,E
72111,S
72112,E
72114,E
72176,E
72177,E
72178,E
72179,S
72183,S
72184,E
72186,S
72188,E
72189,S
72190,E
72193,E
72195,S
72196,S
72199,S
72200,S
72201,S
72205,S
72206,S
72210,S
72211,E
72212,S
72213,S
72214,E
72215,E
72216,E
72218,S
72219,E
72222,E
72224,S
72225,S
72229,S
72230,S
72232,S
72234,S
72235,S
72236,S
72237,E
72239,S
72240,S
72248,S
72249,E
72250,S
72252,S
72253,E
72255,E
72256,S
72258,E
72259,S
72260,E
72264,E
72265,E
72270,S
72271,E
72272,E
72274,E
72275,E
72277,E
72278,S
72281,E
72282,E
72283,E
72286,E
72291,E
72292,E
72297,E
72299,E
72301,E
72302,S
72304,E
72307,S
72308,E
72311,E
72312,E
72313,S
72314,E
72315,E
72316,S
72317,S
72321,S
72327,S
72328,E
72330,E
72331,S
72332,S
72337,S
72338,E
72339,E
72340,E
72341,E
72343,S
72346,S
72351,E
72352,S
72353,E
72354,E
72356,S
72360,E
72363,E
72365,E
72366,E
72369,E
72371,E
72372,S
72373,S
72374,E
72375,S
72377,S
72448,S
72451,E
72452,S
72453,S
72455,S
72456,E
72457,E
72458,S
72459,S
72469,S
72470,E
72471,S
72472,S
72476,S
72477,S
72480,S
72482,E
72486,E
72491,S
72494,E
72495,S
72499,S
72501,E
72502,E
72505,S
72507,E
72508,E
72509,S
72510,S
72511,E
72513,E
72515,E
72516,E
72517,S
72518,E
72782,E
72784,S
72785,E
72786,S
72789,E
72790,A
72792,E
72793,E
72794,E
72796,S
72799,E
72802,S
72805,S
72806,S
72809,E
72810,E
72811,S
72814,S
72818,E
72819,S
72820,E
72821,E
72822,S
72823,S
72826,S
72828,E
72831,E
72833,S
72834,S
72837,S
72838,S
72842,S
72848,E
72850,E
72852,S
72853,S
72855,S
72857,E
72859,S
72863,E
72865,S
72866,S
72868,S
72869,E
72870,E
72872,S
72873,S
72874,E
72876,S
72878,E
72879,E
72880,S
72885,S
72886,E
72887,E
72890,S
72893,E
72894,S
72895,E
72896,S
72897,S
72899,E
72900,E
72902,S
72903,S
72905,E
72907,E
72908,S
72909,E
72911,S
72912,E
72913,S
72914,E
72917,S
72920,S
72924,S
72925,E
72926,S
72929,S
72931,E
72932,E
72933,S
72936,E
72938,E
72941,S
72944,E
72945,S
72946,E
72950,E
72952,E
72954,E
72956,S
72958,E
72959,S
72961,S
72962,S
72965,E
72967,E
72968,S
72971,E
72972,E
72974,E
72976,E
72978,E
72979,S
72980,E
72981,E
72982,S
72983,S
72985,S
72987,E
72988,S
72989,S
72991,E
72993,S
72995,S
72997,E
73001,S
73004,E
73008,S
73009,S
73010,S
73012,E
73013,S
73014,S
73017,S
73018,E
73019,S
73021,S
73042,E
73043,E
73044,S
73046,E
73049,E
73050,E
73051,S
73052,S
73054,E
73057,E
73058,S
73059,S
73062,S
73063,S
73064,E
73065,S
73066,S
73068,S
73069,E
73078,E
73079,S
73081,E
73084,E
73086,S
73087,S
73090,S
73092,A
73093,S
73094,S
73095,E
73096,S
73097,E
73098,S
73099,S
73103,E
73106,S
73107,E
73108,S
73110,E
73112,S
73114,E
73115,S
73116,S
73118,S
73120,E
73121,S
73122,E
73123,S
73125,S
73126,S
73127,E
73128,S
73129,S
73131,E
73138,E
73141,S
73142,S
73144,E
73145,E
73146,S
73147,E
73148,E
73149,E
73150,S
73151,E
73154,E
73156,E
73157,S
73159,S
73160,S
73161,E
73162,E
73163,S
73165,S
73167,S
73169,E
73171,E
73172,E
73173,S
73176,E
73181,S
73182,E
73183,S
73184,S
73186,S
73187,S
73189,E
73190,S
73191,E
73192,S
73193,S
73195,S
73197,E
73204,S
73205,E
73207,S
73210,S
73214,S
73218,S
73219,S
73220,E
73223,S
73224,E
73225,E
73226,E
73228,S
73230,S
73231,S
73232,S
73234,S
73235,S
73236,E
73237,E
73239,S
73240,S
73241,E
73244,S
73246,E
73248,S
73249,S
73252,S
73253,S
73254,S
73257,S
73261,S
73262,S
73268,S
73269,S
73270,S
73272,S
73283,S
73285,S
73287,E
73288,E
73291,E
73292,S
73300,S
73302,S
73304,E
73307,E
73308,S
73312,S
73313,S
73314,E
73315,E
73317,E
73318,S
73320,S
73321,S
73324,E
73325,E
73328,S
73330,E
73333,S
73334,S
73335,E
73343,S
73346,S
73349,E
73350,E
73351,E
73352,S
73355,S
73358,E
73360,S
73361,E
73363,E
73364,E
73366,S
73367,S
73369,S
73371,E
73373,S
73376,E
73378,S
73379,E
73380,E
73381,S
73382,E
73383,S
73387,E
73388,S
73392,S
73397,S
73400,E
73401,S
73403,E
73406,E
73409,S
73413,S
73414,S
73415,E
73417,E
73418,E
73422,E
73425,S
73426,E
73429,E
73434,E
73436,E
73437,S
73438,S
73439,S
73445,S
73447,S
73448,S
73452,E
73455,E
73456,E
73459,E
73461,E
73462,S
73463,S
73464,E
73466,E
73467,E
73471,S
73473,S
73474,S
73476,S
73479,E
73480,S
73482,S
73483,E
73484,E
73485,S
73487,S
73488,S
73490,E
73491,S
73492,E
73496,S
73500,S
73501,E
73503,E
73504,E
73506,E
73507,E
73508,S
73509,S
73510,E
73511,S
73512,S
73513,S
73514,S
73516,E
73517,E
73519,S
73520,E
73522,S
73523,S
73524,S
73526,S
73528,E
73530,S
73531,E
73533,E
73535,S
73538,S
73542,S
73545,S
73549,E
73550,S
73551,S
73553,E
73557,S
73560,E
73563,S
73564,S
73566,E
73567,E
73569,S
73570,E
73572,E
73577,S
73580,S
73581,S
73582,E
73583,E
73585,S
73586,S
73588,S
73590,E
73591,E
73599,S
73600,S
73601,E
73604,S
73605,S
73606,E
73610,S
73611,S
73614,E
73618,S
73621,E
73625,S
73627,E
73630,E
73631,S
73634,S
73635,E
73636,S
73638,S
73640,E
73644,E
73645,S
73647,S
73648,E
73650,E
73652,E
73654,S
73659,E
73661,S
73662,S
73663,S
73664,E
73665,S
73668,S
73669,S
73670,S
73671,S
73673,S
73674,E
73675,E
73676,S
73677,S
73678,S
73679,E
73683,S
73685,E
73687,S
73688,E
73691,S
73694,S
73696,E
73697,S
73698,S
73700,A
73704,E
73706,E
73707,S
73709,E
73710,S
73711,E
73713,S
73714,E
73715,E
73717,E
73718,E
73725,S
73726,S
73727,S
73733,S
73734,E
73736,S
73739,S
73740,S
73741,S
73743,E
73744,S
73748,E
73749,E
73752,E
73754,E
73755,E
73756,S
73758,S
73761,E
73763,S
73764,S
73765,S
73766,E
73767,S
73768,S
73769,S
73770,S
73771,E
73772,E
73774,S
73775,E
73779,E
73780,S
73781,E
73783,S
73786,S
73788,S
73789,E
73792,E
73794,E
73796,E
73797,E
73802,E
73811,E
73812,S
73813,E
73814,S
73816,E
73818,E
73819,S
73821,S
73822,S
73823,S
73824,S
73825,S
73828,S
73829,S
73830,S
73831,S
73837,E
73839,S
73845,E
73846,S
73848,S
73849,E
73850,S
73852,E
73855,S
73857,E
73858,E
73859,S
73863,S
73866,S
73867,E
73868,E
73870,S
73875,S
73876,E
73877,S
73878,S
73882,E
73887,S
73888,E
73889,E
73891,E
73894,E
73895,E
73896,E
73897,E
73898,E
73899,S
73904,S
73906,E
73907,E
73908,E
73909,E
73912,S
73916,S
73918,S
73919,S
73921,E
73922,E
73926,E
73928,E
73931,E
73933,S
73934,E
73943,S
73944,E
73946,S
73947,E
73951,E
73955,E
73957,E
73960,E
73961,E
73962,S
73963,S
73966,S
73967,E
73968,E
73969,S
73971,S
73974,S
73977,S
73979,E
73981,S
73982,S
73984,S
73986,S
73988,S
73990,S
73993,E
73994,E
73997,E
73999,S
74000,S
74001,S
74003,E
74005,S
74007,E
74008,S
74009,E
74010,S
74011,E
74012,E
74013,S
74018,E
74023,E
74025,S
74026,S
74027,E
74029,S
74030,S
74031,S
74035,S
74036,E
74039,S
74040,S
74041,E
74043,S
74044,S
74045,E
74049,E
74051,E
74053,S
74054,S
74056,S
74058,S
74059,S
74060,E
74061,S
74062,S
74063,S
74065,S
74066,S
74070,E
74071,S
74072,E
74073,E
74074,S
74076,S
74078,S
74079,E
74081,S
74082,S
74083,S
74084,E
74085,E
74087,S
74089,E
74090,S
74092,E
74093,S
74097,E
74098,S
74099,E
74100,E
74101,S
74102,S
74105,S
74106,E
74107,S
74108,E
74109,E
74110,E
74111,E
74112,S
74113,S
74115,S
74116,S
74117,S
74120,S
74121,S
74123,S
74124,S
74126,S
74127,E
74129,E
74131,S
74132,S
74134,S
74135,S
74136,S
74138,S
74139,E
74140,S
74142,S
74143,E
74144,S
74145,E
74146,E
74148,S
74149,E
74150,E
74151,S
74152,S
74154,E
74156,E
74157,E
74159,E
74160,S
74161,E
74163,E
74165,S
74167,E
74176,E
74179,S
74182,S
74183,E
74184,E
74185,S
74189,S
74190,E
74191,S
74192,S
74193,S
74195,E
74196,E
74199,S
74200,S
74201,S
74202,S
74203,E
74204,S
74205,S
74206,S
74207,E
74208,S
74209,S
74210,E
74211,S
74212,E
74216,S
74217,S
74219,S
74220,E
74223,S
74224,S
74226,S
74227,E
74229,S
74230,E
74231,S
74232,S
74233,S
74234,S
74235,E
74237,S
74240,S
74242,E
74243,S
74245,S
74246,S
74248,S
74251,E
74252,E
74254,E
74255,S
74256,E
74257,E
74258,S
74259,E
74260,S
74261,E
74266,E
74267,E
74268,S
74270,E
74273,E
74274,S
74275,E
74277,S
74278,S
74280,S
74283,E
74285,S
74287,E
74289,S
74291,E
74292,S
74294,S
74295,S
74297,S
74301,S
74303,S
74305,E
74306,E
74307,E
74308,S
74311,S
74312,E
74313,E
74315,E
74316,S
74317,E
74320,E
74322,S
74323,S
74324,E
74328,S
74329,S
74331,S
74334,S
74335,S
74337,E
74338,E
74339,S
74340,S
74342,S
74343,S
74345,S
74347,S
74348,E
74349,S
74352,S
74353,S
74354,S
74356,E
74358,S
74359,E
74360,S
74362,S
74368,E
74371,E
74372,E
74374,S
74375,S
74378,S
74380,E
74384,E
74385,S
74387,S
74391,S
74394,S
74398,E
74399,E
74400,E
74401,E
74402,E
74406,E
74407,S
74411,E
74414,S
74416,E
74418,E
74420,S
74423,S
74425,S
74426,S
74428,S
74430,S
74431,S
74434,S
74435,S
74439,S
74441,S
74442,S
74444,S
74445,S
74447,S
74451,S
74453,S
74459,E
74465,E
74467,S
74469,E
74471,E
74472,S
74473,S
74475,S
74480,S
74481,S
74483,E
74484,E
74490,E
74491,E
74492,E
74493,E
74495,S
74496,S
74497,S
74498,S
74499,E
74503,S
74504,E
74505,S
74507,S
74508,S
74509,S
74510,E
74511,S
74512,S
74513,E
74515,S
74517,E
74518,S
74519,E
74520,E
74522,E
74523,S
74526,S
74528,S
74529,S
74531,S
74533,S
74534,E
74535,S
74540,S
74541,E
74542,E
74543,S
74547,S
74548,S
74550,S
74551,S
74553,S
74558,S
74559,E
74560,S
74561,S
74563,S
74564,S
74565,E
74566,S
74567,E
74568,S
74570,S
74571,S
74573,E
74574,E
74575,E
74579,S
74582,E
74583,S
74584,S
74585,S
74586,E
74587,S
74589,S
74591,E
74594,S
74595,A
74596,S
74598,S
74599,E
74600,S
74602,E
74603,S
74604,S
74607,S
74608,S
74610,E
74611,E
74612,S
74613,E
74614,E
74616,S
74617,S
74618,S
74620,E
74621,E
74622,S
74623,E
74624,E
74625,S
74627,E
74629,S
74630,E
74632,E
74633,S
74634,E
74635,S
74638,S
74641,S
74642,E
74643,S
74644,E
74646,E
74647,S
74649,E
74650,E
74651,S
74654,S
74657,S
74658,S
74659,S
74662,E
74665,S
74667,E
74668,E
74671,S
74672,E
74673,S
74676,S
74678,E
74679,S
74680,S
74681,E
74682,E
74683,E
74684,S
74686,S
74687,S
74688,E
74690,E
74692,S
74693,S
74694,S
74695,S
74696,S
74697,S
74700,E
74703,S
74705,E
74708,S
74709,S
74711,E
74712,S
74713,S
74716,S
74718,E
74719,S
74720,S
74721,S
74722,S
74723,S
74724,S
74726,E
74727,S
74728,S
74729,E
74732,S
74733,E
74735,E
74739,E
74740,E
74744,S
74745,E
74746,S
74753,S
74755,E
74757,E
74758,E
74763,S
74767,S
74769,E
74772,E
74776,E
74779,E
74781,S
74782,S
74783,A
74787,E
74788,S
74789,S
74790,A
74792,E
74795,S
74803,E
74804,S
74813,S
74815,S
74817,S
74819,E
74820,S
74823,S
74826,E
74827,S
74829,E
74830,S
74831,S
74834,S
74840,E
74841,S
74843,S
74844,S
74845,E
74849,E
74851,S
74854,E
74855,E
74856,E
74858,S
74860,E
74861,S
74863,E
74865,S
74867,S
74868,E
74869,E
74871,S
74872,S
74873,S
74874,S
74876,E
74881,S
74882,E
74884,S
74885,S
74888,S
74889,S
74890,S
74891,S
74892,S
74893,E
74894,S
74896,E
74897,E
74898,E
74900,E
74901,E
74902,S
74903,E
74904,S
74905,E
74907,E
74910,S
74913,E
74915,E
74916,E
74917,S
74918,E
74920,E
74922,E
74924,S
74926,E
74934,S
74936,S
74939,S
74941,E
74943,S
74945,S
74946,E
74948,S
74949,S
74950,S
74951,S
74954,E
74955,E
74956,E
74958,S
74959,S
74961,S
74963,E
74965,S
74968,E
74969,E
74970,S
74971,S
74975,E
74976,S
74977,S
74979,E
74982,S
74983,S
74984,S
74986,E
74987,S
74988,S
74990,E
74991,S
74994,E
74999,E
75001,S
75002,S
75005,S
75007,S
75009,S
75010,E
75011,E
75012,E
75013,S
75017,E
75018,E
75019,S
75020,S
75021,E
75022,S
75023,E
75028,E
75031,E
75032,S
75033,E
75035,S
75037,S
75039,E
75041,S
75049,S
75052,E
75053,S
75055,E
75057,E
75060,E
75061,E
75062,S
75063,E
75064,S
75065,S
75072,S
75074,S
75076,E
75077,S
75078,E
75079,E
75080,S
75081,E
75082,S
75083,E
75085,S
75086,S
75088,S
75089,E
75091,E
75093,E
75094,S
75095,E
75096,S
75098,E
75100,E
75101,E
75102,E
75108,S
75109,E
75110,S
75112,S
75114,E
75115,E
75116,E
75120,E
75123,S
75126,E
75127,S
75130,S
75132,S
75134,E
75136,E
75137,E
75138,S
75139,E
75140,E
75142,E
75145,S
75151,E
75152,E
75155,S
75160,S
75161,S
75163,S
75165,E
75166,S
75167,S
75171,S
75172,E
75173,E
75176,S
75177,S
75178,E
75180,E
75181,E
75186,S
75188,E
75189,S
75190,E
75191,E
75192,S
75195,S
75198,E
75199,E
75203,S
75205,S
75209,E
75210,E
75211,S
75217,S
75218,E
75219,E
75220,E
75221,S
75222,E
75223,E
75225,S
75228,S
75232,S
75233,E
75234,E
75236,S
75239,S
75240,S
75241,E
75245,S
75247,E
75249,E
75255,S
75264,S
75266,S
75267,E
75268,E
75269,S
75272,E
75274,S
75275,S
75276,E
75277,S
75278,S
75279,E
75280,E
75284,E
75286,S
75289,S
75291,E
75294,E
75295,S
75297,S
75299,S
75300,E
75301,E
75302,S
75304,S
75306,S
75308,S
75309,S
75311,E
75313,E
75314,S
75315,E
75316,S
75317,S
75319,S
75320,S
75328,E
75329,E
75331,S
75332,E
75333,S
75338,E
75340,S
75341,S
75343,E
75346,E
75347,E
75350,S
75352,S
75354,S
75357,S
75358,E
75361,E
75362,S
75367,E
75368,E
75369,E
75370,E
75371,E
75373,S
75374,E
75375,E
75376,S
75377,S
75378,E
75379,E
75380,S
75381,E
75385,E
75394,S
75395,E
75400,E
75401,E
75403,E
75409,E
75411,E
75412,E
75414,E
75417,S
75418,E
75419,S
75420,S
75421,S
75427,E
75429,E
75430,E
75431,S
75432,E
75435,E
75436,S
75439,E
75440,E
75441,E
75444,S
75445,S
75446,E
75447,E
75450,E
75451,S
75456,S
75459,E
75462,E
75463,S
75464,A
75469,S
75470,E
75471,S
75472,E
75475,E
75477,S
75479,E
75480,S
75481,E
75482,S
75483,E
75484,S
75485,S
75489,S
75494,S
75495,E
75497,E
75502,S
75504,E
75507,S
75511,E
75514,S
75517,S
75519,S
75520,S
75523,S
75524,S
75525,S
75528,S
75530,E
75531,E
75533,S
75535,S
75536,E
75539,E
75540,S
75541,E
75542,S
75543,E
75544,S
75547,S
75548,E
75549,E
75553,E
75554,S
75557,E
75560,S
75561,S
75562,S
75565,S
75567,E
75568,S
75570,E
75571,E
75572,S
75573,E
75576,E
75577,E
75578,S
75579,E
75582,E
75583,S
75584,E
75586,E
75587,S
75588,E
75590,E
75592,S
75594,E
75595,S
75596,S
75599,S
75600,S
75602,E
75606,E
75611,S
75612,E
75615,E
75616,E
75618,E
75619,E
75621,S
75628,E
75629,E
75630,S
75631,E
75633,E
75639,S
75642,S
75643,S
75646,E
75648,E
75649,S
75650,E
75653,E
75655,S
75656,E
75658,S
75664,E
75665,S
75666,S
75668,E
75670,S
75674,S
75676,S
75677,S
75678,S
75683,S
75684,E
75685,S
75686,S
75688,E
75689,E
75693,S
75694,E
75696,S
75700,S
75701,E
75706,S
75707,S
75709,S
75713,S
75714,E
75715,E
75718,E
75719,S
75721,S
75727,S
75729,S
75735,S
75736,S
75738,S
75739,E
75743,S
75747,S
75749,E
75750,E
75753,S
75754,S
75756,E
75757,E
75758,S
75760,S
75761,S
75762,S
75764,S
75765,S
75766,S
75768,S
75769,E
75770,S
75772,S
75773,S
75774,E
75775,E
75777,S
75778,E
75779,E
75780,S
75782,S
75784,S
75786,S
75788,S
75789,E
75790,E
75791,E
75792,E
75793,S
75796,S
75797,S
75798,S
75803,S
75804,S
75805,S
75810,S
75811,E
75815,S
75816,E
75817,E
75818,S
75819,S
75821,E
75827,S
75828,E
75831,S
75835,E
75836,S
75837,S
75838,S
75839,S
75840,E
75843,E
75847,E
75849,E
75854,E
75856,S
75859,S
75860,S
75863,S
75865,E
75866,E
75867,E
75868,E
75869,E
75870,S
75874,E
75877,E
75879,S
75880,S
75882,S
75883,S
75887,S
75888,E
75889,S
75890,S
75894,E
75896,S
75897,S
75904,S
75906,S
75908,E
75909,E
75910,E
75915,S
75916,S
75919,E
75922,S
75923,S
75927,S
75931,S
75939,S
75941,S
75942,S
75945,S
75949,S
75950,S
75951,S
75952,E
75954,S
75955,E
75957,S
75958,S
75959,S
75960,S
75961,E
75962,E
75965,S
75967,S
75968,E
75974,E
75975,E
75979,E
75981,S
75982,E
75983,E
75984,S
75985,S
75986,S
75987,E
75988,E
75989,E
75994,E
75995,S
75997,S
75998,E
76001,E
76003,S
76004,S
76006,S
76007,S
76009,S
76010,E
76012,S
76013,E
76014,E
76015,S
76017,S
76018,E
76019,E
76020,S
76022,E
76024,S
76027,E
76029,S
76030,S
76032,S
76033,S
76036,S
76040,E
76041,S
76042,E
76043,E
76044,S
76051,S
76056,S
76061,S
76062,S
76064,E
76065,E
76069,S
76071,S
76077,E
76078,S
76079,E
76080,E
76081,E
76086,E
76087,E
76088,S
76089,E
76090,S
76093,E
76094,S
76095,E
76096,S
76097,E
76100,E
76102,S
76103,E
76105,E
76106,E
76107,E
76109,E
76110,S
76112,E
76114,S
76116,E
76118,S
76121,E
76124,S
76125,S
76126,E
76128,E
76131,S
76132,S
76133,S
76136,E
76140,S
76141,E
76143,S
76145,E
76148,S
76149,S
76155,S
76156,S
76157,S
76158,S
76159,S
76161,S
76162,S
76163,S
76165,S
76167,S
76169,S
76171,E
76172,E
76173,S
76176,E
76178,S
76179,S
76181,S
76182,S
76184,S
76190,E
76191,S
76193,S
76195,S
76197,S
76198,S
76200,S
76201,S
76202,S
76205,S
76207,S
76210,E
76211,S
76218,S
76219,E
76221,S
76222,E
76223,S
76226,E
76227,E
76228,S
76231,E
76232,S
76233,E
76234,E
76237,A
76238,E
76241,E
76243,S
76246,S
76247,E
76249,S
76250,S
76251,S
76254,S
76255,S
76258,E
76261,S
76262,S
76264,E
76265,E
76266,E
76267,S
76270,E
76280,S
76283,S
76284,E
76285,E
76286,E
76287,E
76291,S
76292,E
76293,E
76294,S
76299,S
76301,E
76304,S
76305,E
76309,E
76312,S
76314,E
76317,S
76320,E
76321,E
76322,S
76323,S
76324,S
76325,S
76328,S
76332,E
76333,S
76334,S
76335,E
76336,S
76337,E
76338,E
76339,S
76341,S
76344,E
76347,E
76348,S
76350,S
76351,S
76353,S
76354,S
76355,E
76357,S
76359,E
76360,S
76361,S
76363,E
76364,E
76365,E
76369,E
76371,S
76372,E
76373,S
76374,E
76375,E
76376,E
76379,S
76381,E
76383,E
76384,E
76388,S
76389,S
76390,S
76394,S
76396,E
76398,E
76400,E
76406,E
76407,S
76408,E
76410,S
76412,S
76413,S
76415,E
76416,S
76418,S
76421,E
76422,S
76423,S
76425,E
76426,S
76427,S
76428,E
76429,S
76437,S
76439,E
76442,S
76445,S
76448,E
76449,E
76450,S
76452,E
76454,E
76455,S
76456,S
76461,E
76467,E
76468,E
76469,E
76471,E
76473,S
76475,S
76476,S
76477,S
76478,S
76479,S
76481,S
76482,S
76484,S
76486,E
76488,S
76489,E
76491,E
76493,S
76495,S
76496,E
76497,E
76498,S
76500,E
76501,S
76502,E
76503,S
76504,S
76505,S
76507,S
76508,S
76512,E
76513,E
76514,S
76515,S
76519,S
76524,S
76525,S
76528,S
76531,S
76532,E
76533,E
76535,E
76536,S
76537,S
76538,S
76539,E
76540,S
76543,S
76544,S
76546,E
76547,S
76550,E
76551,S
76552,E
76554,S
76555,S
76556,E
76557,S
76558,E
76559,S
76560,E
76562,S
76563,S
76565,E
76566,E
76570,S
76571,E
76573,E
76574,E
76576,E
76578,S
76582,S
76584,E
76585,S
76586,S
76587,E
76590,S
76591,E
76592,S
76594,S
76595,E
76596,S
76598,S
76599,S
76602,A
76605,E
76608,S
76610,S
76613,E
76614,S
76615,E
76618,S
76620,E
76623,S
76624,S
76625,E
76628,S
76631,E
76632,E
76633,E
76634,S
76635,S
76636,S
76638,E
76640,E
76644,S
76646,E
76647,S
76650,S
76652,E
76655,S
76656,S
76662,S
76664,S
76665,S
76666,E
76668,S
76669,S
76670,E
76672,E
76674,E
76677,S
76678,S
76679,S
76681,S
76684,S
76685,E
76686,S
76689,E
76692,E
76693,E
76694,S
76697,S
76698,S
76699,E
76704,E
76705,S
76706,E
76707,E
76709,S
76710,E
76712,E
76713,S
76714,S
76716,S
76717,E
76719,E
76721,S
76722,S
76723,S
76724,E
76726,E
76727,S
76729,E
76732,S
76734,S
76735,E
76738,S
76739,E
76744,E
76745,S
76748,E
76749,S
76750,E
76754,S
76755,E
76759,S
76760,S
76761,S
76762,S
76764,S
76767,S
76768,S
76769,S
76773,S
76776,S
76777,E
76781,S
76783,S
76786,S
76787,E
76788,S
76790,S
76794,S
76795,E
76798,S
76799,E
76802,S
76803,S
76804,S
76808,E
76810,E
76812,S
76814,S
76821,S
76823,S
76824,E
76827,S
76828,S
76830,E
76831,E
76832,E
76835,S
76844,E
76845,E
76848,S
76850,E
76851,E
76852,E
76854,S
76855,S
76857,S
76858,S
76859,E
76862,E
76863,E
76864,E
76865,S
76866,E
76868,S
76870,S
76871,S
76873,E
76874,E
76875,S
76876,E
76877,S
76881,E
76882,E
76883,S
76885,E
76889,E
76892,S
76893,S
76894,S
76895,E
76897,S
76898,E
76899,S
76902,E
76903,S
76904,S
76909,S
76910,S
76913,S
76919,S
76922,E
76923,S
76925,E
76927,S
76928,E
76930,S
76931,E
76933,S
76937,E
76939,S
76940,S
76942,S
76943,E
76944,E
76947,E
76951,E
76955,S
76957,E
76958,E
76962,E
76963,E
76964,S
76966,S
76967,E
76970,S
76971,E
76974,S
76977,E
76978,E
76979,S
76980,S
76981,E
76983,S
76986,E
76987,S
76988,S
76990,E
76992,E
76993,E
76996,S
76998,S
76999,S
77001,S
77002,S
77004,S
77006,S
77014,S
77015,S
77016,E
77017,S
77022,E
77023,S
77024,E
77025,E
77026,S
77032,S
77033,E
77036,S
77038,S
77043,S
77046,E
77050,E
77054,S
77055,S
77059,E
77060,S
77061,S
77062,S
77064,E
77065,E
77068,S
77070,E
77071,S
77072,E
77075,E
77076,S
77078,S
77079,E
77081,S
77082,S
77085,E
77086,S
77087,S
77090,E
77093,S
77095,E
77096,S
77097,S
77099,S
77100,S
77101,S
77102,E
77103,S
77105,S
77106,S
77109,S
77110,S
77111,S
77112,E
77113,S
77116,E
77118,S
77119,E
77121,S
77122,S
77124,E
77125,S
77126,E
77127,E
77129,E
77130,S
77132,E
77137,E
77140,S
77143,S
77144,E
77146,E
77150,E
77151,S
77153,S
77162,S
77163,E
77164,S
77169,E
77170,S
77171,E
77172,S
77173,E
77174,E
77176,E
77177,E
77179,S
77180,S
77181,E
77182,S
77183,S
77185,S
77187,E
77188,S
77190,E
77192,S
77193,E
77194,E
77196,S
77200,S
77202,S
77204,E
77207,S
77210,S
77211,E
77216,E
77217,E
77218,E
77219,S
77220,E
77221,E
77222,S
77227,E
77228,S
77231,E
77232,E
77234,E
77237,E
77238,E
77239,E
77240,S
77242,E
77245,E
77247,E
77252,S
77253,S
77254,E
77255,S
77256,E
77258,S
77263,S
77264,E
77266,S
77269,S
77270,S
77275,S
77280,S
77283,E
77284,E
77289,S
77293,E
77294,S
77295,E
77296,S
77297,S
77300,S
77301,E
77302,E
77303,E
77304,S
77305,E
77306,S
77307,S
77310,E
77311,E
77315,E
77319,S
77320,E
77322,E
77323,S
77326,E
77327,E
77328,E
77329,E
77332,E
77334,S
77335,E
77337,E
77338,E
77340,E
77341,S
77342,E
77344,E
77346,S
77347,S
77348,S
77349,S
77352,S
77355,S
77356,E
77358,S
77359,E
77360,S
77361,S
77363,S
77364,S
77365,E
77366,S
77368,S
77370,S
77371,E
77372,S
77373,S
77377,S
77378,S
77382,S
77384,E
77387,E
77388,E
77390,S
77391,S
77393,E
77396,S
77397,S
77398,E
77399,E
77400,S
77403,S
77404,E
77406,S
77407,E
77408,S
77409,E
77412,E
77413,S
77415,E
77416,E
77418,E
77419,S
77420,S
77426,E
77432,S
77435,E
77436,E
77438,E
77440,S
77442,S
77446,E
77449,S
77450,E
77451,S
77452,S
77454,E
77455,S
77456,S
77457,E
77461,E
77463,S
77465,E
77466,E
77468,S
77473,E
77474,S
77475,S
77476,E
77478,E
77479,S
77480,S
77482,S
77483,S
77485,S
77486,E
77487,E
77490,S
77491,S
77493,S
77494,E
77495,E
77498,S
77500,E
77501,S
77503,E
77506,S
77509,E
77510,E
77511,S
77512,S
77515,S
77516,S
77518,S
77519,E
77521,E
77522,E
77524,E
77525,S
77526,S
77528,S
77529,E
77532,E
77533,S
77535,S
77537,S
77539,S
77540,S
77544,S
77545,S
77546,E
77549,S
77552,E
77554,A
77556,E
77557,S
77558,S
77559,E
77560,S
77561,E
77562,E
77563,S
77564,E
77565,E
77567,S
77568,S
77570,S
77571,S
77572,E
77573,S
77576,S
77577,E
77579,S
77581,S
77582,S
77583,E
77588,S
77592,S
77593,S
77594,E
77597,S
77599,S
77604,E
77605,S
77607,E
77609,E
77610,E
77611,E
77614,E
77616,S
77618,S
77619,E
77620,E
77621,S
77622,S
77625,S
77626,E
77632,E
77634,S
77636,E
77637,E
77638,E
77639,S
77641,S
77642,S
77643,S
77645,E
77646,S
77647,S
77650,S
77651,E
77652,S
77654,E
77658,S
77661,S
77662,S
77663,S
77668,E
77669,E
77670,S
77671,E
77673,S
77677,S
77682,S
77683,E
77684,E
77685,S
77686,E
77687,S
77690,S
77691,S
77692,E
77693,E
77694,E
77695,E
77699,E
77700,S
77702,E
77707,E
77712,E
77718,S
77719,S
77720,E
77723,S
77724,S
77726,S
77727,E
77729,S
77730,E
77731,S
77734,E
77736,E
77738,S
77739,S
77740,S
77741,E
77743,E
77747,E
77749,S
77750,E
77751,S
77752,S
77753,S
77754,S
77755,S
77757,S
77759,E
77760,S
77762,E
77763,S
77764,S
77765,E
77766,S
77767,S
77768,S
77770,S
77771,E
77773,E
77776,S
77777,S
77778,S
77780,S
77781,E
77783,S
77786,E
77789,E
77790,E
77791,S
77792,E
77793,E
77794,S
77797,E
77801,E
77803,E
77805,S
77809,S
77811,S
77812,S
77814,S
77815,E
77816,S
77819,S
77820,S
77821,A
77824,E
77828,E
77829,E
77830,S
77831,E
77834,S
77836,S
77837,S
77838,E
77840,S
77842,E
77843,S
77844,S
77845,S
77846,S
77848,E
77849,S
77850,E
77851,S
77852,S
77854,S
77855,S
77856,E
77857,S
77860,S
77862,S
77863,E
77864,S
77866,S
77868,S
77871,S
77873,S
77874,S
77879,S
77882,S
77884,E
77885,E
77886,E
77890,S
77891,S
77892,S
77894,S
77895,S
77898,S
77900,E
77901,S
77906,S
77907,S
77908,S
77910,E
77913,E
77914,E
77919,E
77920,S
77921,S
77922,E
77926,S
77927,E
77928,E
77929,S
77930,E
77934,S
77935,S
77936,E
77939,E
77940,E
77941,S
77942,S
77943,S
77944,S
77946,S
77947,S
77948,E
77950,E
77951,S
77952,E
77954,S
77956,S
77957,E
77959,S
77960,E
77961,E
77963,S
77964,S
77966,E
77967,S
77969,S
77972,S
77973,S
77976,S
77977,S
77978,S
77980,S
77981,S
77984,E
77986,S
77987,S
77991,E
77992,S
77993,S
77994,S
77996,S
77997,S
77998,E
78003,E
78004,S
78006,E
78007,E
78009,S
78011,E
78012,E
78013,E
78014,S
78016,E
78018,E
78019,S
78021,S
78023,E
78024,S
78025,S
78027,E
78028,S
78029,E
78030,S
78031,E
78033,E
78034,E
78037,E
78038,S
78039,E
78040,S
78042,S
78043,S
78044,E
78045,E
78047,E
78050,S
78051,S
78052,S
78055,S
78056,E
78059,S
78063,S
78064,S
78066,E
78071,E
78072,E
78073,E
78075,S
78077,E
78078,E
78079,E
78082,S
78083,S
78084,E
78086,S
78087,S
78088,E
78089,S
78090,S
78091,S
78092,S
78095,E
78096,E
78099,S
78102,S
78104,E
78105,S
78107,E
78108,S
78112,E
78115,E
78116,S
78118,S
78119,S
78120,S
78122,S
78124,S
78125,S
78128,S
78129,E
78131,S
78132,S
78133,S
78140,S
78144,S
78145,E
78146,S
78147,E
78150,E
78155,S
78157,E
78158,S
78160,E
78161,E
78162,S
78169,E
78170,E
78173,S
78174,S
78175,E
78179,E
78180,S
78181,S
78182,S
78183,E
78184,E
78189,E
78190,S
78191,S
78192,S
78196,E
78197,S
78200,E
78202,S
78204,E
78205,E
78212,E
78214,E
78216,S
78217,S
78219,S
78220,E
78221,E
78223,S
78224,E
78225,E
78226,E
78227,S
78228,E
78229,S
78231,E
78232,S
78233,E
78234,S
78236,E
78240,S
78241,E
78243,S
78246,S
78248,S
78249,S
78251,S
78252,E
78254,E
78256,S
78257,E
78259,S
78261,S
78264,S
78266,S
78267,E
78268,E
78269,E
78274,E
78276,E
78277,S
78283,S
78289,E
78290,S
78291,S
78292,E
78293,E
78295,E
78296,S
78298,S
78299,S
78300,S
78301,S
78302,E
78303,E
78304,E
78305,S
78306,S
78307,E
78308,S
78309,S
78311,S
78312,S
78316,S
78320,S
78321,S
78324,E
78325,S
78327,S
78330,E
78331,E
78334,S
78336,S
78337,S
78339,E
78340,S
78341,S
78342,S
78343,E
78345,S
78346,S
78349,E
78350,S
78352,S
78353,S
78354,E
78359,S
78364,S
78365,S
78367,S
78368,S
78371,S
78372,E
78373,E
78375,E
78376,S
78381,S
78382,E
78383,E
78385,E
78386,S
78388,S
78389,S
78391,S
78393,S
78394,S
78396,E
78397,S
78398,E
78403,S
78406,S
78408,E
78410,S
78411,E
78412,E
78416,S
78417,S
78419,E
78421,E
78422,E
78425,S
78426,S
78430,S
78431,S
78432,S
78433,S
78435,S
78436,S
78439,E
78443,S
78447,S
78448,S
78449,E
78450,E
78451,S
78452,S
78453,E
78457,E
78458,S
78459,E
78464,S
78466,E
78467,E
78471,S
78472,S
78473,E
78474,S
78475,S
78477,S
78478,E
78480,E
78481,S
78483,S
78487,S
78488,E
78490,S
78491,S
78493,S
78495,E
78496,E
78497,S
78500,E
78501,E
78503,E
78504,S
78508,E
78510,S
78511,E
78512,S
78513,S
78515,S
78519,E
78520,E
78521,E
78525,E
78526,S
78529,S
78530,S
78533,E
78535,E
78537,S
78542,E
78544,E
78547,S
78548,S
78551,S
78554,S
78556,E
78558,E
78559,E
78561,S
78563,E
78565,E
78566,E
78567,S
78568,S
78571,S
78572,S
78573,S
78574,S
78575,E
78577,S
78580,E
78584,E
78585,S
78588,S
78589,E
78591,S
78593,S
78594,E
78595,S
78596,S
78597,S
78599,E
78600,E
78601,E
78602,E
78603,E
78605,E
78607,E
78608,S
78611,E
78613,E
78614,E
78615,E
78618,S
78619,S
78620,E
78622,S
78623,E
78624,S
78625,E
78627,E
78630,E
78631,E
78632,S
78634,S
78635,S
78637,E
78639,S
78640,E
78642,S
78643,S
78644,S
78645,S
78646,S
78647,S
78649,S
78651,E
78653,S
78661,S
78663,S
78664,E
78666,S
78667,E
78668,E
78671,S
78673,S
78674,E
78675,S
78676,E
78677,E
78678,E
78680,E
78684,S
78685,E
78687,E
78689,S
78691,S
78693,S
78694,S
78695,S
78696,E
78697,S
78701,S
78705,E
78709,E
78710,E
78713,S
78714,E
78715,S
78716,E
78717,S
78718,E
78719,E
78720,S
78723,S
78724,E
78725,S
78727,S
78729,E
78730,S
78731,E
78733,E
78737,E
78740,S
78741,S
78743,E
78745,S
78747,S
78748,S
78752,S
78754,E
78756,E
78759,S
78762,E
78766,S
78767,S
78768,S
78769,E
78773,E
78776,S
78777,S
78779,E
78780,S
78781,E
78785,E
78786,E
78788,E
78789,S
78791,S
78797,S
78800,S
78806,E
78807,S
78808,S
78810,E
78811,S
78813,S
78815,E
78816,S
78817,S
78818,S
78820,E
78823,E
78826,S
78829,E
78832,E
78833,S
78834,E
78835,E
78839,E
78842,S
78843,S
78849,E
78850,S
78851,E
78852,E
78854,S
78855,S
78863,E
78864,S
78865,S
78867,S
78869,S
78870,S
78871,S
78872,E
78873,S
78875,S
78876,S
78878,E
78879,S
78880,S
78883,E
78887,S
78888,E
78890,E
78892,S
78894,E
78895,S
78896,E
78897,E
78898,E
78902,S
78903,S
78906,E
78910,S
78912,S
78913,E
78915,S
78916,S
78917,S
78919,S
78920,E
78924,S
78926,S
78929,E
78932,E
78933,E
78934,S
78935,E
78937,S
78939,S
78940,E
78941,E
78943,S
78944,S
78945,E
78948,E
78949,S
78950,E
78953,E
78954,S
78955,S
78956,E
78957,E
78958,S
78961,S
78962,S
78963,E
78964,S
78965,S
78966,E
78968,S
78969,E
78971,E
78972,S
78973,S
78977,S
78980,E
78981,S
78983,S
78984,S
78990,S
78991,S
78993,E
78994,S
78995,S
78996,E
78999,S
79000,E
79001,E
79003,E
79004,E
79007,E
79012,S
79015,S
79017,E
79020,S
79021,S
79026,E
79028,S
79029,S
79032,S
79033,S
79035,S
79037,S
79040,E
79042,S
79044,S
79045,E
79046,S
79049,E
79050,E
79051,E
79052,E
79054,S
79056,E
79058,E
79060,S
79061,S
79062,S
79063,E
79064,E
79066,E
79068,E
79070,S
79071,E
79072,E
79073,S
79074,S
79076,S
79078,E
79080,S
79082,S
79083,E
79085,E
79086,E
79088,S
79090,S
79092,S
79093,E
79094,E
79095,E
79096,S
79100,S
79104,E
79106,E
79107,S
79108,E
79109,E
79110,S
79112,S
79113,S
79116,S
79117,S
79119,S
79121,S
79122,E
79124,S
79127,S
79128,S
79129,E
79131,S
79133,E
79135,E
79136,E
79137,S
79140,S
79144,E
79146,S
79147,E
79154,E
79158,S
79162,S
79164,E
79167,E
79169,S
79170,S
79172,S
79175,E
79177,S
79178,S
79183,S
79186,E
79190,S
79193,S
79194,E
79197,S
79198,E
79201,E
79202,S
79204,S
79205,E
79208,S
79210,S
79213,E
79214,E
79215,S
79216,S
79217,S
79218,E
79219,E
79222,S
79225,E
79228,E
79229,E
79230,S
79231,E
79233,S
79237,S
79238,S
79240,S
79242,S
79243,S
79244,E
79245,S
79247,E
79253,E
79254,E
79255,S
79263,E
79264,S
79265,E
79266,E
79267,E
79269,S
79271,S
79274,S
79276,S
79277,E
79278,E
79281,S
79282,S
79283,S
79284,E
79286,S
79289,S
79291,S
79294,S
79295,E
79296,S
79298,S
79299,E
79300,S
79301,S
79302,E
79303,E
79306,E
79309,E
79310,S
79312,S
79313,S
79317,E
79319,E
79323,S
79324,E
79326,S
79328,S
79329,S
79332,S
79333,E
79335,E
79337,E
79340,S
79341,E
79343,E
79344,S
79347,E
79348,S
79349,S
79350,S
79352,E
79354,S
79355,S
79356,S
79357,S
79358,E
79361,S
79362,S
79363,E
79365,E
79366,S
79367,S
79368,E
79369,S
79370,E
79373,S
79376,S
79380,S
79383,E
79386,E
79387,S
79390,E
79391,S
79393,S
79394,E
79395,S
79398,S
79399,E
79401,S
79408,S
79409,S
79410,S
79412,S
79414,E
79418,S
79419,E
79420,S
79423,S
79425,E
79428,S
79429,S
79430,E
79431,E
79433,S
79434,E
79437,E
79438,S
79439,S
79440,S
79442,S
79443,S
79445,S
79446,E
79449,E
79450,S
79452,S
79455,S
79456,E
79458,S
79459,S
79460,S
79462,E
79463,S
79464,E
79466,E
79473,S
79474,S
79475,S
79476,E
79477,S
79478,E
79479,S
79481,E
79482,E
79483,E
79484,S
79485,S
79487,S
79488,E
79490,E
79492,E
79493,S
79494,S
79497,E
79498,S
79499,E
79501,S
79503,S
79507,E
79509,S
79510,S
79514,S
79515,S
79518,S
79520,S
79521,E
79522,S
79524,S
79525,S
79527,S
79528,E
79529,E
79530,E
79531,E
79533,S
79534,E
79536,E
79537,S
79538,S
79541,E
79543,S
79544,E
79546,E
79547,S
79551,S
79552,S
79553,E
79554,E
79555,S
79556,E
79557,S
79558,E
79559,S
79561,E
79562,E
79563,S
79565,S
79566,E
79567,E
79568,S
79573,E
79574,S
79576,E
79577,E
79579,E
79584,S
79585,S
79589,S
79594,S
79595,S
79597,S
79598,S
79599,S
79600,E
79602,S
79605,S
79607,E
79610,S
79612,S
79615,S
79616,S
79617,S
79618,E
79620,S
79623,E
79624,S
79626,S
79628,S
79629,S
79631,S
79632,S
79633,E
79634,S
79635,E
79636,E
79637,S
79639,S
79640,E
79641,E
79642,E
79645,S
79647,E
79648,S
79651,E
79652,E
79655,E
79657,S
79658,S
79660,S
79661,S
79663,E
79664,E
79666,S
79669,E
79670,S
79673,E
79674,S
79676,S
79681,S
79682,S
79684,S
79688,S
79691,S
79692,S
79694,S
79695,E
79697,E
79698,S
79699,S
79702,E
79703,A
79704,S
79705,S
79706,S
79714,S
79715,E
79716,S
79717,S
79718,E
79720,S
79721,E
79722,S
79724,E
79726,S
79727,S
79730,S
79731,E
79733,S
79734,S
79736,S
79738,S
79739,S
79740,S
79744,E
79745,E
79746,E
79749,S
79750,S
79751,E
79752,S
79756,S
79758,S
79760,S
79761,E
79762,S
79764,S
79765,S
79766,E
79767,S
79769,S
79772,E
79774,S
79775,S
79777,S
79784,S
79785,S
79788,S
79789,E
79790,S
79791,S
79793,S
79794,E
79796,S
79798,E
79800,S
79801,E
79803,E
79804,S
79805,E
79806,E
79809,S
79811,S
79812,E
79818,S
79819,S
79822,S
79823,S
79824,E
79825,S
79830,S
79831,E
79832,S
79833,E
79834,E
79835,S
79836,E
79837,E
79838,S
79842,E
79843,S
79845,E
79846,S
79847,E
79848,S
79849,S
79850,S
79853,E
79855,S
79858,E
79859,E
79860,S
79863,S
79866,S
79869,S
79873,E
79874,S
79876,E
79879,E
79880,E
79881,E
79886,E
79887,S
79888,S
79889,S
79890,S
79892,E
79896,S
79897,E
79899,S
79900,S
79904,S
79906,S
79907,S
79910,S
79911,E
79914,S
79918,E
79920,S
79921,E
79923,S
79924,S
79925,S
79926,E
79929,E
79930,S
79931,S
79934,S
79935,E
79938,S
79939,E
79943,S
79946,E
79951,E
79953,E
79954,E
79955,E
79958,E
79961,S
79962,S
79964,E
79967,S
79968,S
79970,E
79973,S
79975,S
79976,E
79977,E
79981,E
79982,E
79984,S
79988,E
79989,S
79992,E
79994,S
79995,S
79997,E
79998,E
80000,S
80001,E
80002,E
80007,E
80012,S
80013,S
80018,S
80019,S
80020,S
80021,S
80025,E
80026,S
80027,S
80029,S
80032,E
80035,E
80036,S
80037,S
80042,S
80044,E
80047,E
80048,S
80050,S
80052,E
80054,E
80055,S
80057,E
80058,S
80059,E
80061,E
80062,E
80064,S
80065,E
80067,E
80069,S
80070,S
80071,E
80072,S
80073,S
80075,S
80077,S
80079,E
80082,S
80083,S
80084,E
80087,E
80088,E
80089,S
80091,E
80093,S
80095,E
80103,S
80105,S
80107,E
80109,E
80111,S
80114,E
80117,S
80118,E
80119,S
80120,S
80124,E
80125,S
80126,E
80127,S
80131,E
80132,S
80134,S
80135,S
80136,E
80142,E
80147,S
80148,E
80149,S
80153,S
80157,E
80162,S
80163,S
80164,E
80165,S
80169,S
80170,S
80172,S
80174,E
80179,S
80182,S
80183,S
80184,S
80185,S
80186,S
80189,E
80190,S
80192,S
80193,S
80194,S
80196,S
80197,E
80198,E
80201,E
80206,E
80209,S
80210,S
80213,S
80216,E
80219,S
80220,S
80224,S
80227,S
80229,E
80230,S
80232,E
80233,E
80235,S
80237,S
80240,E
80241,S
80242,S
80243,S
80245,S
80246,E
80247,E
80248,E
80254,S
80259,S
80262,S
80263,S
80265,E
80268,E
80271,S
80272,S
80273,S
80276,S
80277,S
80278,E
80282,S
80283,S
80285,S
80286,S
80294,S
80295,S
80297,S
80298,S
80300,S
80301,S
80302,S
80303,S
80304,S
80307,S
80308,E
80310,S
80311,E
80312,S
80313,S
80314,E
80315,S
80316,S
80317,E
80318,S
80319,S
80321,S
80323,S
80324,E
80328,S
80331,S
80333,S
80334,S
80335,S
80336,S
80337,E
80338,E
80339,E
80340,S
80341,E
80342,S
80343,E
80344,E
80345,S
80346,S
80350,S
80353,S
80354,S
80355,S
80356,E
80357,S
80358,S
80359,E
80363,S
80364,E
80366,S
80368,S
80369,E
80377,S
80379,S
80380,E
80381,S
80385,S
80389,S
80390,S
80391,S
80392,E
80394,S
80395,S
80396,E
80399,S
80402,S
80403,E
80406,S
80409,E
80410,E
80412,S
80415,S
80417,S
80418,S
80421,E
80422,S
80423,E
80427,S
80428,E
80429,S
80432,S
80433,S
80436,E
80442,S
80443,E
80444,S
80447,S
80449,S
80450,E
80451,E
80452,S
80453,S
80454,E
80456,E
80457,S
80462,S
80464,S
80465,E
80466,S
80469,S
80470,E
80471,S
80472,E
80474,S
80475,S
80477,S
80478,S
80479,E
80480,S
80483,E
80485,S
80491,E
80492,E
80494,E
80500,S
80501,S
80502,E
80503,S
80504,E
80506,S
80508,S
80513,E
80517,E
80519,E
80520,S
80521,S
80522,E
80523,S
80526,S
80529,E
80532,S
80536,S
80537,E
80540,S
80541,E
80542,S
80543,E
80544,S
80545,E
80546,S
80549,S
80550,S
80551,S
80553,S
80555,S
80556,S
80557,E
80558,S
80559,S
80564,S
80567,S
80568,S
80571,S
80572,S
80573,E
80579,S
80581,E
80583,S
80586,E
80588,E
80592,S
80593,S
80594,S
80596,S
80597,S
80598,S
80600,S
80604,E
80605,E
80606,S
80608,E
80610,S
80612,S
80614,S
80617,S
80618,S
80622,E
80625,S
80626,S
80627,S
80631,S
80635,E
80636,E
80639,S
80640,E
80641,S
80642,S
80644,E
80645,S
80646,E
80648,E
80650,E
80653,S
80658,S
80661,S
80662,A
80663,E
80664,E
80666,E
80667,S
80668,S
80675,S
80679,S
80682,E
80686,E
80688,S
80690,E
80694,S
80700,E
80702,E
80708,E
80710,S
80712,E
80713,S
80714,S
80715,E
80716,S
80717,S
80718,S
80719,E
80721,S
80727,S
80728,E
80730,S
80731,E
80733,S
80736,S
80738,E
80742,S
80743,S
80745,E
80749,S
80750,E
80752,S
80753,E
80754,S
80764,E
80765,S
80767,S
80769,E
80770,S
80778,S
80780,S
80781,E
80785,E
80786,E
80787,S
80789,E
80797,S
80798,S
80799,S
80800,E
80801,S
80803,E
80806,E
80807,S
80809,E
80810,S
80811,S
80813,S
80814,E
80816,S
80817,S
80820,E
80825,E
80829,E
80832,E
80833,S
80834,E
80837,S
80838,S
80839,E
80840,S
80842,S
80844,S
80845,E
80846,S
80849,E
80852,S
80853,S
80854,E
80855,E
80856,S
80860,E
80861,S
80862,S
80863,S
80864,S
80866,S
80867,S
80868,E
80870,S
80871,E
80872,S
80873,S
80874,E
80876,S
80877,E
80878,S
80880,S
80881,S
80883,E
80884,S
80885,S
80886,E
80889,S
80891,E
80893,E
80895,S
80896,S
80897,S
80898,E
80899,S
80900,S
80901,S
80906,S
80910,E
80911,E
80914,S
80921,E
80922,S
80923,S
80925,E
80927,S
80928,S
80930,S
80933,S
80935,E
80936,S
80938,S
80943,S
80945,S
80947,E
80949,E
80952,E
80954,S
80955,S
80957,E
80958,S
80960,S
80964,E
80966,E
80969,S
80971,E
80973,S
80974,S
80976,E
80977,S
80978,S
80982,E
80983,S
80986,S
80987,E
80988,S
80990,E
80994,S
80995,E
80996,E
80997,E
80998,E
80999,S
81002,S
81004,S
81005,S
81006,E
81007,S
81009,E
81010,S
81012,S
81013,E
81014,S
81016,S
81017,E
81018,S
81019,S
81020,S
81022,S
81024,E
81026,S
81028,S
81031,E
81033,E
81035,S
81036,E
81037,S
81039,E
81040,S
81041,E
81042,S
81044,S
81045,E
81047,S
81048,E
81052,E
81054,S
81061,E
81063,S
81064,E
81065,S
81068,S
81069,S
81071,S
81073,S
81074,E
81075,E
81077,S
81078,E
81082,S
81088,E
81089,S
81090,S
81091,S
81094,S
81095,S
81096,S
81097,E
81098,E
81099,E
81100,S
81101,S
81103,S
81105,E
81107,S
81108,S
81110,S
81112,S
81113,S
81115,S
81116,E
81117,E
81119,E
81120,E
81126,S
81127,S
81128,S
81130,E
81131,A
81132,S
81137,S
81140,S
81147,E
81148,E
81149,S
81150,E
81151,S
81153,E
81157,S
81158,E
81159,E
81163,E
81166,S
81169,S
81172,E
81174,E
81176,E
81177,E
81181,E
81184,S
81187,S
81188,E
81189,S
81190,S
81191,E
81192,S
81193,E
81195,S
81196,E
81197,S
81198,E
81202,E
81203,S
81205,E
81206,S
81210,S
81214,S
81215,E
81216,S
81219,E
81220,E
81222,S
81223,E
81224,E
81225,E
81227,E
81228,E
81229,S
81232,S
81233,E
81241,S
81245,S
81248,S
81249,E
81250,E
81254,S
81256,S
81257,S
81258,E
81259,S
81261,S
81263,E
81264,S
81267,S
81268,S
81270,E
81272,S
81273,S
81274,S
81276,E
81277,S
81278,S
81280,S
81282,E
81284,E
81288,S
81290,E
81292,S
81293,S
81294,S
81295,S
81297,E
81298,S
81303,E
81306,S
81307,S
81308,S
81310,S
81311,S
81312,E
81313,S
81314,S
81315,S
81319,E
81321,S
81322,S
81327,E
81328,S
81329,S
81330,E
81331,E
81335,S
81336,E
81338,E
81339,S
81342,S
81343,S
81346,E
81347,E
81348,S
81351,S
81352,S
81353,E
81354,E
81356,E
81357,S
81358,S
81360,E
81363,S
81364,E
81365,E
81366,E
81369,S
81371,E
81372,E
81374,S
81375,S
81378,S
81381,E
81382,S
81383,S
81386,E
81389,S
81391,E
81393,S
81395,S
81396,S
81397,S
81398,E
81400,E
81401,S
81402,S
81406,S
81411,E
81412,S
81413,S
81414,S
81415,S
81419,S
81420,E
81421,S
81422,S
81423,E
81424,S
81425,E
81426,S
81427,E
81430,S
81431,S
81434,E
81437,S
81438,E
81439,S
81442,E
81443,S
81444,S
81446,S
81450,S
81452,S
81453,E
81456,S
81457,S
81458,S
81459,S
81461,S
81463,E
81464,E
81465,E
81468,S
81470,S
81471,E
81477,E
81478,S
81479,S
81481,S
81482,S
81484,E
81485,S
81486,S
81487,S
81488,S
81490,S
81495,E
81497,S
81499,S
81500,S
81501,E
81504,S
81506,S
81507,S
81508,S
81510,S
81511,S
81512,E
81513,S
81516,S
81517,S
81518,E
81520,S
81521,S
81522,E
81526,S
81529,E
81535,E
81536,E
81537,E
81538,S
81541,S
81543,S
81544,S
81545,E
81547,E
81548,S
81550,S
81551,E
81555,E
81558,E
81561,S
81564,S
81566,S
81569,E
81570,S
81572,E
81573,E
81576,E
81580,S
81581,S
81584,S
81586,S
81588,S
81589,S
81591,S
81592,S
81594,S
81596,S
81599,E
81600,S
81601,S
81603,S
81604,S
81606,S
81607,S
81608,E
81610,S
81611,S
81612,S
81613,S
81614,S
81616,S
81619,S
81620,E
81621,E
81624,S
81627,E
81628,S
81633,S
81635,S
81636,S
81638,S
81639,E
81641,S
81642,E
81643,S
81645,S
81649,S
81651,E
81653,E
81656,E
81657,S
81658,E
81660,E
81663,S
81664,S
81666,S
81669,S
81670,S
81672,S
81674,E
81676,E
81678,S
81679,E
81682,E
81683,E
81685,S
81686,E
81691,S
81693,S
81694,S
81696,S
81697,S
81698,S
81699,E
81702,E
81706,S
81708,E
81709,S
81710,S
81711,E
81713,S
81714,S
81716,S
81718,E
81720,S
81721,S
81722,S
81723,S
81724,S
81728,E
81732,S
81734,S
81736,S
81739,S
81741,S
81750,S
81753,E
81759,E
81760,S
81762,S
81763,E
81764,S
81766,S
81767,E
81768,S
81770,S
81771,S
81772,S
81774,S
81775,S
81776,S
81778,S
81780,S
81781,E
81785,S
81790,S
81791,S
81793,E
81794,E
81795,E
81798,S
81799,E
81801,E
81802,E
81803,E
81806,S
81807,E
81814,S
81815,S
81819,E
81821,E
81826,S
81828,S
81829,E
81832,S
81833,S
81834,E
81838,S
81842,E
81843,E
81844,E
81846,S
81848,E
81849,E
81851,S
81854,E
81855,S
81857,E
81859,E
81861,E
81862,S
81863,E
81864,S
81868,S
81870,E
81871,S
81873,E
81874,E
81875,E
81877,S
81878,S
81879,S
81880,S
81881,E
81886,S
81888,E
81889,S
81896,S
81898,E
81899,S
81900,E
81905,S
81908,S
81909,S
81910,E
81911,E
81913,S
81914,S
81915,E
81917,E
81919,S
81920,S
81921,E
81923,S
81924,S
81925,S
81926,S
81928,S
81929,S
81931,S
81934,S
81937,E
81940,E
81943,E
81946,S
81947,S
81949,S
81950,E
81951,S
81952,E
81954,S
81956,E
81958,S
81960,S
81962,E
81963,E
81965,S
81966,E
81968,E
81970,S
81971,S
81973,E
81974,E
81976,S
81978,E
81980,S
81981,S
81983,S
81984,S
81989,S
81991,S
81994,S
81996,E
81999,E
82001,S
82002,S
82004,S
82005,S
82007,S
82009,E
82012,E
82013,E
82014,S
82015,E
82017,E
82018,E
82019,S
82021,S
82022,S
82023,S
82024,E
82025,S
82026,S
82028,S
82029,S
82030,S
82032,S
82033,S
82034,E
82035,E
82036,E
82037,E
82038,S
82043,E
82045,S
82046,S
82048,E
82049,E
82050,E
82053,S
82055,S
82056,S
82057,E
82058,E
82059,S
82062,E
82063,S
82064,S
82065,S
82067,E
82068,E
82071,S
82073,S
82074,E
82076,E
82077,E
82078,E
82079,S
82081,S
82082,S
82084,E
82088,S
82089,S
82090,E
82091,S
82092,S
82093,S
82094,E
82095,S
82098,S
82100,S
82102,S
82106,E
82108,S
82109,E
82110,S
82113,E
82116,E
82122,E
82123,E
82125,E
82127,S
82128,S
82129,S
82130,E
82131,E
82132,E
82135,E
82136,S
82137,S
82138,S
82140,E
82142,S
82144,S
82145,S
82146,S
82147,S
82150,E
82152,S
82154,E
82156,E
82162,E
82164,S
82166,S
82167,S
82168,S
82171,E
82172,S
82175,S
82176,S
82177,S
82178,S
82182,E
82183,E
82184,E
82185,E
82188,S
82190,S
82191,S
82192,S
82194,S
82196,E
82197,S
82202,S
82203,E
82204,S
82207,S
82209,E
82210,S
82212,S
82213,S
82216,E
82218,S
82219,S
82220,E
82221,S
82222,S
82223,E
82228,S
82231,E
82232,S
82235,S
82237,S
82239,E
82240,S
82242,E
82243,E
82244,E
82245,S
82250,E
82252,S
82253,S
82255,E
82259,S
82260,S
82262,E
82266,S
82271,S
82273,S
82274,E
82276,E
82277,E
82278,E
82281,E
82282,S
82285,S
82287,S
82288,S
82298,S
82299,S
82305,S
82306,S
82307,S
82309,E
82310,S
82312,S
82316,S
82319,E
82321,E
82322,E
82323,S
82324,S
82325,S
82328,S
82329,E
82331,S
82333,S
82334,S
82336,E
82340,S
82341,S
82342,E
82343,E
82346,E
82347,S
82348,E
82351,S
82352,S
82356,E
82359,E
82360,E
82361,S
82362,S
82363,E
82366,S
82368,E
82369,E
82370,S
82375,S
82376,E
82378,E
82379,E
82380,S
82382,E
82384,E
82387,S
82388,S
82392,E
82393,E
82394,S
82397,S
82401,E
82403,S
82404,S
82405,E
82406,S
82411,S
82412,E
82413,E
82414,S
82416,S
82421,S
82422,S
82424,E
82425,S
82426,E
82427,E
82428,E
82430,S
82431,S
82432,S
82434,S
82436,S
82439,E
82440,E
82442,S
82445,E
82447,S
82448,E
82450,E
82451,S
82453,E
82456,S
82458,E
82459,S
82460,S
82464,S
82465,S
82466,A
82469,S
82471,E
82472,S
82473,S
82474,E
82476,S
82477,S
82478,E
82479,E
82482,E
82483,S
82484,S
82486,S
82487,E
82490,S
82491,S
82492,S
82493,E
82495,E
82496,E
82497,S
82498,S
82499,S
82501,S
82503,S
82504,E
82510,S
82511,E
82513,S
82515,E
82517,S
82518,S
82520,S
82521,E
82522,A
82523,E
82531,E
82532,S
82533,S
82535,E
82536,E
82537,S
82539,E
82540,S
82542,E
82545,E
82546,S
82547,E
82548,S
82549,S
82550,S
82551,S
82555,E
82556,S
82557,E
82558,E
82560,S
82561,E
82562,E
82565,S
82566,E
82567,E
82568,S
82570,E
82571,S
82572,E
82574,S
82575,S
82576,S
82577,E
82580,E
82583,S
82584,E
82586,S
82589,S
82591,S
82592,E
82594,S
82595,E
82596,S
82597,S
82599,E
82601,S
82603,E
82604,S
82606,S
82607,S
82609,S
82615,S
82616,E
82619,S
82621,S
82624,E
82626,E
82627,E
82630,E
82631,S
82632,S
82633,E
82634,E
82636,S
82637,S
82640,S
82641,E
82643,S
82644,E
82650,E
82652,E
82654,S
82655,S
82658,S
82660,E
82663,E
82664,S
82667,S
82669,S
82670,E
82671,E
82674,S
82675,E
82677,E
82678,E
82679,E
82680,S
82681,E
82682,S
82683,S
82684,E
82685,E
82687,E
82688,E
82691,E
82692,S
82693,S
82695,E
82696,S
82701,S
82706,S
82707,E
82710,E
82711,E
82712,S
82713,S
82714,S
82715,E
82716,S
82717,E
82720,S
82723,S
82724,E
82725,S
82726,E
82727,S
82731,E
82734,E
82735,S
82736,E
82738,S
82740,E
82741,E
82742,E
82743,S
82744,E
82745,S
82746,E
82747,S
82753,E
82755,E
82756,E
82757,E
82760,S
82763,E
82764,S
82765,E
82767,E
82768,S
82770,S
82771,E
82772,E
82773,S
82774,S
82775,E
82777,S
82780,S
82781,S
82782,S
82783,S
82784,E
82786,S
82788,S
82791,S
82793,E
82794,S
82799,E
82801,E
82803,E
82805,E
82807,S
82808,S
82809,S
82811,S
82812,E
82813,S
82817,E
82818,E
82819,E
82821,S
82822,E
82823,E
82826,E
82827,S
82829,E
82831,S
82832,E
82835,S
82837,S
82839,S
82840,E
82842,S
82847,S
82849,S
82852,S
82853,S
82854,S
82855,S
82862,E
82866,S
82867,S
82868,S
82869,S
82871,S
82872,S
82874,S
82875,E
82876,S
82877,S
82879,S
82883,E
82884,S
82885,E
82886,S
82888,S
82889,S
82893,S
82894,S
82895,S
82898,S
82903,S
82904,S
82906,S
82908,E
82909,E
82910,E
82911,E
82912,E
82913,E
82915,E
82916,S
82917,E
82920,S
82922,S
82923,E
82924,S
82925,S
82927,S
82935,S
82938,S
82939,S
82942,E
82943,S
82947,S
82948,E
82950,S
82953,E
82954,E
82960,S
82961,E
82963,S
82964,E
82966,E
82967,S
82968,S
82971,E
82974,S
82975,S
82976,S
82981,S
82982,S
82983,S
82984,S
82985,S
82986,S
82987,S
82988,S
82989,E
82993,S
82996,E
82997,S
82998,E
82999,E
83002,S
83006,E
83007,E
83008,S
83009,E
83011,S
83014,E
83018,E
83023,E
83025,E
83026,S
83028,S
83029,E
83031,E
83032,E
83033,S
83034,E
83035,S
83041,S
83042,E
83044,S
83045,E
83046,S
83047,S
83050,E
83056,E
83057,S
83060,S
83061,E
83064,S
83070,S
83071,S
83072,E
83077,S
83078,S
83080,S
83081,S
83082,S
83083,E
83084,S
83087,S
83089,S
83090,E
83092,S
83094,E
83095,E
83096,E
83097,S
83098,E
83099,E
83105,E
83108,S
83115,S
83118,S
83120,S
83122,S
83123,E
83124,E
83125,E
83127,E
83128,E
83129,E
83132,S
83134,S
83136,E
83137,E
83142,S
83144,E
83145,E
83146,S
83147,S
83148,S
83149,S
83150,S
83154,S
83155,S
83157,S
83158,E
83159,S
83160,S
83161,E
83162,S
83165,S
83170,E
83171,S
83173,S
83175,S
83177,S
83181,S
83182,E
83183,S
83184,S
83187,E
83188,E
83190,S
83191,S
83192,E
83193,E
83195,S
83196,S
83197,S
83199,S
83200,S
83203,E
83204,E
83206,S
83208,S
83209,E
83210,S
83211,E
83212,S
83215,E
83218,E
83220,S
83221,S
83226,E
83228,E
83230,E
83234,S
83235,S
83237,E
83238,E
83240,E
83242,E
83244,S
83246,E
83248,S
83250,E
83253,S
83255,S
83256,S
83258,S
83261,S
83265,S
83266,S
83267,E
83271,S
83272,S
83273,S
83274,E
83275,S
83276,S
83277,S
83279,S
83280,E
83282,E
83283,S
83285,S
83286,E
83287,E
83288,S
83289,E
83291,E
83292,S
83295,S
83299,E
83301,S
83302,S
83304,E
83305,S
83306,E
83308,E
83309,S
83310,S
83311,S
83314,S
83319,E
83320,E
83321,E
83322,S
83323,S
83325,S
83326,S
83327,S
83330,S
83333,S
83334,S
83335,S
83336,E
83338,S
83340,S
83343,E
83345,E
83346,E
83347,S
83350,S
83351,E
83355,S
83360,S
83364,S
83365,S
83368,E
83370,E
83371,E
83372,S
83374,S
83375,E
83377,E
83379,S
83380,S
83381,S
83382,S
83383,S
83386,S
83387,E
83389,S
83390,S
83391,S
83392,E
83395,S
83396,E
83400,S
83401,E
83403,S
83405,S
83408,S
83410,S
83411,S
83412,S
83413,S
83414,E
83416,E
83421,S
83422,S
83427,E
83428,E
83430,S
83432,E
83433,S
83434,E
83436,S
83437,S
83439,S
83440,S
83441,S
83442,E
83443,S
83445,S
83446,E
83448,E
83449,E
83450,E
83455,E
83457,S
83460,E
83461,E
83462,E
83463,S
83464,E
83467,S
83468,S
83469,S
83471,S
83472,S
83473,S
83475,S
83478,S
83481,S
83484,S
83487,S
83488,S
83489,E
83490,S
83491,E
83492,S
83497,S
83498,S
83500,E
83501,S
83503,S
83505,E
83506,S
83510,S
83511,E
83512,S
83517,S
83519,S
83520,E
83521,S
83522,S
83523,S
83525,S
83526,S
83528,S
83529,S
83531,S
83532,S
83534,S
83536,E
83537,E
83538,E
83539,S
83540,S
83541,S
83542,S
83546,E
83547,E
83548,E
83549,E
83551,S
83552,E
83555,S
83557,S
83558,S
83561,S
83564,S
83565,E
83566,S
83568,E
83579,E
83580,S
83581,E
83582,S
83583,S
83585,S
83586,S
83587,S
83589,S
83590,S
83594,S
83595,E
83598,E
83599,S
83600,E
83601,S
83604,S
83605,E
83608,E
83609,E
83610,E
83612,E
83613,S
83617,S
83619,E
83621,S
83622,E
83623,E
83625,S
83628,S
83629,E
83630,S
83631,E
83633,E
83638,E
83640,E
83641,S
83642,S
83643,E
83644,S
83645,S
83646,E
83647,S
83650,S
83652,S
83653,E
83654,E
83655,S
83656,E
83657,S
83658,S
83659,S
83660,S
83666,S
83667,S
83668,S
83669,S
83671,S
83672,S
83673,E
83679,E
83681,S
83682,S
83683,E
83684,E
83685,S
83686,S
83688,E
83689,S
83691,S
83692,S
83693,S
83695,E
83697,E
83699,S
83700,S
83701,E
83703,E
83704,E
83709,S
83711,S
83713,S
83715,E
83716,E
83717,S
83718,E
83719,S
83720,S
83721,E
83722,S
83723,S
83724,E
83727,S
83728,S
83729,E
83730,S
83731,E
83732,S
83733,E
83737,E
83738,S
83740,E
83741,S
83742,E
83745,S
83746,E
83747,S
83748,S
83750,E
83755,E
83757,S
83758,E
83761,S
83762,S
83763,E
83764,S
83765,S
83766,S
83767,E
83768,E
83770,E
83773,E
83774,S
83775,E
83776,S
83781,S
83782,E
83783,E
83784,S
83786,S
83791,E
83792,E
83793,S
83796,S
83797,S
83801,E
83802,E
83803,S
83804,S
83806,S
83807,S
83809,S
83810,E
83812,S
83814,S
83816,S
83818,S
83823,E
83827,E
83829,E
83831,E
83833,E
83834,E
83835,E
83837,S
83838,E
83840,S
83842,E
83843,S
83848,S
83850,E
83855,E
83857,S
83858,S
83862,S
83863,E
83864,E
83865,E
83875,E
83876,S
83878,E
83880,S
83881,S
83882,S
83884,S
83886,E
83888,E
83889,S
83890,S
83891,S
83892,S
83893,E
83894,S
83896,S
83898,E
83899,E
83900,S
83901,S
83903,S
83905,S
83906,S
83907,E
83908,S
83909,E
83912,S
83913,S
83914,E
83915,S
83916,E
83918,S
83920,S
83922,E
83923,S
83925,S
83926,S
83927,S
83928,S
83933,S
83935,S
83936,S
83938,E
83939,S
83940,S
83941,E
83942,E
83944,S
83948,S
83949,E
83950,E
83951,S
83953,S
83954,S
83957,E
83959,S
83961,E
83962,E
83963,E
83964,E
83966,S
83973,E
83975,S
83977,S
83978,S
83979,S
83982,E
83983,E
83985,S
83986,S
83987,S
83989,S
83991,E
83992,E
83993,S
84000,S
84005,S
84006,E
84008,S
84009,S
84010,S
84013,S
84014,S
84018,S
84021,E
84023,S
84024,E
84026,S
84027,S
84028,S
84029,E
84030,E
84036,S
84039,S
84041,S
84042,E
84045,S
84046,E
84048,E
84049,S
84053,E
84054,E
84059,E
84060,S
84063,E
84064,E
84066,E
84068,E
84069,S
84070,S
84071,S
84072,S
84073,S
84074,E
84075,E
84078,S
84079,S
84081,E
84083,E
84084,S
84085,E
84086,E
84088,S
84089,E
84090,S
84093,S
84094,S
84097,S
84098,E
84101,S
84102,S
84103,E
84105,E
84109,E
84110,E
84112,S
84113,S
84115,E
84116,E
84118,E
84119,S
84121,E
84122,E
84124,S
84127,S
84128,S
84129,E
84132,E
84133,S
84134,S
84135,E
84139,E
84144,E
84145,S
84148,E
84149,E
84150,E
84151,S
84152,S
84153,E
84154,E
84156,S
84157,E
84162,S
84163,E
84164,S
84166,S
84169,E
84170,E
84171,S
84173,E
84174,E
84175,E
84176,E
84177,E
84181,S
84182,S
84183,S
84188,S
84189,S
84190,S
84191,S
84194,E
84195,S
84196,S
84198,S
84200,E
84204,S
84205,S
84209,E
84210,S
84212,E
84213,S
84214,E
84215,S
84219,S
84220,S
84223,E
84225,S
84226,E
84227,S
84228,S
84230,E
84232,E
84233,S
84235,S
84236,E
84237,S
84239,S
84240,S
84243,S
84244,E
84245,E
84246,S
84247,E
84248,S
84249,E
84251,E
84252,E
84253,S
84254,S
84256,S
84257,S
84258,E
84259,E
84260,S
84261,S
84263,S
84264,S
84265,E
84267,S
84268,S
84270,E
84271,E
84272,S
84274,S
84277,S
84278,S
84279,E
84280,E
84281,E
84282,E
84283,S
84285,S
84288,S
84289,E
84290,S
84292,S
84293,S
84294,S
84295,S
84296,S
84297,S
84298,S
84299,E
84300,S
84303,S
84304,S
84306,E
84310,S
84311,E
84313,S
84314,E
84315,E
84316,E
84319,S
84321,S
84327,S
84328,S
84329,E
84330,S
84331,S
84333,E
84334,E
84337,S
84338,E
84339,E
84340,S
84341,E
84342,E
84343,S
84344,S
84345,S
84346,E
84347,S
84353,E
84354,S
84355,S
84356,S
84357,S
84359,E
84363,E
84365,S
84369,E
84371,S
84372,E
84376,S
84377,S
84378,S
84379,S
84380,S
84383,E
84384,E
84385,E
84388,S
84389,E
84390,S
84392,S
84393,E
84394,S
84398,S
84399,S
84400,E
84403,S
84405,E
84406,E
84410,E
84412,S
84413,S
84415,S
84416,E
84418,E
84422,E
84424,S
84425,S
84426,E
84427,S
84428,S
84432,S
84436,S
84441,S
84442,S
84443,S
84444,S
84445,E
84449,S
84450,S
84451,S
84453,S
84454,S
84455,E
84456,S
84459,S
84461,E
84463,S
84465,S
84476,S
84477,S
84478,E
84479,S
84480,S
84482,S
84483,E
84487,S
84492,S
84494,E
84495,E
84496,E
84498,E
84500,E
84501,S
84515,E
84521,E
84522,S
84523,S
84524,E
84525,E
84527,E
84528,E
84530,S
84531,S
84532,E
84534,E
84535,E
84538,E
84540,S
84541,S
84544,S
84547,E
84548,S
84550,E
84552,E
84554,S
84555,S
84557,S
84559,S
84560,E
84562,S
84563,S
84565,S
84567,S
84569,E
84570,S
84571,S
84572,S
84573,E
84575,S
84576,E
84577,S
84579,S
84580,E
84581,E
84582,E
84586,S
84590,E
84592,S
84594,E
84595,S
84602,S
84603,S
84604,E
84605,S
84606,S
84608,E
84609,E
84610,S
84611,S
84615,S
84616,E
84618,S
84621,E
84622,S
84626,S
84627,S
84633,E
84634,S
84635,E
84636,E
84637,S
84643,S
84644,S
84645,S
84647,S
84648,S
84649,E
84651,E
84653,E
84654,S
84656,S
84658,S
84659,E
84662,S
84666,S
84668,E
84669,E
84670,E
84672,S
84679,E
84680,E
84683,S
84685,S
84687,E
84689,S
84690,E
84691,S
84693,S
84694,E
84697,S
84699,E
84700,E
84703,S
84705,S
84708,E
84709,S
84710,E
84711,S
84712,E
84713,S
84716,E
84717,E
84718,S
84721,S
84726,S
84728,S
84730,E
84732,E
84733,E
84734,E
84736,E
84737,E
84743,S
84746,S
84747,S
84748,E
84750,S
84751,S
84753,E
84758,E
84761,E
84762,E
84763,S
84765,E
84766,S
84767,S
84768,E
84771,E
84773,S
84774,S
84777,S
84779,S
84780,S
84781,E
84782,E
84785,S
84786,E
84787,S
84788,S
84789,S
84792,E
84794,S
84796,S
84797,S
84798,E
84799,E
84801,S
84802,E
84804,S
84806,E
84808,S
84809,E
84813,S
84817,S
84818,S
84819,E
84821,S
84823,S
84824,S
84826,E
84828,S
84830,S
84831,S
84834,S
84835,E
84836,E
84837,E
84839,E
84840,S
84841,S
84842,E
84843,S
84844,E
84845,S
84846,S
84847,S
84848,E
84849,S
84851,S
84852,S
84853,E
84854,E
84858,E
84859,S
84860,S
84861,S
84865,S
84867,S
84868,S
84871,S
84872,E
84873,S
84876,S
84877,E
84880,S
84882,E
84883,S
84885,S
84886,E
84887,S
84893,E
84894,S
84896,S
84897,S
84898,E
84899,S
84900,S
84901,E
84902,E
84903,S
84907,S
84908,E
84909,E
84913,E
84914,S
84915,S
84916,S
84917,E
84918,E
84919,E
84920,E
84921,S
84922,S
84923,S
84924,E
84925,S
84929,E
84931,S
84932,E
84935,S
84940,S
84941,E
84942,S
84948,E
84949,S
84950,E
84951,S
84952,E
84955,S
84959,S
84960,E
84963,S
84964,S
84965,S
84966,S
84968,S
84969,S
84970,S
84971,E
84972,S
84973,E
84974,S
84975,S
84977,E
84978,S
84979,E
84981,S
84982,S
84989,E
84991,E
84992,S
84993,S
84994,S
84995,S
84996,S
84997,S
84999,S
85002,S
85005,E
85010,E
85011,S
85012,E
85022,S
85024,E
85026,S
85027,S
85028,E
85029,E
85030,S
85031,S
85034,S
85035,E
85038,E
85041,S
85047,E
85048,S
85049,S
85051,S
85052,S
85053,E
85055,S
85056,S
85060,S
85061,E
85063,S
85064,E
85065,S
85066,E
85069,S
85071,E
85075,E
85081,S
85082,E
85083,E
85084,S
85085,E
85086,E
85087,E
85088,E
85094,S
85095,E
85096,S
85099,E
85101,S
85102,S
85103,S
85106,S
85110,E
85113,E
85115,S
85118,A
85121,S
85124,S
85126,S
85127,E
85128,S
85129,S
85130,S
85135,S
85136,S
85137,S
85138,S
85140,S
85141,E
85143,E
85145,E
85152,S
85153,E
85154,E
85158,S
85159,S
85160,S
85165,S
85166,S
85167,S
85168,S
85170,E
85172,S
85173,S
85175,S
85177,S
85181,S
85183,S
85184,E
85185,S
85186,E
85187,S
85188,S
85190,S
85191,E
85193,E
85196,E
85197,E
85198,S
85199,E
85200,S
85201,E
85202,S
85203,S
85204,S
85205,S
85206,E
85207,S
85209,E
85210,E
85212,S
85213,S
85214,E
85216,S
85217,S
85218,E
85219,E
85220,E
85223,E
85225,S
85226,S
85227,S
85228,S
85230,S
85231,E
85233,S
85234,S
85235,S
85239,E
85240,S
85243,S
85244,E
85245,S
85250,S
85259,S
85262,S
85263,S
85264,S
85265,E
85267,S
85270,S
85272,E
85274,E
85277,S
85278,S
85280,E
85281,S
85286,E
85287,S
85289,E
85290,S
85291,S
85292,E
85293,E
85294,S
85297,S
85298,S
85301,E
85302,S
85307,S
85308,S
85309,E
85310,E
85311,E
85313,S
85314,E
85316,S
85317,E
85318,S
85319,S
85320,E
85323,E
85325,S
85326,S
85331,E
85332,S
85333,E
85334,E
85335,E
85336,S
85337,E
85340,E
85341,E
85342,S
85344,E
85347,S
85349,E
85358,E
85359,E
85362,S
85366,S
85369,E
85371,S
85373,S
85375,S
85376,S
85377,E
85379,E
85380,E
85381,E
85382,S
85384,E
85385,E
85387,S
85389,S
85390,S
85391,E
85392,E
85397,E
85401,E
85402,E
85404,S
85407,S
85411,S
85412,S
85415,E
85417,E
85418,A
85419,S
85421,S
85423,E
85427,E
85430,E
85437,E
85438,E
85439,E
85440,E
85441,E
85448,S
85450,E
85451,S
85455,E
85457,S
85458,S
85459,E
85460,E
85461,S
85463,E
85464,S
85465,S
85466,E
85467,E
85470,S
85473,S
85474,E
85475,S
85476,S
85478,E
85481,S
85482,E
85483,S
85484,E
85485,S
85486,E
85487,S
85490,E
85491,E
85493,E
85494,S
85495,S
85496,E
85498,S
85501,S
85505,S
85507,S
85509,S
85511,E
85512,E
85514,E
85519,S
85524,E
85525,S
85526,E
85528,S
85529,S
85530,E
85532,S
85533,S
85535,E
85536,E
85538,S
85539,E
85540,E
85543,E
85546,S
85549,S
85550,S
85551,S
85552,E
85555,E
85556,S
85558,S
85559,S
85561,E
85562,S
85565,E
85566,S
85567,S
85570,E
85572,E
85573,E
85574,S
85576,E
85577,S
85579,E
85581,S
85583,S
85586,S
85588,E
85591,S
85595,S
85597,S
85600,E
85601,E
85605,E
85606,S
85608,E
85610,S
85612,S
85613,S
85619,S
85620,E
85621,E
85622,S
85623,S
85624,S
85627,E
85629,E
85632,S
85633,E
85635,S
85637,S
85639,S
85645,S
85646,S
85647,E
85649,S
85650,S
85652,S
85654,E
85657,S
85662,S
85663,S
85664,S
85666,S
85667,E
85668,S
85670,S
85673,E
85676,E
85678,S
85679,E
85681,S
85682,E
85683,S
85684,E
85686,E
85688,E
85689,E
85690,S
85692,S
85694,S
85695,S
85696,E
85697,E
85698,S
85699,E
85701,E
85702,E
85703,E
85709,S
85710,S
85713,E
85715,S
85716,S
85717,E
85718,S
85720,E
85723,S
85725,E
85727,S
85735,S
85736,S
85737,S
85739,E
85740,S
85741,E
85742,S
85743,S
85745,S
85746,S
85748,E
85749,E
85752,E
85753,S
85755,S
85756,E
85757,E
85758,E
85759,S
85761,E
85762,E
85764,E
85765,E
85766,E
85767,S
85770,E
85771,S
85772,E
85773,E
85774,S
85775,E
85778,S
85779,S
85782,S
85785,S
85786,E
85792,S
85793,S
85794,S
85797,E
85798,S
85800,S
85801,S
85803,S
85804,E
85805,S
85807,S
85808,E
85809,E
85810,S
85814,E
85816,E
85822,E
85823,E
85825,E
85826,E
85827,E
85828,S
85830,S
85832,S
85834,S
85836,S
85837,S
85838,S
85840,E
85841,E
85842,S
85843,S
85848,E
85850,S
85855,E
85856,S
85857,S
85858,S
85859,E
85860,E
85862,S
85864,S
85865,S
85876,S
85879,S
85880,E
85881,E
85882,E
85885,E
85887,S
85889,S
85893,S
85895,S
85896,S
85899,E
85901,E
85902,E
85906,E
85907,S
85908,S
85913,S
85914,S
85915,E
85917,E
85918,S
85919,S
85920,S
85923,E
85925,E
85926,E
85927,S
85928,E
85930,S
85932,E
85933,E
85934,S
85938,S
85939,E
85943,S
85944,S
85945,E
85946,S
85948,E
85953,E
85954,S
85955,E
85956,E
85958,E
85963,S
85964,S
85971,E
85972,E
85973,S
85976,E
85977,E
85979,E
85983,E
85987,E
85988,S
85989,S
85990,E
85993,S
85994,S
85995,S
85996,E
85999,S
86001,E
86002,E
86007,E
86008,S
86009,S
86010,E
86011,S
86013,E
86015,S
86017,E
86021,S
86022,S
86023,S
86024,S
86025,E
86027,S
86028,S
86033,E
86034,E
86036,E
86040,S
86041,E
86044,S
86046,S
86047,E
86048,S
86050,E
86052,E
86053,S
86055,S
86056,E
86061,E
86065,S
86068,S
86069,E
86071,S
86072,E
86074,E
86075,S
86076,S
86078,S
86080,E
86083,E
86084,S
86085,S
86086,E
86087,E
86088,S
86090,S
86092,E
86093,S
86094,S
86097,S
86099,E
86100,S
86102,E
86105,S
86106,S
86108,E
86110,S
86112,S
86116,E
86120,S
86122,E
86123,E
86124,E
86125,E
86126,S
86127,S
86128,S
86129,S
86130,E
86132,E
86133,E
86134,S
86135,S
86136,E
86137,E
86138,S
86139,E
86141,S
86142,E
86143,E
86144,E
86146,S
86148,S
86150,E
86153,E
86154,E
86155,E
86158,S
86159,E
86161,S
86165,S
86166,S
86167,S
86168,E
86169,S
86172,S
86173,S
86174,S
86177,E
86178,E
86179,E
86180,E
86181,S
86185,S
86186,S
86188,S
86190,E
86191,S
86192,S
86193,S
86194,E
86195,S
86201,E
86202,E
86204,E
86205,E
86207,E
86209,S
86211,E
86214,S
86215,E
86218,S
86219,S
86220,E
86224,S
86225,S
86226,E
86227,S
86229,E
86232,S
86235,E
86236,E
86238,S
86239,S
86240,E
86242,E
86244,E
86246,S
86247,S
86248,S
86249,S
86253,E
86254,E
86255,S
86256,S
86258,E
86260,S
86261,S
86262,E
86264,S
86266,S
86267,S
86268,S
86271,E
86272,E
86273,S
86274,S
86277,S
86278,E
86279,E
86283,S
86284,E
86286,S
86288,S
86289,S
86290,S
86291,E
86293,S
86294,S
86295,S
86298,E
86301,S
86302,E
86304,S
86305,E
86306,E
86309,S
86312,S
86313,S
86316,E
86317,E
86318,S
86319,E
86320,S
86322,E
86323,S
86324,S
86325,S
86328,S
86329,E
86332,S
86333,S
86334,E
86335,E
86338,S
86339,S
86340,S
86341,E
86343,E
86344,E
86345,S
86346,S
86347,S
86350,S
86351,E
86354,E
86355,E
86356,E
86357,E
86358,E
86359,S
86360,S
86362,S
86363,S
86364,S
86365,S
86368,S
86370,E
86371,S
86378,S
86383,S
86385,S
86388,S
86390,S
86396,S
86397,S
86402,S
86406,S
86407,S
86409,S
86411,S
86413,S
86415,E
86417,E
86418,S
86420,S
86421,S
86422,S
86423,E
86424,S
86425,S
86428,S
86430,S
86433,S
86434,E
86436,S
86442,S
86444,S
86447,S
86449,S
86451,E
86454,S
86456,E
86457,S
86460,E
86461,S
86462,S
86463,S
86465,E
86469,S
86471,S
86472,S
86477,E
86478,S
86480,S
86481,S
86482,S
86484,S
86485,S
86486,S
86487,S
86490,E
86491,S
86492,S
86494,E
86496,S
86497,S
86500,S
86501,S
86504,S
86506,S
86507,E
86510,S
86511,S
86512,S
86514,E
86515,S
86516,E
86518,E
86519,S
86525,S
86527,E
86529,E
86530,E
86531,E
86532,E
86538,S
86540,S
86542,S
86547,S
86549,S
86550,S
86554,E
86555,E
86556,E
86557,S
86558,S
86561,E
86562,S
86569,A
86575,S
86577,E
86579,E
86580,E
86584,S
86585,S
86588,E
86589,S
86591,S
86592,E
86593,E
86596,S
86597,S
86601,S
86603,E
86604,S
86605,S
86606,E
86607,S
86610,E
86611,S
86613,S
86614,S
86618,S
86619,S
86620,E
86621,S
86623,S
86626,S
86629,E
86630,S
86631,S
86632,E
86633,S
86635,E
86636,E
86637,E
86639,E
86643,S
86644,E
86646,S
86647,S
86648,S
86649,E
86651,E
86655,E
86658,E
86662,E
86663,S
86664,E
86667,S
86669,E
86671,E
86672,E
86673,E
86675,S
86676,E
86678,E
86679,S
86681,S
86684,E
86690,S
86691,E
86692,E
86693,S
86694,E
86701,S
86704,S
86705,E
86707,S
86708,E
86710,E
86711,E
86713,S
86714,E
86715,E
86716,S
86717,E
86721,E
86722,S
86723,S
86724,E
86725,S
86728,S
86734,E
86735,E
86736,S
86737,E
86739,S
86740,E
86742,E
86745,S
86746,E
86748,E
86752,E
86753,S
86754,S
86755,S
86756,E
86757,S
86759,E
86761,E
86763,S
86764,S
86765,E
86766,S
86768,E
86770,S
86771,S
86772,S
86774,S
86775,S
86776,E
86778,E
86779,E
86780,S
86782,S
86785,S
86786,E
86788,S
86792,S
86794,S
86796,S
86804,S
86806,S
86807,E
86810,E
86811,E
86812,S
86815,E
86816,E
86817,S
86819,S
86822,S
86823,S
86825,S
86826,S
86827,E
86832,E
86833,S
86834,E
86835,S
86837,E
86838,S
86839,S
86842,S
86843,S
86845,S
86849,E
86850,E
86852,E
86854,S
86857,E
86858,S
86861,S
86866,E
86868,S
86870,E
86871,E
86874,E
86875,S
86876,E
86877,S
86879,E
86881,S
86882,E
86883,S
86884,S
86885,S
86887,S
86888,E
86892,S
86897,E
86898,S
86899,E
86903,E
86905,A
86907,S
86908,A
86909,E
86912,S
86913,E
86916,E
86917,S
86918,E
86919,E
86922,S
86925,S
86927,E
86929,S
86930,E
86931,S
86932,A
86938,E
86939,E
86940,E
86941,S
86942,E
86943,E
86945,E
86946,S
86947,S
86948,E
86949,S
86950,S
86951,E
86952,S
86955,E
86957,E
86959,E
86960,S
86961,E
86962,E
86963,E
86965,S
86968,E
86972,S
86973,S
86974,S
86975,S
86976,E
86977,E
86979,E
86980,S
86984,S
86988,E
86989,S
86999,S
87001,S
87002,S
87003,S
87004,S
87005,S
87006,S
87007,S
87008,E
87015,S
87019,E
87020,E
87025,E
87026,E
87027,E
87028,S
87032,E
87033,E
87034,S
87035,S
87036,E
87037,S
87038,E
87039,S
87041,S
87043,S
87044,S
87045,E
87048,S
87049,E
87051,S
87052,E
87053,S
87055,E
87058,S
87060,E
87061,S
87063,E
87065,E
87072,S
87076,S
87077,E
87078,S
87079,E
87081,E
87082,E
87085,S
87086,S
87087,S
87088,S
87089,E
87091,E
87094,S
87095,S
87096,E
87097,S
87100,E
87101,S
87108,S
87110,E
87115,S
87116,E
87117,E
87118,E
87119,E
87121,E
87124,E
87125,E
87126,S
87128,S
87130,S
87131,S
87132,S
87137,S
87138,E
87139,S
87141,S
87143,S
87144,S
87147,E
87148,E
87150,S
87151,S
87154,E
87155,S
87156,S
87158,S
87160,E
87163,S
87165,S
87166,S
87167,S
87168,E
87169,E
87175,S
87176,E
87179,E
87181,E
87182,S
87183,S
87184,S
87185,S
87186,S
87188,S
87189,S
87190,E
87191,E
87192,E
87193,S
87194,S
87196,E
87197,S
87198,S
87199,S
87200,S
87201,E
87202,E
87205,S
87206,S
87208,E
87209,S
87212,E
87214,E
87215,S
87218,S
87222,S
87223,S
87225,S
87227,E
87229,E
87230,S
87231,E
87234,E
87236,E
87237,E
87239,E
87240,E
87242,S
87243,E
87244,S
87245,E
87248,S
87250,S
87255,S
87256,S
87257,E
87260,E
87261,E
87262,S
87264,S
87266,S
87267,E
87269,E
87280,S
87281,S
87283,E
87284,E
87286,E
87287,E
87291,S
87292,S
87294,S
87296,E
87297,S
87298,E
87299,E
87302,S
87303,S
87304,E
87305,S
87306,E
87307,S
87311,E
87312,S
87314,S
87315,E
87316,S
87317,S
87318,E
87319,S
87320,E
87321,S
87327,S
87328,S
87329,S
87330,E
87333,E
87334,S
87335,S
87336,S
87338,S
87340,E
87342,E
87343,S
87347,E
87349,E
87350,E
87351,S
87352,E
87353,E
87355,S
87357,S
87359,S
87360,S
87363,S
87369,E
87371,S
87372,E
87375,E
87378,E
87380,E
87381,E
87384,E
87385,S
87387,S
87391,E
87392,S
87393,S
87396,S
87404,S
87405,S
87407,E
87410,E
87412,E
87413,S
87418,S
87421,S
87422,E
87423,E
87424,E
87425,S
87427,E
87428,S
87431,E
87432,S
87435,S
87436,S
87437,E
87438,S
87440,E
87442,E
87443,S
87444,S
87445,S
87446,S
87447,S
87449,E
87451,S
87452,S
87453,E
87454,S
87456,E
87459,S
87461,S
87464,S
87466,S
87469,S
87470,S
87472,S
87476,S
87478,S
87479,S
87480,S
87482,S
87486,E
87493,E
87494,S
87495,S
87498,E
87499,S
87505,S
87513,S
87514,S
87515,S
87517,E
87519,S
87522,E
87523,E
87526,S
87528,E
87529,S
87534,E
87535,S
87539,E
87541,E
87544,S
87545,S
87546,S
87547,S
87548,S
87552,S
87556,S
87557,S
87558,E
87561,S
87562,S
87564,E
87565,S
87566,S
87567,E
87568,E
87569,S
87570,S
87571,S
87572,E
87573,S
87575,S
87577,S
87578,S
87579,S
87580,E
87581,E
87582,E
87585,S
87587,S
87588,S
87589,S
87590,E
87591,S
87592,E
87593,S
87594,E
87596,S
87598,E
87599,S
87600,S
87601,S
87606,S
87608,E
87609,S
87610,E
87611,S
87615,E
87617,E
87618,E
87621,S
87624,E
87625,S
87626,S
87628,S
87629,S
87630,A
87631,S
87632,E
87633,E
87634,S
87635,E
87637,S
87642,S
87643,S
87644,S
87646,E
87649,S
87650,E
87651,E
87652,E
87656,S
87658,S
87659,S
87665,E
87668,S
87669,E
87670,S
87671,E
87672,S
87673,S
87674,S
87677,S
87678,E
87679,S
87681,S
87683,E
87684,S
87685,S
87691,E
87692,E
87694,E
87696,S
87698,E
87699,S
87700,S
87701,E
87702,S
87703,S
87704,E
87705,E
87709,E
87710,E
87711,S
87715,S
87716,E
87718,S
87719,E
87721,S
87722,S
87724,E
87729,E
87730,E
87736,S
87737,E
87738,S
87739,S
87741,S
87743,S
87744,S
87745,E
87746,S
87749,S
87751,S
87752,S
87753,E
87755,S
87757,E
87758,E
87759,S
87761,S
87762,S
87764,E
87767,S
87768,S
87769,E
87771,S
87772,S
87773,E
87774,S
87777,E
87781,S
87782,S
87784,E
87786,S
87791,S
87792,E
87793,S
87795,E
87796,S
87799,E
87800,E
87802,E
87804,S
87805,S
87808,S
87809,S
87811,S
87812,S
87813,S
87814,S
87816,S
87817,E
87818,S
87819,S
87821,S
87823,S
87825,E
87829,S
87830,E
87832,S
87835,E
87837,S
87838,S
87840,E
87843,E
87844,E
87845,S
87846,E
87849,E
87855,S
87857,E
87859,S
87861,S
87863,S
87865,S
87867,S
87870,S
87871,E
87875,E
87877,S
87878,E
87879,E
87880,S
87882,S
87883,S
87884,S
87885,S
87887,S
87888,S
87889,S
87891,E
87893,E
87896,S
87901,S
87906,S
87907,S
87908,E
87909,S
87914,E
87915,S
87916,S
87919,S
87921,S
87923,S
87924,S
87925,S
87926,E
87927,S
87930,S
87932,S
87936,S
87937,S
87941,E
87942,E
87943,S
87944,E
87945,E
87946,S
87948,S
87951,E
87952,S
87953,E
87955,E
87957,S
87959,S
87967,S
87968,S
87969,E
87970,S
87971,E
87973,S
87975,S
87979,S
87980,S
87981,E
87982,S
87984,E
87985,S
87986,S
87988,S
87989,E
87991,S
87992,S
87996,E
87997,S
87998,E
87999,E
88001,E
88004,S
88005,S
88006,E
88007,S
88009,S
88011,S
88012,S
88013,S
88014,E
88017,S
88018,E
88025,S
88026,S
88028,S
88029,S
88030,E
88031,S
88033,S
88034,S
88035,S
88036,E
88037,S
88038,S
88039,E
88041,E
88042,S
88044,E
88045,E
88047,E
88049,S
88050,S
88051,S
88053,S
88054,E
88055,E
88057,E
88059,E
88062,S
88063,E
88064,E
88065,S
88068,S
88069,E
88070,E
88071,S
88072,E
88074,S
88078,E
88079,S
88080,E
88085,S
88091,E
88093,S
88094,E
88099,E
88100,S
88102,E
88103,S
88104,E
88105,S
88107,S
88108,S
88110,E
88111,S
88112,S
88113,S
88114,S
88115,E
88116,S
88117,E
88118,E
88119,E
88120,S
88121,S
88123,S
88124,S
88126,E
88128,S
88131,S
88132,S
88134,S
88135,E
88136,S
88138,S
88139,S
88144,S
88146,S
88148,S
88151,E
88153,S
88154,S
88156,E
88158,S
88160,S
88162,E
88163,E
88164,E
88167,E
88168,S
88169,S
88170,S
88171,S
88172,S
88174,S
88175,S
88177,S
88179,S
88180,E
88181,S
88182,E
88183,E
88184,E
88190,S
88192,S
88195,S
88198,S
88199,S
88201,E
88203,E
88205,S
88206,S
88207,E
88208,E
88213,S
88214,E
88215,S
88216,S
88217,E
88218,E
88219,E
88223,S
88224,E
88225,S
88227,S
88228,S
88229,E
88231,S
88232,E
88233,E
88234,S
88235,E
88238,E
88239,S
88240,S
88242,S
88245,E
88246,S
88247,S
88248,E
88252,S
88253,S
88254,S
88255,S
88256,E
88260,S
88261,S
88263,S
88266,E
88267,S
88268,S
88270,S
88271,E
88273,E
88274,E
88276,S
88277,S
88278,S
88281,S
88282,S
88283,E
88285,E
88286,E
88288,E
88290,S
88292,S
88294,E
88295,E
88296,S
88297,S
88298,S
88300,S
88304,S
88306,S
88307,S
88309,E
88310,S
88312,E
88314,S
88316,S
88318,E
88319,S
88320,S
88322,E
88323,E
88324,S
88327,S
88328,E
88329,S
88330,S
88334,E
88335,S
88336,S
88337,S
88339,E
88340,S
88341,S
88343,S
88345,E
88346,E
88347,A
88348,E
88349,E
88350,E
88351,S
88354,E
88357,S
88360,S
88361,E
88364,S
88366,S
88367,E
88368,E
88369,S
88370,S
88371,S
88372,S
88373,E
88377,S
88379,E
88381,E
88382,E
88383,S
88384,E
88387,S
88389,S
88390,E
88391,S
88392,S
88394,E
88398,S
88404,S
88405,E
88406,S
88408,S
88409,E
88411,S
88416,S
88419,S
88420,S
88422,S
88423,E
88426,E
88427,E
88430,S
88431,E
88432,S
88433,S
88434,S
88435,E
88436,S
88437,S
88438,S
88439,S
88440,S
88441,S
88442,E
88444,S
88445,E
88446,E
88447,S
88449,S
88451,S
88452,E
88453,S
88459,S
88460,E
88461,E
88462,S
88463,E
88464,S
88465,S
88466,E
88468,S
88470,E
88471,S
88472,E
88473,S
88475,S
88476,S
88478,S
88480,E
88481,E
88482,S
88484,S
88485,S
88486,E
88489,S
88490,S
88492,E
88493,S
88494,S
88495,E
88496,S
88497,E
88498,S
88499,E
88503,S
88506,S
88507,E
88508,E
88509,S
88510,S
88512,E
88514,S
88518,E
88521,S
88523,E
88524,S
88525,E
88526,S
88528,S
88529,E
88530,E
88531,S
88532,S
88533,S
88535,S
88536,S
88537,E
88539,S
88541,E
88544,S
88545,E
88546,S
88547,S
88549,E
88550,S
88552,S
88553,E
88555,S
88556,S
88557,S
88559,E
88561,S
88562,S
88564,S
88566,S
88570,E
88572,S
88573,S
88575,S
88578,S
88580,E
88589,E
88590,S
88591,S
88592,E
88595,E
88598,S
88600,E
88602,E
88603,E
88604,E
88610,S
88611,S
88613,S
88614,S
88616,S
88621,E
88627,S
88628,E
88632,S
88633,E
88634,S
88635,E
88636,S
88637,E
88640,S
88641,S
88642,S
88643,S
88644,E
88646,S
88647,E
88648,S
88651,S
88653,S
88654,S
88656,S
88657,S
88658,E
88661,E
88664,E
88665,E
88667,E
88668,S
88671,E
88672,S
88674,S
88675,S
88677,E
88679,E
88680,E
88682,S
88686,E
88687,S
88689,E
88693,S
88697,S
88698,S
88699,S
88703,S
88705,S
88709,E
88710,E
88716,S
88717,E
88718,E
88719,E
88722,E
88724,E
88725,E
88726,S
88728,E
88730,S
88731,S
88734,E
88735,E
88737,E
88740,S
88741,E
88743,S
88744,S
88745,S
88746,E
88747,S
88750,E
88751,S
88752,E
88753,S
88754,S
88755,E
88758,E
88760,S
88762,E
88763,S
88764,E
88767,S
88771,E
88772,E
88775,E
88776,S
88779,E
88783,E
88784,S
88786,S
88787,E
88794,S
88795,S
88797,E
88803,E
88804,S
88805,S
88807,E
88808,S
88809,E
88810,S
88811,S
88812,E
88813,S
88814,S
88815,S
88817,E
88820,E
88821,E
88823,E
88824,S
88826,E
88828,E
88829,S
88831,S
88832,E
88833,E
88836,E
88838,S
88839,S
88840,S
88841,S
88843,S
88851,S
88853,S
88854,E
88855,E
88858,S
88859,E
88863,S
88865,E
88867,E
88868,S
88869,S
88871,S
88872,E
88874,S
88876,S
88878,S
88879,E
88884,S
88886,E
88889,S
88890,E
88892,E
88893,S
88894,S
88895,S
88896,E
88898,S
88900,E
88903,E
88904,S
88907,S
88908,E
88909,S
88911,E
88912,S
88913,E
88916,S
88917,E
88921,S
88922,S
88923,E
88924,S
88926,E
88928,E
88929,S
88930,S
88931,E
88933,S
88934,S
88935,E
88936,E
88937,S
88940,S
88941,S
88942,E
88943,E
88946,S
88947,S
88952,S
88953,S
88955,S
88956,S
88957,S
88959,S
88964,S
88966,E
88970,S
88973,S
88975,E
88979,E
88982,E
88983,E
88987,S
88992,E
88995,S
88997,E
88998,E
89003,E
89004,E
89005,S
89007,S
89009,E
89012,E
89014,E
89016,S
89018,E
89019,E
89020,S
89026,S
89027,E
89029,S
89030,S
89031,E
89034,E
89035,A
89036,E
89038,E
89039,S
89040,E
89043,S
89047,S
89048,S
89052,E
89054,S
89055,E
89059,S
89060,S
89061,E
89063,E
89065,S
89066,S
89069,E
89072,S
89073,S
89074,E
89075,S
89077,E
89079,E
89080,E
89086,S
89087,E
89088,S
89089,E
89090,S
89092,S
89093,S
89094,E
89101,S
89102,E
89103,S
89104,E
89106,S
89111,S
89113,E
89114,S
89115,E
89116,E
89117,S
89118,S
89120,S
89121,S
89122,S
89126,S
89128,S
89131,S
89134,S
89135,E
89136,S
89139,E
89143,S
89144,S
89147,S
89148,S
89150,S
89151,S
89152,S
89154,S
89155,E
89156,S
89157,S
89158,E
89160,S
89161,S
89163,S
89164,E
89167,S
89171,E
89172,S
89174,E
89176,E
89177,E
89179,E
89180,E
89181,E
89182,E
89186,S
89187,S
89188,E
89190,S
89192,E
89193,S
89194,E
89195,S
89196,E
89197,E
89199,S
89200,S
89202,S
89203,S
89207,S
89209,S
89211,S
89217,S
89220,E
89233,S
89234,E
89237,S
89238,S
89241,E
89242,S
89244,S
89246,S
89247,S
89248,S
89254,E
89256,E
89259,E
89261,S
89264,E
89265,E
89267,S
89270,S
89272,S
89274,S
89275,S
89276,S
89277,S
89278,S
89280,S
89281,E
89284,S
89285,S
89286,S
89287,E
89288,E
89289,S
89292,S
89293,S
89294,S
89296,S
89298,S
89299,S
89303,E
89304,S
89306,S
89307,S
89310,E
89311,S
89312,S
89316,E
89318,S
89319,E
89322,E
89324,S
89325,E
89326,S
89328,S
89329,E
89330,E
89331,E
89333,S
89334,E
89335,S
89337,S
89338,E
89341,E
89342,E
89343,E
89344,A
89346,E
89347,S
89348,S
89350,S
89353,S
89354,E
89355,S
89356,S
89357,S
89361,E
89363,S
89369,S
89371,S
89372,S
89373,E
89374,S
89376,S
89378,S
89379,S
89380,E
89381,E
89382,E
89384,S
89386,E
89387,E
89388,E
89389,E
89390,S
89391,E
89394,S
89395,E
89396,E
89398,S
89399,S
89401,E
89403,S
89404,S
89406,S
89407,E
89409,S
89410,S
89413,E
89414,E
89416,S
89417,E
89418,E
89419,S
89420,S
89421,S
89424,S
89425,S
89429,E
89431,E
89432,S
89433,S
89434,S
89435,S
89436,S
89440,S
89441,S
89444,S
89448,S
89449,S
89450,E
89452,S
89454,S
89456,S
89460,E
89462,S
89464,S
89465,S
89466,E
89467,E
89468,S
89469,S
89471,E
89476,E
89477,S
89478,S
89479,S
89481,S
89482,S
89483,E
89484,E
89485,E
89487,E
89491,S
89492,E
89494,E
89495,S
89498,E
89505,S
89508,S
89513,E
89518,E
89522,E
89523,S
89524,E
89525,E
89528,E
89529,E
89530,E
89531,E
89532,S
89533,E
89534,E
89537,E
89538,E
89541,E
89543,E
89546,S
89548,S
89549,E
89552,E
89553,S
89554,E
89558,S
89560,E
89561,S
89562,S
89564,S
89568,E
89570,S
89572,S
89574,S
89575,E
89577,S
89578,S
89579,E
89583,E
89585,S
89586,S
89588,E
89590,S
89593,S
89596,E
89599,E
89600,E
89601,S
89602,S
89603,S
89604,S
89605,E
89607,S
89610,E
89611,E
89613,E
89614,E
89615,S
89616,S
89620,S
89621,E
89622,E
89623,E
89632,S
89635,S
89640,E
89641,E
89643,S
89644,E
89645,E
89646,S
89649,E
89651,S
89654,S
89655,S
89656,S
89657,E
89658,E
89661,S
89665,S
89667,E
89669,S
89672,E
89675,S
89676,E
89679,E
89683,S
89685,A
89686,S
89687,S
89688,S
89689,E
89695,S
89696,S
89701,E
89702,E
89706,E
89707,E
89708,E
89710,E
89711,E
89712,S
89714,E
89717,S
89720,E
89721,S
89723,S
89725,S
89726,S
89727,S
89728,E
89729,E
89730,S
89731,S
89732,E
89733,E
89735,S
89737,E
89739,S
89742,S
89745,E
89746,E
89750,S
89753,S
89755,E
89757,S
89759,E
89760,E
89761,S
89762,S
89763,S
89764,S
89768,S
89769,S
89770,S
89771,S
89772,S
89779,S
89781,E
89784,E
89785,E
89786,E
89787,S
89788,E
89791,E
89793,E
89794,S
89798,S
89799,S
89800,S
89801,S
89803,S
89804,S
89805,S
89806,E
89810,S
89812,E
89813,S
89814,E
89816,S
89817,S
89818,S
89825,E
89828,E
89830,S
89831,S
89832,S
89838,S
89839,S
89846,S
89847,S
89848,S
89852,E
89853,S
89854,S
89856,S
89858,S
89861,E
89863,S
89864,S
89867,S
89872,E
89874,S
89875,S
89876,E
89877,E
89878,E
89879,S
89880,S
89881,E
89886,E
89887,E
89889,S
89891,E
89892,S
89895,S
89897,S
89899,S
89901,S
89902,S
89903,E
89904,S
89905,E
89906,S
89907,S
89910,S
89912,S
89913,S
89914,S
89917,S
89919,S
89920,E
89922,E
89925,E
89926,S
89928,E
89931,S
89935,E
89936,E
89937,S
89938,S
89939,S
89940,E
89943,S
89945,E
89949,S
89950,S
89952,E
89955,S
89959,S
89960,S
89962,S
89964,S
89966,S
89972,S
89973,S
89974,E
89979,S
89983,E
89986,S
89988,S
89989,E
89990,S
89991,E
89994,S
89995,S
89996,S
89998,S
90000,E
90002,S
90003,S
90004,E
90005,E
90007,E
90008,S
90009,S
90010,S
90012,S
90015,E
90016,S
90020,S
90022,S
90023,E
90024,E
90026,S
90034,S
90035,E
90037,S
90038,S
90039,S
90040,S
90042,E
90043,S
90045,S
90047,S
90051,E
90053,E
90054,S
90056,S
90059,S
90060,S
90061,S
90064,S
90065,S
90066,S
90067,S
90068,E
90069,S
90070,S
90072,E
90073,E
90074,E
90075,S
90076,E
90077,S
90080,S
90081,E
90082,E
90084,S
90085,E
90087,S
90090,E
90091,S
90101,S
90102,E
90103,S
90105,S
90107,E
90111,E
90113,S
90121,S
90122,E
90124,S
90125,S
90127,S
90129,E
90131,S
90132,S
90133,E
90134,E
90135,S
90136,S
90138,S
90140,S
90143,S
90146,S
90148,E
90150,S
90151,S
90152,S
90155,S
90156,E
90163,E
90164,E
90165,E
90169,S
90173,S
90174,S
90176,E
90177,S
90178,S
90181,S
90182,S
90183,S
90184,E
90185,S
90186,E
90188,E
90191,E
90192,E
90193,E
90196,E
90197,E
90198,E
90202,E
90205,E
90206,S
90208,S
90214,S
90215,S
90219,E
90223,S
90224,S
90225,E
90227,S
90230,S
90232,E
90235,S
90236,S
90238,S
90240,S
90241,E
90242,S
90243,S
90244,E
90245,E
90248,S
90251,S
90252,E
90257,S
90258,S
90259,E
90261,S
90263,E
90266,E
90270,S
90271,E
90273,S
90274,S
90275,S
90278,E
90280,E
90282,E
90286,E
90287,E
90288,S
90290,S
90294,E
90295,S
90297,S
90298,S
90300,E
90305,E
90308,E
90309,S
90310,S
90311,E
90315,S
90316,S
90317,S
90318,S
90319,E
90321,E
90322,E
90326,S
90327,S
90337,S
90341,S
90342,S
90343,E
90344,S
90345,E
90353,S
90356,S
90360,S
90361,E
90362,S
90364,S
90365,S
90366,E
90368,S
90369,S
90372,S
90373,S
90374,S
90375,E
90379,S
90380,E
90383,E
90384,S
90385,E
90386,S
90387,S
90391,S
90393,S
90395,E
90396,E
90397,E
90398,E
90399,S
90405,S
90407,E
90411,S
90412,S
90413,E
90414,S
90416,E
90418,E
90419,S
90422,S
90424,E
90425,S
90428,S
90429,S
90430,S
90431,S
90432,S
90433,S
90434,E
90440,S
90441,E
90446,S
90450,S
90451,A
90455,S
90456,S
90458,E
90459,S
90460,S
90461,E
90464,S
90465,S
90467,S
90468,S
90469,E
90470,S
90471,S
90472,E
90473,E
90474,S
90475,S
90479,E
90480,E
90481,E
90483,S
90484,E
90488,S
90489,S
90491,E
90492,E
90496,E
90497,S
90500,E
90503,S
90504,S
90507,E
90509,S
90514,S
90517,S
90519,E
90520,S
90523,E
90524,S
90526,S
90527,S
90529,E
90530,E
90531,E
90532,E
90533,S
90536,S
90537,S
90539,E
90540,S
90541,E
90543,E
90544,E
90545,E
90546,E
90547,S
90549,S
90551,S
90552,E
90553,E
90555,S
90556,E
90558,E
90560,S
90561,E
90565,S
90567,S
90568,E
90569,E
90571,S
90572,E
90577,S
90579,E
90580,E
90581,S
90584,S
90585,E
90586,E
90588,S
90589,S
90590,S
90591,S
90593,E
90596,E
90599,E
90601,S
90602,S
90603,S
90605,E
90607,E
90610,E
90611,S
90612,S
90615,E
90617,S
90625,E
90626,S
90627,S
90629,E
90631,E
90634,S
90636,E
90637,E
90640,S
90645,S
90646,S
90648,E
90650,S
90652,E
90657,S
90658,S
90659,S
90660,S
90665,S
90666,E
90667,E
90669,E
90670,S
90673,E
90675,E
90676,E
90678,S
90681,S
90683,S
90685,S
90686,S
90688,S
90689,S
90691,S
90693,S
90695,S
90696,S
90703,E
90705,S
90707,S
90708,E
90713,S
90714,E
90719,S
90725,S
90730,E
90731,E
90732,E
90733,S
90736,S
90738,S
90740,E
90743,E
90746,S
90747,S
90750,E
90751,E
90752,E
90755,S
90756,E
90763,E
90766,E
90767,S
90768,E
90772,S
90774,E
90777,S
90779,E
90780,E
90782,E
90783,S
90784,E
90786,S
90787,E
90789,E
90790,E
90791,S
90792,E
90796,E
90797,E
90798,E
90800,S
90803,E
90807,E
90808,E
90809,E
90811,S
90814,S
90816,S
90818,E
90821,S
90823,S
90825,E
90828,E
90829,E
90830,E
90831,S
90833,E
90835,S
90836,E
90837,S
90838,S
90839,S
90840,E
90843,E
90846,S
90848,S
90850,S
90852,S
90854,S
90855,E
90856,E
90857,E
90858,S
90859,S
90860,E
90861,S
90862,S
90863,S
90867,E
90869,E
90870,E
90871,E
90872,E
90875,S
90877,E
90880,E
90882,S
90884,E
90885,E
90886,E
90887,S
90889,E
90890,E
90891,S
90892,S
90897,S
90898,S
90900,S
90901,E
90903,E
90905,E
90908,S
90910,E
90911,E
90915,S
90916,E
90919,S
90922,S
90923,S
90927,S
90928,E
90929,S
90930,E
90932,E
90933,S
90934,S
90935,E
90936,S
90937,S
90940,E
90942,S
90943,S
90944,S
90945,S
90946,E
90949,E
90950,S
90951,S
90953,S
90954,S
90955,E
90956,S
90957,S
90958,S
90959,E
90960,S
90963,S
90964,S
90965,S
90966,S
90967,S
90968,S
90970,S
90973,S
90974,S
90975,S
90977,S
90978,E
90980,S
90981,S
90982,E
90983,S
90984,S
90985,S
90986,S
90987,S
90988,E
90991,S
90992,S
90996,S
90997,S
90998,E
90999,S
91000,E
91001,S
91002,E
91003,S
91004,E
91005,S
91006,S
91009,S
91010,S
91011,S
91012,S
91014,S
91015,S
91019,S
91024,S
91027,S
91029,S
91030,E
91035,E
91036,E
91037,S
91039,S
91041,S
91042,S
91043,S
91044,S
91045,S
91049,E
91051,S
91052,S
91055,S
91056,S
91057,E
91059,S
91060,E
91063,E
91064,E
91065,E
91066,S
91070,S
91071,S
91072,S
91073,E
91075,E
91076,E
91078,S
91079,S
91080,S
91083,S
91085,E
91087,E
91091,E
91092,S
91093,S
91094,S
91095,S
91096,S
91097,S
91098,S
91100,S
91103,S
91104,S
91105,E
91106,S
91108,S
91112,E
91115,S
91118,E
91121,E
91122,S
91124,S
91128,S
91130,S
91131,S
91132,E
91133,E
91134,E
91136,S
91137,E
91138,E
91139,S
91140,E
91144,E
91147,S
91148,S
91150,E
91151,S
91152,S
91155,E
91157,E
91159,E
91164,S
91167,S
91169,S
91170,S
91175,S
91177,E
91179,E
91182,E
91183,S
91188,S
91189,S
91191,S
91192,E
91197,S
91198,E
91199,S
91202,S
91203,S
91204,E
91205,E
91207,S
91208,E
91211,S
91212,S
91218,E
91219,E
91220,E
91224,E
91226,E
91227,E
91228,E
91233,E
91234,E
91237,E
91239,E
91240,S
91241,E
91242,S
91243,E
91246,S
91247,E
91248,S
91249,S
91250,S
91252,S
91257,E
91258,E
91260,S
91261,S
91265,S
91266,S
91268,E
91271,S
91272,E
91274,E
91276,E
91277,E
91279,S
91280,S
91283,S
91286,S
91287,S
91291,S
91293,S
91296,E
91299,S
91301,S
91303,S
91304,E
91305,S
91306,E
91308,E
91309,S
91310,S
91311,E
91312,E
91313,E
91314,S
91315,E
91316,E
91319,S
91320,E
91325,S
91328,S
91330,S
91331,E
91332,E
91335,E
91336,E
91339,E
91341,E
91344,E
91346,E
91347,S
91348,S
91351,E
91352,S
91354,S
91355,S
91356,S
91357,E
91358,S
91359,E
91360,E
91362,E
91363,S
91367,S
91369,E
91370,E
91371,E
91373,E
91374,E
91377,S
91378,S
91380,E
91382,S
91383,S
91389,E
91392,E
91393,S
91396,S
91397,S
91399,E
91401,E
91402,E
91404,E
91405,S
91406,E
91407,S
91409,E
91410,E
91412,S
91414,E
91415,S
91416,S
91418,S
91420,E
91423,S
91424,E
91425,S
91426,S
91427,S
91431,E
91435,S
91436,E
91439,S
91441,E
91442,S
91444,S
91447,S
91450,S
91452,S
91453,S
91454,E
91455,E
91456,E
91461,E
91467,E
91469,S
91472,E
91474,S
91476,E
91479,E
91480,E
91481,E
91482,E
91485,E
91488,S
91489,S
91492,S
91495,S
91500,S
91501,S
91503,S
91505,S
91506,S
91509,S
91510,S
91513,E
91517,E
91518,E
91519,S
91520,E
91523,E
91524,E
91528,E
91529,E
91532,S
91536,E
91539,E
91540,E
91541,S
91542,S
91547,E
91549,S
91550,S
91554,S
91559,S
91560,S
91561,S
91563,S
91564,S
91566,E
91567,E
91572,E
91578,E
91580,E
91582,E
91583,S
91584,E
91588,S
91590,S
91592,E
91593,E
91594,S
91596,E
91601,E
91602,E
91603,E
91604,S
91611,E
91612,S
91613,E
91614,E
91615,E
91624,S
91626,E
91627,E
91628,E
91629,E
91633,S
91634,S
91636,E
91638,S
91639,E
91641,S
91643,E
91644,E
91646,E
91650,S
91651,E
91656,E
91657,E
91659,S
91661,E
91664,E
91665,S
91666,S
91669,S
91671,S
91673,E
91675,S
91676,S
91677,E
91681,E
91685,S
91690,S
91691,E
91697,E
91698,S
91699,S
91700,E
91701,S
91703,E
91704,S
91705,S
91706,E
91707,S
91709,S
91710,S
91714,S
91716,S
91718,E
91719,S
91720,A
91721,E
91722,S
91723,S
91727,E
91729,S
91733,E
91735,S
91736,E
91739,S
91742,S
91746,S
91748,S
91750,S
91751,A
91752,S
91758,S
91759,S
91760,S
91761,S
91764,E
91765,E
91768,E
91770,S
91776,E
91778,S
91779,S
91780,S
91781,E
91783,S
91787,E
91788,E
91789,E
91792,S
91794,S
91798,S
91799,S
91801,E
91803,E
91804,E
91806,E
91808,E
91809,S
91812,E
91814,E
91819,S
91821,S
91822,S
91825,E
91826,E
91831,S
91832,E
91837,S
91840,S
91841,S
91842,S
91844,S
91846,E
91849,E
91852,S
91855,E
91859,S
91861,S
91866,E
91869,S
91870,S
91871,S
91875,E
91876,E
91878,S
91879,S
91880,S
91886,E
91890,S
91891,E
91892,E
91893,S
91894,S
91896,S
91897,S
91898,S
91901,S
91902,S
91903,E
91904,E
91905,E
91908,S
91909,S
91910,S
91915,S
91917,S
91918,E
91919,S
91922,S
91923,S
91925,S
91927,S
91928,S
91930,S
91936,S
91942,S
91943,S
91945,S
91949,S
91954,E
91955,S
91956,S
91958,S
91959,S
91962,E
91968,S
91969,S
91971,S
91972,S
91975,E
91977,E
91979,E
91980,E
91986,S
91987,S
91988,E
91992,E
91993,E
91994,S
91995,E
91996,E
91997,S
91998,S
91999,S
92001,S
92004,E
92010,S
92011,S
92017,S
92018,S
92019,E
92021,E
92022,E
92023,S
92024,S
92027,S
92029,E
92030,E
92031,S
92033,E
92035,S
92037,E
92039,S
92040,S
92041,E
92042,S
92043,S
92044,E
92046,S
92047,S
92049,S
92051,E
92052,S
92053,S
92055,S
92056,S
92057,S
92061,S
92063,E
92066,S
92067,S
92068,S
92070,S
92071,S
92073,S
92076,E
92078,S
92079,E
92080,S
92081,E
92082,S
92083,E
92086,S
92088,S
92090,S
92091,S
92092,S
92094,S
92095,S
92096,S
92098,S
92101,E
92102,S
92103,S
92104,E
92105,E
92107,S
92108,E
92110,S
92111,E
92112,E
92113,E
92114,E
92115,E
92116,S
92117,E
92121,S
92122,S
92125,E
92126,S
92128,E
92129,S
92132,S
92133,S
92134,S
92138,E
92139,S
92141,S
92143,S
92145,S
92147,S
92149,E
92152,E
92154,E
92155,E
92156,S
92158,E
92159,E
92162,S
92167,S
92168,E
92169,S
92170,E
92173,S
92175,S
92176,E
92177,S
92179,S
92180,S
92183,S
92186,E
92187,S
92189,E
92194,E
92195,E
92198,S
92203,S
92205,E
92210,S
92216,E
92217,S
92219,S
92220,E
92223,S
92225,S
92228,S
92229,E
92234,E
92236,S
92237,S
92238,E
92239,S
92240,S
92242,E
92243,S
92248,S
92253,S
92257,E
92260,E
92266,S
92267,S
92269,S
92271,S
92273,E
92274,S
92275,S
92280,S
92282,S
92284,S
92286,S
92290,S
92291,E
92292,E
92293,S
92295,S
92297,S
92298,S
92301,E
92302,E
92304,S
92309,E
92311,S
92312,S
92313,S
92315,E
92318,S
92319,S
92321,S
92322,E
92323,E
92328,S
92329,S
92330,S
92331,E
92332,E
92334,S
92335,S
92336,E
92337,S
92338,S
92339,S
92340,S
92343,S
92345,S
92346,S
92355,E
92357,S
92360,S
92361,S
92362,S
92363,E
92364,E
92366,E
92368,E
92370,E
92371,E
92374,E
92376,S
92380,E
92383,E
92385,S
92387,E
92388,S
92392,S
92393,E
92394,S
92395,E
92399,S
92400,S
92401,S
92403,S
92404,E
92405,E
92409,E
92414,E
92415,E
92417,S
92419,S
92421,S
92426,E
92427,S
92428,S
92430,S
92432,S
92434,S
92435,E
92438,S
92440,E
92441,E
92442,E
92443,S
92444,S
92445,E
92446,S
92448,S
92449,S
92450,S
92451,E
92452,S
92454,S
92455,E
92456,E
92459,E
92461,E
92462,S
92463,S
92468,S
92469,S
92472,E
92476,S
92477,S
92479,S
92481,E
92482,S
92484,E
92485,S
92488,S
92490,S
92492,E
92495,E
92498,S
92499,E
92501,S
92502,E
92506,E
92507,E
92508,E
92511,S
92512,E
92513,S
92514,S
92516,E
92517,E
92520,S
92521,E
92522,S
92527,E
92528,S
92532,E
92535,S
92537,S
92538,S
92541,S
92542,E
92543,E
92544,S
92545,S
92546,E
92547,S
92552,S
92553,S
92557,E
92559,E
92560,S
92562,S
92565,E
92567,S
92568,E
92569,E
92571,S
92572,S
92575,E
92576,S
92577,S
92579,S
92581,S
92582,S
92583,S
92585,S
92586,E
92587,S
92591,S
92593,E
92594,S
92597,S
92602,S
92604,S
92607,S
92609,E
92611,E
92615,S
92616,S
92617,E
92618,E
92621,E
92622,S
92625,E
92628,S
92629,S
92630,E
92639,E
92640,S
92641,E
92643,S
92646,S
92648,S
92651,S
92652,S
92653,E
92654,E
92657,S
92658,E
92660,E
92661,S
92662,S
92663,E
92665,S
92666,S
92668,E
92669,S
92670,S
92673,S
92676,S
92679,E
92688,S
92689,E
92690,S
92692,S
92693,E
92698,S
92699,E
92700,E
92701,S
92703,E
92704,E
92705,S
92709,S
92712,E
92713,S
92714,S
92720,S
92724,S
92725,E
92730,E
92733,S
92734,S
92735,E
92738,S
92740,E
92741,S
92742,S
92743,S
92744,E
92747,S
92748,S
92750,E
92751,S
92752,E
92754,E
92756,E
92758,E
92760,S
92761,E
92762,S
92764,S
92765,S
92766,S
92767,E
92771,E
92772,S
92773,S
92774,S
92775,E
92776,E
92780,E
92781,E
92788,S
92789,E
92791,S
92792,E
92793,S
92797,S
92800,E
92804,E
92805,E
92807,S
92809,S
92810,S
92813,E
92815,E
92816,E
92818,S
92820,S
92821,S
92822,S
92823,E
92825,S
92826,E
92831,E
92833,S
92834,S
92837,E
92839,S
92840,E
92841,E
92842,S
92844,E
92845,S
92852,E
92853,S
92858,S
92859,S
92862,S
92865,S
92869,S
92872,S
92874,E
92877,S
92880,E
92881,E
92882,S
92883,E
92886,S
92887,S
92889,S
92893,E
92898,S
92899,S
92900,E
92904,E
92905,E
92907,E
92909,S
92910,S
92911,S
92913,E
92914,S
92919,E
92920,S
92921,E
92924,S
92925,S
92926,E
92927,E
92929,S
92930,E
92937,E
92938,S
92941,E
92942,S
92946,S
92948,S
92949,E
92950,S
92955,S
92957,E
92958,S
92959,S
92960,S
92962,S
92964,E
92966,S
92967,S
92969,S
92971,S
92975,E
92977,S
92978,S
92980,S
92985,S
92990,E
92993,E
92995,S
92996,E
92997,S
93000,S
93003,E
93005,E
93007,S
93009,S
93010,S
93014,S
93015,S
93016,S
93017,S
93019,S
93022,S
93024,S
93026,S
93027,E
93028,S
93031,E
93032,S
93033,E
93035,E
93036,E
93037,E
93038,E
93046,S
93047,S
93055,E
93058,S
93060,E
93062,S
93064,E
93065,S
93066,S
93067,E
93068,S
93070,S
93072,S
93074,E
93075,S
93076,E
93079,E
93080,S
93084,E
93085,E
93086,S
93088,S
93090,E
93093,S
93096,S
93098,S
93099,S
93100,S
93102,E
93105,S
93109,S
93110,E
93112,S
93113,E
93115,S
93116,E
93117,E
93120,S
93123,S
93124,E
93130,S
93131,E
93135,E
93137,E
93143,E
93147,E
93148,S
93149,E
93150,E
93152,S
93153,S
93154,S
93155,S
93156,S
93157,S
93158,S
93160,S
93161,S
93163,S
93164,S
93166,S
93167,S
93168,S
93172,S
93173,E
93176,S
93182,E
93184,S
93185,S
93186,S
93188,S
93189,E
93190,S
93191,E
93192,S
93196,S
93197,S
93198,S
93199,E
93200,S
93202,S
93203,S
93205,S
93209,S
93212,E
93213,S
93214,S
93217,S
93218,S
93221,E
93223,S
93224,S
93225,S
93226,S
93227,S
93230,S
93231,S
93239,E
93241,E
93242,E
93246,S
93247,E
93249,S
93250,S
93252,S
93255,S
93257,S
93260,S
93261,S
93263,S
93264,S
93266,E
93267,S
93269,S
93271,E
93273,S
93274,E
93275,S
93280,S
93282,S
93283,S
93285,S
93289,S
93290,E
93294,E
93295,E
93299,S
93300,S
93302,S
93303,E
93304,S
93306,E
93307,S
93310,E
93312,E
93313,S
93315,E
93319,S
93320,E
93323,S
93328,S
93329,S
93331,S
93335,E
93337,S
93339,E
93340,S
93342,S
93343,S
93345,S
93347,E
93348,E
93350,E
93351,E
93356,S
93357,S
93362,E
93363,S
93366,E
93368,S
93369,S
93370,S
93375,S
93376,S
93378,E
93379,S
93381,S
93382,S
93383,E
93384,S
93385,S
93386,S
93387,S
93388,S
93391,E
93392,S
93393,S
93399,S
93400,S
93401,S
93403,E
93404,S
93406,S
93410,S
93411,S
93412,S
93413,E
93415,S
93416,E
93418,E
93419,S
93420,S
93423,S
93426,S
93427,S
93428,S
93429,E
93431,E
93432,S
93433,S
93434,S
93435,S
93437,S
93438,S
93443,E
93444,S
93446,E
93447,S
93449,E
93451,S
93454,S
93455,E
93456,S
93457,S
93458,S
93460,S
93463,E
93464,S
93465,E
93466,S
93467,S
93469,S
93470,S
93472,E
93473,E
93474,S
93476,E
93479,E
93480,E
93484,E
93485,E
93490,S
93491,S
93493,S
93495,S
93498,S
93499,S
93500,S
93501,E
93505,S
93506,E
93509,S
93511,E
93514,S
93515,E
93516,S
93517,E
93518,E
93519,S
93520,E
93523,E
93525,S
93526,E
93527,E
93532,E
93534,E
93535,E
93536,S
93537,S
93538,S
93542,S
93543,S
93544,E
93545,S
93547,S
93548,S
93549,S
93550,E
93551,S
93552,E
93553,S
93557,E
93560,S
93563,S
93566,E
93567,S
93569,S
93571,S
93572,S
93573,E
93574,S
93577,S
93579,S
93581,S
93582,S
93584,S
93586,S
93587,S
93591,S
93592,S
93593,S
93595,S
93596,S
93598,S
93599,E
93601,S
93602,E
93606,S
93608,E
93610,E
93611,S
93617,S
93618,S
93619,S
93620,S
93621,S
93622,E
93624,S
93626,E
93629,S
93635,E
93636,S
93638,E
93639,E
93642,S
93643,S
93648,E
93650,E
93651,S
93652,S
93653,S
93654,E
93655,S
93656,S
93657,S
93660,S
93661,S
93662,E
93667,S
93668,S
93671,E
93674,S
93675,S
93677,E
93678,S
93679,S
93680,E
93681,S
93683,S
93685,E
93686,S
93687,E
93689,S
93690,S
93692,S
93693,S
93694,S
93696,E
93697,S
93698,S
93700,E
93701,E
93702,S
93705,E
93706,E
93707,E
93708,S
93709,S
93712,E
93713,S
93714,S
93715,S
93717,S
93718,S
93720,E
93722,S
93723,S
93724,S
93725,S
93727,E
93729,A
93732,E
93735,E
93736,E
93739,S
93740,S
93741,S
93747,S
93748,S
93749,S
93751,S
93754,S
93756,S
93759,S
93761,S
93763,E
93764,S
93765,S
93766,S
93768,S
93769,E
93771,S
93772,E
93775,S
93778,S
93780,S
93781,E
93783,S
93784,S
93786,S
93787,S
93792,E
93796,S
93797,S
93798,S
93799,E
93802,S
93803,E
93804,S
93806,S
93807,S
93810,S
93811,S
93813,S
93816,E
93819,S
93822,S
93827,S
93829,S
93833,E
93837,S
93842,S
93844,S
93845,E
93846,S
93847,S
93848,S
93849,E
93850,E
93853,E
93854,E
93855,S
93856,S
93857,S
93858,S
93861,E
93863,E
93864,E
93869,S
93871,E
93874,S
93876,E
93877,E
93878,E
93880,S
93883,E
93888,S
93890,S
93891,S
93892,E
93896,S
93897,S
93899,S
93900,S
93901,E
93902,S
93905,S
93910,S
93911,E
93912,S
93913,S
93914,E
93915,E
93916,E
93918,S
93920,E
93921,S
93925,S
93929,E
93931,E
93933,S
93934,S
93936,S
93937,S
93938,S
93941,S
93942,S
93943,S
93944,S
93947,S
93949,S
93950,E
93954,E
93955,E
93958,S
93959,S
93960,E
93966,S
93967,S
93968,S
93969,S
93972,S
93973,E
93974,E
93978,S
93982,S
93983,E
93984,S
93985,S
93986,S
93987,S
93988,S
93989,S
93990,E
93991,E
93992,S
93994,S
93996,E
93997,E
93999,S
94001,S
94002,S
94003,S
94007,S
94010,S
94013,S
94018,S
94019,S
94020,S
94021,E
94022,S
94023,E
94024,E
94025,S
94027,S
94028,E
94030,S
94031,S
94033,S
94039,E
94041,S
94042,E
94045,S
94047,E
94048,S
94049,E
94050,E
94051,E
94052,S
94053,S
94056,E
94058,E
94059,S
94060,S
94061,S
94062,E
94065,S
94067,S
94069,S
94072,S
94073,E
94075,E
94076,S
94078,S
94079,E
94082,S
94086,S
94087,S
94089,S
94091,S
94096,E
94098,S
94099,S
94100,S
94103,S
94106,S
94107,S
94108,S
94118,S
94119,S
94123,S
94127,E
94129,S
94130,S
94131,E
94133,E
94135,S
94138,S
94140,S
94144,S
94145,S
94147,S
94148,S
94151,E
94152,E
94154,S
94155,S
94157,S
94159,E
94160,E
94161,E
94164,S
94165,E
94166,S
94169,E
94170,S
94171,E
94175,S
94176,S
94177,S
94179,S
94180,E
94182,S
94184,S
94185,S
94187,E
94189,S
94190,S
94191,E
94194,S
94195,E
94197,E
94200,E
94202,E
94206,S
94208,S
94209,E
94211,E
94212,E
94213,S
94216,S
94217,S
94218,E
94219,S
94221,S
94224,S
94227,E
94229,S
94231,S
94233,E
94234,S
94235,E
94236,E
94237,E
94240,E
94243,S
94244,E
94247,S
94249,S
94250,S
94252,S
94253,E
94254,E
94255,S
94257,E
94260,E
94262,E
94263,S
94264,E
94265,S
94267,E
94268,S
94270,S
94271,E
94273,S
94274,S
94276,S
94277,S
94278,E
94282,E
94284,S
94287,E
94288,S
94294,S
94296,E
94301,S
94303,E
94305,S
94306,S
94307,E
94310,S
94312,E
94320,E
94324,S
94328,S
94329,S
94330,S
94331,E
94332,S
94334,S
94335,E
94338,S
94342,E
94343,E
94344,S
94345,E
94347,E
94348,S
94349,S
94350,S
94352,S
94354,S
94355,E
94356,E
94357,S
94359,E
94361,S
94362,S
94364,S
94372,E
94373,E
94374,S
94375,E
94376,S
94378,S
94382,S
94383,S
94384,E
94387,S
94389,E
94390,S
94392,E
94393,S
94395,E
94398,S
94399,S
94402,S
94403,S
94404,E
94409,E
94411,E
94419,E
94423,S
94424,E
94426,E
94428,S
94429,S
94430,S
94431,E
94434,S
94435,S
94437,E
94439,E
94444,S
94445,S
94446,S
94447,E
94451,S
94452,S
94454,E
94455,E
94459,S
94461,S
94463,S
94465,S
94466,S
94467,S
94470,S
94471,S
94473,S
94474,E
94478,S
94480,E
94482,E
94483,S
94484,S
94486,S
94488,S
94490,S
94491,S
94496,S
94497,E
94499,S
94502,E
94503,E
94504,S
94505,S
94506,S
94507,S
94510,S
94513,E
94514,E
94515,S
94517,E
94518,E
94519,S
94521,S
94522,S
94523,E
94524,E
94526,S
94530,S
94533,E
94534,E
94535,S
94536,S
94539,S
94540,S
94542,S
94543,S
94547,E
94549,E
94551,S
94552,S
94553,E
94554,S
94555,E
94556,S
94557,E
94559,E
94565,E
94566,E
94568,S
94569,S
94570,S
94571,S
94572,E
94573,S
94574,S
94579,E
94581,S
94587,S
94588,E
94592,S
94594,S
94596,S
94598,E
94599,S
94601,E
94602,S
94603,S
94607,S
94608,S
94609,E
94612,S
94613,E
94614,S
94618,S
94620,E
94622,S
94624,S
94627,S
94629,S
94631,S
94632,S
94633,S
94634,S
94636,S
94638,S
94640,E
94644,S
94646,S
94647,E
94648,S
94649,E
94651,E
94652,S
94653,S
94655,S
94660,S
94661,S
94662,S
94663,E
94676,S
94678,E
94679,E
94683,E
94685,E
94686,S
94687,S
94688,S
94689,S
94690,S
94693,E
94694,S
94695,E
94697,S
94698,S
94701,S
94702,S
94703,E
94704,S
94706,E
94708,E
94710,E
94713,E
94715,S
94716,S
94719,S
94721,S
94722,S
94724,S
94726,S
94730,E
94732,S
94733,S
94736,E
94737,S
94738,S
94739,S
94741,E
94743,S
94746,S
94747,E
94749,E
94750,S
94751,E
94752,E
94756,E
94757,S
94758,S
94759,S
94760,E
94763,S
94765,S
94770,S
94773,S
94776,S
94777,E
94779,E
94781,E
94785,S
94787,S
94788,E
94791,E
94792,S
94793,E
94795,S
94797,S
94798,E
94799,S
94801,E
94802,E
94803,S
94807,S
94808,S
94809,E
94810,S
94811,S
94812,S
94814,E
94817,E
94818,E
94819,S
94820,S
94821,E
94823,S
94824,S
94825,A
94830,S
94834,S
94835,S
94837,E
94839,E
94841,S
94842,S
94843,S
94844,E
94845,S
94846,E
94848,E
94849,E
94850,E
94851,S
94852,S
94853,S
94854,S
94855,S
94856,E
94858,E
94860,S
94861,S
94863,S
94864,S
94865,E
94866,S
94867,E
94870,S
94872,E
94873,E
94875,S
94876,E
94878,S
94882,S
94883,S
94886,S
94888,S
94890,S
94894,S
94895,S
94896,S
94897,S
94899,S
94902,S
94903,S
94904,S
94905,S
94907,E
94908,S
94909,S
94911,S
94912,S
94914,S
94915,S
94917,E
94920,S
94921,S
94922,S
94928,S
94929,S
94930,S
94931,E
94933,E
94934,S
94935,S
94936,S
94937,S
94938,S
94939,S
94940,E
94942,S
94943,S
94944,S
94948,S
94954,E
94955,S
94959,S
94960,S
94961,S
94963,S
94964,E
94966,S
94968,S
94972,S
94975,E
94976,S
94977,E
94980,S
94983,E
94986,E
94987,E
94988,S
94994,S
94995,E
94997,E
94998,E
94999,S
95003,S
95004,S
95005,E
95007,E
95008,E
95009,E
95010,E
95012,S
95013,E
95014,S
95015,S
95017,S
95019,E
95022,E
95026,S
95028,S
95030,S
95033,S
95034,S
95038,E
95039,E
95040,E
95041,E
95043,S
95046,S
95047,S
95048,S
95049,E
95052,S
95053,E
95054,S
95056,E
95057,E
95058,S
95060,S
95061,S
95062,E
95063,S
95066,S
95070,S
95072,E
95074,S
95076,E
95077,S
95078,E
95081,S
95082,E
95084,S
95085,S
95086,S
95087,S
95088,E
95089,S
95091,E
95096,S
95097,S
95100,S
95102,S
95103,S
95104,S
95106,E
95108,S
95109,E
95110,S
95111,S
95113,E
95115,S
95117,E
95119,E
95121,E
95123,E
95124,S
95125,E
95126,S
95127,S
95128,S
95129,S
95134,S
95137,E
95139,S
95140,E
95145,S
95146,S
95150,S
95151,E
95153,E
95154,E
95155,S
95157,S
95159,S
95160,S
95161,S
95162,E
95164,S
95166,E
95168,E
95169,S
95170,S
95172,E
95173,S
95174,S
95178,S
95181,S
95182,S
95187,S
95188,E
95189,E
95190,E
95192,S
95193,S
95195,E
95196,S
95199,S
95200,E
95201,S
95202,E
95203,E
95205,E
95207,S
95209,S
95210,E
95212,E
95213,E
95216,S
95218,E
95219,E
95223,E
95224,E
95226,E
95230,E
95232,E
95233,E
95235,E
95238,E
95239,E
95240,E
95241,E
95243,E
95245,S
95246,E
95247,S
95248,E
95249,E
95251,E
95252,E
95254,S
95255,E
95257,S
95258,S
95259,E
95261,E
95262,E
95263,E
95265,S
95267,E
95268,E
95269,E
95270,S
95271,S
95274,E
95277,E
95279,S
95281,S
95283,S
95285,S
95288,S
95289,S
95290,S
95292,S
95294,E
95296,E
95297,E
95300,S
95301,E
95302,S
95304,S
95307,S
95308,S
95309,E
95312,E
95314,S
95315,S
95316,S
95318,E
95321,E
95322,E
95324,S
95326,S
95329,S
95330,S
95331,S
95332,E
95333,S
95335,E
95336,S
95337,S
95338,S
95341,S
95344,S
95346,E
95348,S
95350,E
95352,S
95353,S
95355,E
95356,S
95358,S
95359,S
95361,E
95362,E
95364,S
95365,S
95366,E
95367,E
95368,S
95369,S
95372,S
95375,S
95376,E
95377,E
95378,S
95379,S
95380,E
95382,S
95384,S
95386,E
95389,E
95391,E
95392,E
95393,E
95397,E
95398,S
95399,S
95400,E
95405,S
95406,S
95407,E
95409,S
95414,S
95417,E
95418,E
95419,S
95421,S
95422,S
95424,S
95426,S
95427,S
95429,E
95430,E
95432,S
95436,S
95438,S
95439,E
95443,S
95448,E
95449,S
95451,E
95453,E
95457,E
95459,S
95463,S
95468,S
95469,E
95470,E
95471,E
95472,S
95473,S
95475,E
95476,E
95477,S
95481,S
95482,S
95483,S
95484,S
95485,S
95487,S
95489,S
95494,S
95496,S
95499,S
95501,S
95502,S
95504,S
95505,E
95506,S
95510,E
95512,E
95513,E
95515,S
95521,S
95525,E
95526,E
95529,S
95533,S
95534,S
95537,S
95541,S
95542,E
95543,S
95545,S
95546,S
95549,E
95552,E
95555,E
95556,S
95558,E
95559,E
95560,S
95561,E
95563,E
95566,S
95567,S
95571,S
95572,S
95573,E
95578,S
95579,S
95582,S
95585,S
95591,S
95592,E
95594,E
95595,S
95596,E
95599,E
95600,E
95602,E
95603,S
95606,E
95612,S
95615,E
95616,S
95617,S
95618,S
95619,S
95620,S
95622,E
95623,E
95624,S
95625,S
95628,S
95631,S
95632,S
95633,S
95636,S
95637,S
95638,S
95642,E
95643,S
95644,E
95645,E
95649,S
95651,E
95652,S
95654,S
95659,E
95663,E
95666,S
95668,S
95669,S
95671,E
95672,E
95673,S
95674,S
95675,S
95676,S
95679,S
95680,S
95681,E
95682,S
95685,S
95687,E
95688,S
95691,S
95692,S
95694,S
95695,S
95699,E
95700,S
95701,E
95702,S
95703,E
95704,S
95707,S
95708,E
95709,S
95711,S
95712,S
95715,S
95719,S
95723,E
95726,S
95727,E
95731,S
95733,E
95734,E
95735,S
95736,E
95737,E
95738,S
95740,S
95744,S
95745,S
95746,E
95747,E
95748,E
95751,S
95754,S
95755,S
95757,S
95760,E
95761,S
95763,E
95764,S
95765,S
95766,E
95767,S
95768,E
95769,S
95771,S
95775,E
95776,E
95779,S
95781,S
95782,S
95783,S
95784,E
95786,E
95788,E
95789,E
95790,E
95791,S
95793,E
95794,E
95795,E
95798,S
95799,S
95800,S
95805,S
95809,S
95810,E
95811,S
95814,S
95820,S
95821,S
95822,S
95823,E
95826,S
95828,S
95832,S
95833,E
95835,E
95837,S
95838,S
95840,E
95841,S
95843,E
95845,S
95846,E
95847,S
95849,S
95850,E
95851,E
95853,E
95854,S
95856,S
95857,S
95858,S
95860,S
95862,E
95863,E
95869,S
95870,S
95874,S
95875,S
95876,S
95877,S
95879,S
95881,S
95883,E
95886,S
95888,E
95890,E
95894,E
95895,E
95897,S
95898,S
95899,E
95901,A
95903,E
95904,E
95907,S
95908,E
95909,E
95910,S
95915,E
95916,S
95917,E
95918,E
95920,E
95921,S
95923,S
95928,E
95931,S
95935,S
95938,E
95943,S
95944,E
95945,E
95946,E
95949,S
95951,E
95954,S
95955,E
95956,S
95958,S
95963,S
95964,E
95970,S
95971,S
95973,E
95974,S
95976,E
95977,E
95978,S
95979,E
95980,S
95982,S
95983,S
95985,E
95986,S
95992,E
95993,E
95994,S
95995,E
95996,S
95997,S
96000,E
96001,S
96002,S
96003,S
96005,S
96007,S
96009,E
96011,E
96012,E
96014,E
96015,S
96016,S
96017,E
96018,S
96019,S
96022,E
96025,E
96027,E
96029,S
96030,S
96031,S
96033,S
96035,S
96036,E
96038,S
96040,E
96041,E
96043,S
96045,E
96047,S
96048,E
96049,S
96050,S
96051,E
96052,S
96053,E
96054,E
96056,S
96058,E
96060,S
96061,S
96062,E
96065,E
96066,S
96067,S
96068,S
96069,S
96071,E
96073,S
96074,S
96076,S
96077,E
96078,S
96079,S
96081,E
96083,E
96084,S
96086,S
96087,S
96088,E
96090,E
96091,E
96092,E
96093,S
96094,S
96095,E
96096,S
96097,E
96098,S
96099,S
96102,E
96106,S
96108,E
96111,S
96112,E
96113,S
96115,S
96116,S
96117,E
96118,S
96119,S
96120,E
96121,S
96122,S
96123,S
96124,S
96125,S
96126,S
96128,E
96129,E
96130,E
96133,S
96135,S
96136,S
96140,S
96141,S
96142,E
96145,S
96148,S
96149,E
96153,S
96154,S
96156,S
96158,E
96162,E
96163,E
96164,S
96165,E
96166,S
96169,S
96172,S
96173,S
96175,S
96177,E
96183,S
96186,S
96187,E
96188,S
96191,S
96198,E
96199,S
96201,S
96202,S
96204,E
96205,S
96208,S
96209,E
96210,S
96211,E
96212,E
96213,S
96216,S
96218,S
96219,S
96221,S
96225,S
96227,S
96229,E
96231,S
96235,S
96236,E
96239,S
96244,S
96246,S
96247,E
96248,S
96250,S
96255,S
96256,S
96259,E
96261,S
96262,S
96264,E
96265,S
96267,S
96269,E
96272,S
96273,S
96274,E
96276,S
96278,S
96280,E
96282,S
96284,E
96287,S
96288,S
96289,S
96292,E
96293,E
96296,S
96298,E
96300,S
96304,S
96305,S
96307,E
96309,S
96310,E
96311,E
96314,S
96315,E
96317,S
96319,E
96324,S
96325,E
96328,S
96329,E
96330,S
96331,E
96334,E
96336,S
96337,S
96338,E
96339,S
96347,E
96348,E
96349,S
96350,E
96351,S
96352,S
96354,S
96355,S
96356,E
96359,S
96360,E
96361,E
96362,S
96363,S
96365,S
96366,E
96370,E
96372,S
96373,S
96377,E
96379,S
96381,E
96382,E
96383,S
96384,S
96390,S
96392,E
96393,E
96396,S
96397,S
96400,S
96401,E
96404,S
96406,S
96416,S
96417,E
96418,E
96419,E
96420,E
96422,E
96424,S
96426,E
96427,S
96430,E
96431,S
96433,S
96434,E
96435,S
96437,S
96438,E
96439,S
96440,E
96441,S
96442,S
96443,E
96444,E
96449,S
96450,S
96451,E
96453,S
96454,S
96455,E
96458,S
96461,S
96462,E
96463,S
96464,E
96469,E
96471,E
96474,E
96477,S
96479,S
96483,S
96485,E
96486,E
96488,S
96490,S
96491,E
96493,S
96494,E
96497,E
96499,S
96500,E
96501,S
96503,S
96504,S
96505,S
96507,E
96510,S
96511,E
96512,S
96514,E
96515,E
96516,E
96517,E
96519,E
96520,S
96521,S
96522,S
96523,E
96524,S
96525,E
96526,S
96527,S
96528,S
96530,S
96532,S
96534,E
96535,S
96536,S
96537,E
96538,S
96540,S
96542,E
96544,E
96545,S
96546,S
96548,S
96550,S
96552,S
96554,E
96555,E
96556,S
96563,S
96567,E
96570,E
96573,S
96574,S
96575,S
96576,E
96578,S
96581,E
96582,S
96583,S
96584,S
96585,S
96586,E
96587,S
96588,S
96589,E
96590,S
96591,E
96592,S
96594,E
96596,E
96602,E
96604,E
96605,E
96606,S
96607,E
96608,E
96612,E
96616,E
96617,S
96619,E
96620,E
96622,E
96623,S
96624,S
96625,E
96627,S
96628,E
96629,E
96630,E
96631,E
96632,S
96634,S
96637,E
96641,S
96643,E
96644,E
96646,E
96649,E
96652,S
96654,S
96655,E
96656,S
96657,E
96660,E
96662,S
96663,E
96664,S
96665,S
96666,S
96667,E
96668,S
96672,E
96673,S
96674,E
96675,E
96676,E
96677,E
96679,S
96680,S
96681,S
96682,S
96683,S
96685,E
96686,E
96687,E
96688,S
96692,S
96693,S
96696,E
96697,S
96698,S
96701,E
96706,S
96710,S
96711,E
96714,E
96715,S
96718,E
96719,S
96720,S
96722,S
96724,S
96725,S
96727,E
96728,S
96729,S
96730,E
96732,E
96734,E
96737,E
96738,S
96739,S
96741,E
96742,E
96743,S
96745,S
96746,S
96748,E
96749,A
96750,E
96753,S
96755,S
96756,E
96758,E
96760,S
96762,E
96763,S
96765,S
96766,E
96768,S
96772,S
96773,S
96775,S
96779,E
96780,S
96781,E
96782,S
96783,E
96784,S
96785,S
96786,S
96788,S
96790,S
96791,E
96793,S
96794,S
96798,S
96799,E
96800,E
96801,S
96802,S
96803,E
96804,E
96805,E
96806,E
96807,E
96808,E
96809,E
96810,S
96815,S
96817,S
96819,S
96823,E
96824,E
96827,E
96831,E
96832,E
96834,E
96837,E
96839,S
96840,S
96842,S
96846,S
96848,S
96849,E
96852,S
96855,E
96856,S
96857,E
96863,E
96864,E
96865,S
96866,S
96867,S
96869,E
96870,E
96873,S
96874,S
96875,S
96877,S
96878,S
96879,S
96880,S
96881,S
96882,S
96885,E
96887,E
96889,S
96890,S
96891,S
96892,S
96893,E
96895,S
96896,S
96898,S
96899,S
96902,S
96906,S
96909,S
96910,S
96912,S
96916,S
96918,E
96921,S
96923,S
96924,E
96925,S
96926,E
96928,E
96929,E
96931,S
96932,S
96939,E
96942,E
96943,E
96944,S
96945,E
96948,S
96951,E
96956,S
96957,S
96958,S
96959,S
96960,E
96961,E
96962,S
96964,S
96969,S
96970,E
96973,E
96974,S
96975,E
96978,E
96980,E
96981,E
96982,E
96984,E
96986,S
96988,E
96990,S
96991,S
96996,E
96997,E
96999,E
97000,E
97001,E
97003,S
97004,S
97005,E
97006,S
97008,E
97011,S
97013,S
97016,E
97017,S
97018,S
97023,S
97027,S
97031,E
97033,S
97038,E
97039,S
97042,E
97044,S
97045,E
97046,E
97055,S
97056,S
97058,S
97062,E
97064,E
97067,S
97068,S
97070,S
97071,E
97073,S
97074,S
97075,S
97076,E
97077,E
97078,S
97081,S
97082,E
97083,S
97084,E
97086,E
97087,E
97089,S
97090,E
97091,E
97092,S
97094,S
97095,S
97097,S
97098,S
97099,S
97102,E
97103,S
97104,S
97105,S
97106,S
97107,S
97109,E
97110,S
97111,S
97112,S
97113,E
97114,E
97116,S
97120,S
97123,S
97125,E
97127,E
97128,S
97130,S
97133,E
97134,E
97135,E
97137,E
97138,E
97141,S
97142,S
97147,S
97148,S
97149,S
97150,S
97153,E
97155,S
97159,S
97161,S
97162,E
97164,S
97166,S
97168,S
97169,E
97170,E
97173,S
97175,E
97180,S
97187,E
97189,S
97190,S
97191,S
97192,S
97196,S
97198,E
97201,S
97202,S
97204,E
97205,E
97208,E
97209,E
97211,S
97212,E
97213,S
97215,E
97219,E
97220,S
97221,E
97222,E
97224,S
97226,S
97229,S
97230,S
97231,S
97234,E
97238,S
97239,E
97243,S
97244,E
97247,E
97250,E
97252,E
97255,S
97256,E
97257,E
97258,E
97259,E
97263,E
97264,E
97265,S
97267,S
97268,S
97269,S
97271,E
97274,E
97277,E
97281,S
97282,S
97283,E
97288,S
97289,S
97291,S
97294,E
97295,E
97296,E
97297,E
97298,E
97299,E
97301,S
97303,E
97308,E
97310,S
97311,E
97313,S
97314,S
97315,S
97318,S
97321,E
97322,S
97326,S
97327,S
97330,S
97332,E
97334,E
97337,S
97338,E
97340,S
97341,E
97343,E
97345,S
97347,S
97348,E
97350,S
97351,S
97357,S
97359,E
97360,E
97361,S
97362,S
97363,E
97364,E
97366,S
97367,E
97370,E
97371,S
97374,S
97375,E
97378,S
97381,S
97386,S
97387,E
97388,S
97390,E
97393,E
97394,S
97395,E
97396,E
97397,S
97399,S
97401,E
97402,S
97404,E
97407,S
97408,E
97410,S
97411,S
97412,S
97414,S
97415,S
97416,S
97418,S
97419,E
97421,E
97422,S
97426,S
97427,S
97428,E
97430,E
97432,S
97437,S
97441,S
97442,S
97443,E
97445,E
97446,S
97453,S
97457,E
97458,E
97459,S
97460,E
97462,E
97463,E
97466,S
97467,E
97468,S
97469,S
97470,E
97471,E
97472,E
97474,E
97479,E
97480,S
97481,E
97482,E
97483,S
97484,S
97486,E
97489,E
97490,S
97492,E
97498,S
97502,E
97503,S
97507,S
97508,E
97509,E
97511,S
97513,E
97515,S
97516,E
97517,S
97520,S
97524,E
97527,S
97528,E
97530,S
97531,S
97532,S
97533,S
97534,S
97535,S
97538,E
97539,E
97540,S
97542,S
97543,S
97546,S
97547,S
97548,E
97552,E
97553,E
97554,E
97556,E
97557,A
97558,S
97559,S
97560,E
97562,E
97564,E
97568,E
97570,S
97572,S
97573,S
97574,S
97575,E
97577,S
97582,S
97583,S
97584,E
97585,E
97586,S
97588,S
97589,S
97590,E
97591,S
97593,E
97594,S
97597,E
97598,S
97600,S
97602,E
97604,S
97606,E
97607,E
97608,E
97609,E
97610,S
97611,S
97612,E
97613,E
97615,E
97617,S
97618,S
97622,S
97623,S
97624,S
97626,E
97627,S
97630,E
97634,E
97635,E
97638,S
97639,S
97640,E
97642,S
97643,S
97644,S
97645,E
97646,S
97647,S
97649,E
97651,S
97652,S
97654,S
97655,S
97656,E
97657,E
97658,S
97661,S
97662,S
97665,E
97667,S
97668,E
97669,E
97671,E
97673,S
97674,S
97677,E
97679,S
97683,S
97686,S
97688,E
97689,S
97690,S
97703,S
97704,S
97705,E
97706,E
97709,E
97711,E
97712,S
97715,S
97719,E
97720,S
97721,E
97722,S
97725,S
97726,E
97728,E
97734,E
97736,S
97740,S
97741,S
97742,S
97744,S
97745,S
97746,E
97747,E
97748,E
97753,E
97755,E
97757,E
97762,E
97763,E
97764,S
97765,S
97768,E
97769,S
97770,S
97772,E
97773,S
97774,E
97775,E
97777,S
97778,S
97780,E
97784,S
97785,E
97786,S
97787,E
97788,S
97789,E
97790,S
97791,E
97792,E
97798,E
97799,E
97800,E
97801,S
97804,S
97805,E
97810,S
97812,E
97813,S
97814,S
97815,S
97816,E
97817,S
97818,E
97820,S
97821,E
97825,E
97829,E
97830,E
97831,E
97834,S
97836,E
97838,E
97839,E
97840,E
97842,E
97843,E
97847,S
97849,S
97853,S
97856,E
97857,S
97858,S
97859,E
97860,S
97861,S
97864,E
97865,S
97867,E
97868,E
97869,S
97870,S
97873,S
97875,S
97877,S
97878,S
97879,E
97882,S
97883,E
97885,E
97886,S
97887,E
97888,S
97889,E
97891,E
97893,S
97895,S
97899,S
97900,S
97903,S
97905,E
97907,E
97910,E
97912,S
97913,S
97915,E
97916,E
97918,E
97921,S
97922,S
97923,E
97924,E
97925,S
97927,E
97928,E
97931,S
97934,E
97937,E
97940,E
97944,S
97945,E
97950,S
97951,E
97953,S
97954,S
97955,S
97956,E
97959,S
97960,S
97961,S
97962,E
97963,E
97966,E
97968,E
97969,S
97970,E
97971,E
97974,S
97975,E
97976,S
97977,E
97980,S
97981,S
97985,S
97986,E
97987,S
97992,S
97993,E
97994,E
97998,S
98003,E
98006,S
98008,S
98010,S
98011,S
98012,E
98013,E
98014,S
98018,S
98019,S
98020,E
98021,E
98022,S
98024,S
98026,E
98027,S
98028,E
98030,A
98031,S
98032,S
98034,E
98036,S
98037,E
98038,S
98042,E
98046,S
98047,S
98049,S
98050,E
98052,E
98053,E
98055,S
98058,E
98060,E
98062,S
98063,E
98064,S
98065,E
98066,E
98074,S
98079,E
98081,S
98082,E
98083,E
98084,E
98087,E
98089,S
98091,E
98094,E
98095,E
98097,S
98098,S
98099,S
98100,E
98102,E
98103,E
98107,E
98108,S
98109,S
98110,E
98111,E
98112,E
98115,E
98117,S
98118,E
98119,E
98120,E
98124,E
98126,E
98128,S
98129,E
98132,S
98134,E
98135,S
98136,S
98138,S
98139,S
98142,E
98143,E
98145,S
98146,S
98147,E
98148,S
98149,S
98150,S
98153,E
98157,S
98160,S
98161,S
98163,S
98164,S
98170,S
98171,S
98174,E
98175,S
98176,E
98177,S
98179,E
98180,S
98186,E
98187,E
98188,E
98189,S
98190,E
98191,E
98193,S
98197,E
98199,E
98201,S
98202,S
98208,E
98210,S
98213,S
98214,S
98215,S
98216,E
98217,S
98219,S
98220,S
98221,S
98222,E
98223,E
98224,S
98225,S
98226,E
98237,E
98238,S
98239,S
98240,E
98241,E
98245,E
98249,E
98254,E
98255,S
98256,E
98257,S
98259,E
98262,E
98268,E
98271,S
98272,S
98274,S
98275,E
98277,E
98282,E
98284,S
98289,E
98290,E
98293,E
98294,E
98295,S
98297,S
98299,S
98300,E
98301,S
98303,S
98304,E
98306,E
98308,S
98309,S
98311,S
98313,E
98314,S
98315,E
98316,S
98317,S
98320,S
98321,E
98322,E
98323,S
98324,S
98327,S
98330,S
98331,S
98332,S
98334,S
98335,S
98336,S
98337,E
98338,S
98340,S
98343,S
98346,E
98347,E
98349,E
98352,S
98354,S
98356,E
98357,E
98358,E
98359,S
98360,E
98362,E
98366,S
98368,S
98369,E
98373,S
98375,S
98377,E
98378,S
98379,E
98380,E
98381,E
98383,E
98384,E
98388,S
98391,S
98392,S
98394,S
98395,E
98396,S
98397,E
98398,S
98399,E
98400,S
98403,S
98406,S
98409,S
98411,S
98412,S
98414,S
98415,S
98417,E
98418,E
98419,S
98421,S
98423,S
98425,S
98435,S
98436,S
98437,E
98438,S
98441,E
98442,S
98443,S
98444,S
98446,E
98447,S
98449,S
98451,S
98452,E
98455,S
98456,E
98458,E
98459,E
98460,S
98461,S
98462,S
98464,S
98465,S
98466,S
98467,E
98470,S
98472,S
98473,E
98475,S
98476,S
98477,S
98480,E
98482,E
98483,E
98484,S
98486,E
98487,S
98489,S
98490,S
98494,S
98501,S
98504,E
98506,E
98507,S
98509,E
98510,S
98511,S
98516,E
98517,E
98519,S
98520,S
98521,E
98522,E
98523,E
98524,S
98528,E
98532,S
98533,E
98534,E
98536,S
98538,E
98540,E
98543,E
98544,S
98545,S
98546,S
98547,E
98553,E
98555,S
98556,S
98557,E
98558,E
98561,E
98566,E
98567,S
98568,S
98569,S
98571,S
98572,S
98577,E
98578,S
98579,S
98580,E
98584,S
98586,E
98588,S
98591,E
98594,E
98595,E
98596,S
98597,E
98601,E
98607,S
98609,S
98611,S
98612,S
98615,E
98618,E
98621,S
98623,E
98625,S
98627,E
98628,S
98631,S
98632,S
98633,E
98635,S
98636,S
98637,S
98638,S
98640,E
98641,S
98642,S
98644,E
98645,S
98646,E
98647,S
98652,E
98653,S
98655,E
98657,S
98658,S
98659,E
98660,E
98661,S
98663,E
98667,S
98668,S
98669,S
98672,S
98675,S
98677,S
98678,E
98681,E
98685,S
98687,S
98688,E
98690,S
98691,S
98692,S
98693,E
98701,S
98703,E
98708,S
98709,E
98710,E
98712,S
98718,S
98722,S
98723,E
98724,S
98725,E
98726,S
98728,S
98730,S
98731,S
98733,S
98734,E
98735,E
98736,S
98737,S
98740,E
98741,S
98742,S
98743,S
98746,E
98747,S
98748,S
98751,E
98752,E
98754,S
98755,S
98756,E
98758,S
98760,S
98762,S
98764,E
98765,S
98766,E
98767,E
98771,S
98772,S
98773,E
98776,S
98778,E
98781,E
98783,E
98784,E
98785,E
98786,S
98787,S
98789,E
98790,S
98794,S
98795,E
98797,S
98798,S
98799,E
98801,S
98802,S
98803,S
98805,E
98807,S
98808,S
98809,S
98810,S
98812,S
98815,S
98817,S
98819,E
98820,S
98824,S
98825,S
98828,S
98830,S
98831,S
98833,E
98839,E
98840,S
98842,S
98843,S
98845,S
98846,S
98848,S
98849,S
98853,E
98854,E
98857,S
98858,E
98860,S
98863,E
98869,S
98872,S
98874,E
98875,S
98876,S
98881,E
98883,E
98884,E
98885,S
98886,E
98888,S
98889,S
98891,S
98893,S
98896,S
98900,S
98901,E
98902,E
98903,S
98909,E
98913,S
98915,S
98916,E
98918,S
98919,S
98921,S
98923,E
98926,S
98927,S
98929,E
98930,E
98931,E
98933,S
98934,E
98936,S
98937,S
98939,S
98940,E
98941,E
98942,S
98943,E
98944,E
98945,S
98948,E
98949,S
98950,E
98955,E
98957,S
98959,S
98961,S
98962,S
98963,S
98964,S
98967,E
98970,S
98973,E
98974,E
98978,S
98984,E
98985,S
98986,E
98988,S
98990,S
98991,E
98996,S
98997,S
98999,E
99000,E
99001,E
99004,S
99006,E
99009,S
99013,E
99014,S
99016,S
99017,E
99018,E
99019,E
99020,S
99021,S
99022,S
99024,E
99028,E
99029,E
99030,E
99032,S
99033,E
99034,S
99035,S
99037,S
99039,E
99040,E
99041,E
99043,S
99044,S
99045,S
99046,S
99047,S
99048,S
99050,S
99052,E
99053,S
99054,S
99059,S
99060,E
99061,E
99063,S
99067,E
99068,E
99069,E
99070,S
99071,E
99075,S
99077,S
99078,S
99080,E
99082,S
99083,S
99084,S
99085,S
99089,E
99094,S
99096,S
99098,S
99100,S
99104,E
99106,S
99107,S
99111,E
99113,E
99114,E
99116,E
99118,E
99119,S
99120,S
99122,S
99123,S
99124,E
99126,E
99127,E
99128,E
99129,E
99132,S
99133,S
99134,S
99137,S
99138,S
99140,S
99141,E
99142,E
99143,S
99144,E
99145,S
99146,S
99149,E
99152,E
99153,S
99154,E
99155,E
99157,S
99162,S
99163,S
99164,E
99165,S
99168,E
99170,S
99172,E
99173,S
99174,S
99175,E
99176,S
99177,S
99179,S
99181,S
99183,S
99184,S
99185,E
99187,S
99188,E
99189,S
99192,S
99194,S
99198,E
99199,E
99204,S
99206,S
99207,S
99210,S
99212,S
99213,S
99215,S
99216,E
99217,E
99218,S
99221,S
99222,S
99223,E
99225,E
99226,E
99227,S
99228,E
99229,E
99233,S
99234,S
99235,S
99237,E
99238,S
99241,S
99242,E
99244,S
99245,E
99249,E
99251,S
99252,E
99256,E
99257,S
99260,E
99261,S
99262,E
99264,E
99265,E
99266,S
99268,E
99270,S
99271,E
99276,S
99277,S
99278,S
99279,S
99280,S
99283,E
99286,S
99287,E
99291,E
99294,E
99296,E
99299,E
99302,S
99304,E
99305,E
99309,S
99316,E
99319,E
99321,S
99325,E
99326,S
99330,S
99331,E
99332,S
99333,S
99334,S
99335,S
99336,E
99337,S
99338,E
99339,S
99340,E
99341,S
99343,E
99345,E
99346,E
99348,E
99349,E
99350,S
99351,S
99353,E
99356,E
99358,S
99359,E
99360,S
99361,E
99362,S
99365,E
99368,E
99369,S
99370,S
99372,S
99374,E
99375,S
99376,E
99378,S
99380,S
99381,A
99387,S
99388,S
99389,E
99393,S
99394,S
99395,E
99396,E
99399,E
99400,E
99402,S
99404,S
99405,S
99407,S
99408,E
99411,S
99415,E
99416,S
99418,E
99419,E
99421,S
99422,E
99423,E
99424,S
99425,E
99426,E
99427,S
99428,E
99431,S
99434,S
99435,E
99436,E
99438,S
99440,S
99441,E
99442,E
99443,E
99445,S
99446,S
99447,E
99449,E
99451,S
99453,S
99455,S
99457,E
99461,S
99462,S
99464,S
99465,S
99466,S
99467,E
99468,E
99470,E
99472,S
99475,S
99476,S
99478,S
99479,S
99480,S
99482,E
99483,S
99485,E
99488,S
99492,S
99493,S
99494,S
99496,S
99497,S
99498,S
99500,S
99501,S
99503,S
99505,S
99506,S
99511,S
99512,S
99513,E
99514,E
99516,S
99517,E
99520,S
99523,S
99524,E
99526,S
99527,E
99529,S
99530,E
99532,S
99533,E
99534,S
99535,S
99536,E
99539,E
99540,E
99542,S
99543,E
99544,E
99545,E
99546,S
99549,S
99552,S
99554,S
99555,S
99556,E
99557,E
99562,S
99563,S
99565,E
99566,S
99568,E
99569,E
99572,E
99574,E
99575,S
99576,S
99578,E
99579,E
99580,S
99584,E
99585,E
99587,S
99590,S
99594,S
99595,S
99596,S
99598,S
99602,E
99603,S
99604,E
99606,E
99608,S
99609,E
99611,S
99612,E
99614,S
99616,E
99617,E
99618,E
99619,S
99620,S
99621,S
99623,E
99626,E
99632,S
99634,S
99635,S
99638,E
99641,E
99642,E
99643,S
99644,S
99645,S
99646,E
99648,S
99650,E
99651,E
99653,S
99654,S
99661,S
99662,E
99663,E
99665,S
99666,S
99667,S
99669,E
99670,S
99671,E
99672,S
99675,S
99678,E
99679,E
99681,S
99682,S
99683,E
99684,S
99686,S
99687,E
99689,E
99690,S
99691,E
99695,S
99696,S
99698,S
99700,S
99702,S
99707,S
99708,S
99709,E
99710,S
99711,S
99712,S
99713,S
99714,S
99715,E
99716,E
99717,E
99720,S
99721,E
99722,S
99730,S
99731,S
99732,E
99733,S
99735,E
99738,E
99743,S
99744,E
99745,S
99746,S
99747,S
99749,E
99750,S
99751,E
99759,E
99761,S
99766,S
99767,S
99768,S
99771,S
99772,S
99774,S
99775,S
99779,S
99782,E
99783,S
99785,S
99786,S
99787,S
99788,S
99789,E
99791,E
99792,E
99793,S
99797,E
99798,E
99801,S
99804,S
99806,S
99807,E
99808,E
99809,S
99811,S
99812,S
99814,E
99815,E
99817,E
99818,S
99821,S
99822,S
99823,S
99827,E
99828,E
99830,S
99832,S
99833,S
99834,S
99837,S
99838,S
99840,E
99841,E
99843,S
99844,S
99845,S
99846,S
99847,S
99850,E
99853,E
99854,S
99856,S
99859,E
99860,S
99861,E
99867,E
99874,E
99876,E
99877,S
99879,S
99880,S
99882,S
99883,E
99884,E
99885,S
99887,S
99888,E
99889,S
99891,S
99894,S
99895,E
99896,S
99899,S
99900,S
99902,S
99904,S
99906,E
99907,S
99911,S
99912,E
99913,S
99914,S
99917,S
99920,E
99921,S
99922,S
99924,S
99925,S
99927,S
99928,S
99929,S
99931,S
99932,E
99934,S
99935,S
99940,S
99948,E
99950,S
99954,S
99955,S
99956,E
99957,E
99958,E
99959,E
99962,S
99965,E
99966,E
99968,E
99970,E
99971,S
99972,S
99977,E
99981,E
99982,E
99983,S
99988,E
99989,S
99990,S
99992,E
99993,S
99994,S
99996,S
99998,E
100011,S
100021,E
100022,E
100023,E
100026,E
100028,S
100031,E
100032,S
100047,S
100080,S
100092,E
100094,S
100096,S
100116,S
100132,S
100140,E
100143,S
100146,E
100149,E
100164,E
100169,E
100171,S
100172,S
100175,S
100180,E
100191,S
100213,S
100221,S
100226,S
100229,E
100233,S
100245,E
100252,S
100260,E
100278,E
100286,S
100294,S
100297,E
100302,E
100309,S
100315,E
100331,E
100335,E
100340,S
100376,S
100390,S
100395,S
100410,S
100418,S
100419,E
100427,S
100428,E
100437,E
100439,S
100448,E
100449,S
100450,S
100458,E
100463,S
100472,E
100474,S
100476,E
100484,S
100496,E
100506,S
100511,S
100513,S
100520,E
100523,S
100525,E
100529,E
100531,E
100532,S
100534,E
100536,S
100542,E
100544,S
100548,E
100562,S
100564,S
100565,S
100569,E
100581,S
100586,E
100595,S
100598,E
100612,S
100618,S
100626,S
100630,E
100637,S
100641,S
100643,E
100659,E
100663,S
100664,S
100666,S
100671,E
100683,E
100691,S
100699,S
100704,E
100706,S
100707,S
100727,E
100737,S
100742,S
100743,S
100748,E
100751,S
100758,E
100762,S
100788,S
100789,E
100790,S
100799,E
100808,S
100817,E
100822,E
100824,E
100827,S
100829,S
100836,S
100838,S
100841,E
100842,S
100844,S
100849,S
100870,E
100874,S
100875,S
100877,S
100878,S
100886,E
100899,E
100902,S
100904,S
100907,E
100942,S
100943,E
100945,E
100948,E
100949,S
100962,S
100963,S
100967,S
100971,S
100976,S
100979,S
100981,S
100995,E
100999,S
101000,E
101013,S
101023,E
101027,E
101034,S
101035,S
101036,E
101050,S
101054,S
101065,S
101066,S
101069,S
101080,E
101081,S
101085,E
101086,E
101089,S
101096,E
101101,E
101121,E
101124,S
101134,S
101142,E
101146,E
101150,S
101159,S
101173,E
101174,S
101178,E
101183,S
101191,E
101212,E
101215,E
101220,S
101230,S
101233,S
101236,E
101245,S
101250,S
101255,S
101266,E
101280,S
101283,E
101284,E
101289,E
101303,S
101306,E
101312,E
101313,E
101317,E
101318,S
101320,E
101326,S
101334,S
101335,E
101339,E
101340,S
101343,S
101357,E
101366,S
101368,E
101374,S
101382,S
101389,E
101392,E
101395,S
101403,S
101421,S
101424,E
101440,S
101445,S
101455,E
101456,S
101458,E
101467,S
101473,S
101475,S
101485,S
101487,S
101493,S
101498,E
101501,E
101505,S
101508,E
101511,S
101514,S
101517,S
101532,E
101533,S
101540,S
101551,E
101565,E
101567,E
101568,E
101573,S
101576,E
101581,E
101584,S
101587,S
101605,E
101614,S
101618,E
101621,S
101625,E
101627,S
101629,E
101630,S
101633,S
101634,E
101636,E
101638,E
101640,S
101641,E
101648,E
101650,E
101651,E
101652,S
101656,S
101667,S
101677,S
101678,S
101679,S
101682,E
101694,E
101701,S
101707,S
101712,S
101715,E
101739,E
101759,E
101770,S
101776,S
101778,E
101781,S
101782,S
101785,S
101786,S
101787,S
101790,E
101792,S
101814,E
101818,E
101824,S
101826,E
101831,S
101853,E
101865,S
101866,S
101877,E
101884,S
101886,S
101887,E
101889,S
101898,S
101909,E
101913,S
101915,S
101916,S
101918,E
101919,S
101922,E
101923,E
101930,S
101931,S
101940,S
101948,E
101954,S
101963,E
101971,E
101973,S
101984,S
101992,S
101998,E
102005,S
102006,S
102010,S
102017,E
102035,S
102040,S
102050,S
102053,S
102056,E
102058,S
102069,S
102082,E
102083,S
102085,S
102087,S
102091,S
102093,S
102100,S
102103,S
102106,E
102107,E
102116,S
102123,S
102127,S
102132,S
102139,S
102142,S
102157,S
102168,S
102169,E
102182,S
102196,E
102197,S
102215,S
102227,S
102229,S
102234,S
102236,S
102242,S
102260,S
102261,S
102262,S
102263,S
102294,S
102297,E
102303,E
102304,E
102314,E
102316,E
102320,E
102321,S
102331,S
102334,S
102335,E
102338,S
102343,E
102344,E
102359,E
102363,S
102371,E
102381,E
102383,E
102391,S
102392,S
102400,S
102402,S
102406,S
102412,E
102415,E
102418,S
102425,E
102428,S
102429,E
102432,E
102438,S
102441,S
102461,S
102471,S
102480,E
102482,S
102489,S
102495,E
102504,S
102507,E
102510,S
102520,S
102545,E
102546,S
102553,S
102557,S
102558,S
102562,S
102563,S
102572,S
102573,E
102578,S
102584,E
102587,S
102588,S
102594,E
102596,E
102600,E
102607,S
102613,S
102615,E
102628,S
102629,S
102631,S
102632,S
102633,E
102636,E
102649,S
102651,E
102652,S
102656,E
102659,S
102662,E
102666,E
102667,S
102671,E
102672,E
102684,S
102688,S
102699,E
102703,S
102704,S
102706,E
102707,S
102712,E
102713,E
102718,E
102726,S
102749,S
102750,E
102761,E
102762,S
102763,E
102764,S
102788,S
102790,E
102802,S
102818,S
102839,S
102857,E
102858,S
102864,E
102875,E
102878,S
102881,S
102887,S
102896,S
102897,E
102901,E
102911,S
102928,E
102942,S
102946,E
102960,E
102962,S
102968,S
102974,E
102979,E
102981,S
102988,S
102989,E
102998,S
103009,E
103010,E
103017,S
103019,S
103025,E
103035,S
103037,S
103041,E
103045,E
103047,E
103049,S
103050,E
103052,E
103062,E
103066,S
103073,S
103103,E
103105,S
103115,S
103116,E
103125,E
103143,S
103144,S
103152,S
103156,S
103157,S
103159,E
103161,E
103164,E
103172,E
103178,S
103181,E
103189,S
103192,E
103194,E
103195,E
103197,E
103202,E
103205,S
103213,E
103219,E
103233,E
103248,S
103252,S
103259,S
103272,S
103287,S
103307,S
103309,E
103314,S
103329,E
103330,E
103333,S
103347,S
103350,E
103352,S
103364,S
103376,E
103382,S
103393,E
103436,S
103446,S
103458,S
103467,S
103485,S
103509,S
103515,E
103521,S
103528,S
103536,S
103537,E
103538,S
103541,E
103542,E
103549,S
103551,S
103555,S
103557,E
103563,S
103564,E
103566,S
103569,S
103573,S
103581,S
103582,E
103594,S
103595,S
103615,S
103617,E
103621,E
103636,S
103637,S
103640,S
103642,E
103652,S
103698,E
103699,E
103704,S
103709,S
103712,E
103713,S
103715,S
103716,E
103724,S
103753,S
103760,S
103768,S
103793,S
103796,S
103814,S
103825,E
103827,E
103828,E
103830,S
103833,E
103835,S
103843,E
103847,S
103850,S
103855,E
103864,E
103868,S
103869,S
103874,S
103880,S
103882,S
103903,S
103908,S
103916,S
103920,S
103930,S
103933,E
103936,E
103941,S
103948,S
103961,S
104011,S
104022,E
104035,S
104041,S
104051,E
104056,S
104058,E
104061,S
104064,S
104080,S
104085,E
104108,S
104109,A
104110,E
104113,S
105317,S
105318,S
105322,E
105323,S
105327,S
105331,S
105333,S
105340,E
105349,S
105361,S
105369,S
105373,E
105379,S
105385,S
105386,S
105389,E
105392,S
105409,S
105434,S
105472,S
105480,S
105486,E
105494,S
105499,S
105501,S
105508,S
105517,S
105522,E
105525,E
105542,E
105545,S
105551,E
105561,S
105562,E
105563,E
105569,S
105570,S
105576,E
105581,E
105585,S
105593,E
105599,S
105601,S
105606,S
105608,E
105609,E
105610,E
105614,S
105619,S
105626,S
105630,S
105632,S
105643,S
105648,S
105650,E
105652,E
105664,E
105670,E
105671,E
105685,S
105687,E
105694,E
105705,S
105706,S
105712,S
105714,S
105717,E
105727,S
105737,S
105738,S
105740,S
105745,E
105751,E
105755,S
105766,E
105767,S
105774,S
105790,E
105808,S
105810,S
105812,E
105831,E
105832,S
105845,E
105848,E
105849,E
105855,S
105858,S
105861,S
105862,E
105871,E
105884,S
105886,S
105915,S
105917,S
105921,S
105922,E
105933,S
105935,S
105937,S
105938,S
105945,E
105947,S
105948,E
105963,S
105964,S
105968,S
105974,E
105988,S
105990,S
105993,E
106006,S
106018,E
106031,S
106032,S
106034,S
106039,E
106043,E
106062,S
106065,S
106070,S
106071,E
106091,E
106097,E
106099,S
106119,S
106122,E
106127,S
106131,S
106142,S
106158,S
106162,E
106166,E
106169,E
106173,E
106184,S
106192,S
106195,S
106203,E
106208,S
106213,E
106220,S
106221,S
106227,E
106228,S
106229,E
106230,E
106231,S
106235,S
106239,S
106251,S
106254,S
106283,S
106290,E
106291,S
106307,E
106309,E
106314,E
106325,S
106330,S
106342,S
106345,E
106360,E
106364,S
106369,E
106387,S
106392,E
106395,E
106401,S
106403,E
106407,E
106414,E
106415,E
106421,S
106423,S
106425,S
106438,S
106446,S
106455,E
106460,E
106461,E
106462,E
106465,S
106467,S
106469,E
106472,E
106478,S
106479,E
106482,S
106485,S
106490,S
106491,S
106496,E
106497,S
106501,E
106505,S
106507,S
106510,S
106522,S
106542,E
106549,E
106550,S
106553,S
106558,S
106561,E
106575,E
106576,S
106578,S
106580,E
106583,S
106594,S
106595,S
106598,S
106599,S
106602,S
106609,S
106615,S
106617,E
106619,E
106626,E
106642,E
106643,E
106648,E
106649,S
106659,S
106665,E
106667,S
106669,S
106673,E
106683,E
106685,E
106686,S
106692,E
106693,S
106695,E
106705,S
106725,S
106727,S
106735,S
106744,S
106752,E
106759,S
106763,S
106767,E
106777,S
106778,S
106792,S
106798,E
106804,S
106816,S
106817,E
106819,S
106828,E
106839,S
106853,E
106874,S
106875,S
106882,S
106883,E
106885,S
106892,S
106903,S
106913,S
106924,S
106926,S
106928,S
106946,E
106947,E
106949,S
106953,S
106954,E
106963,S
106966,E
106970,E
106977,E
106982,S
106987,E
107000,S
107003,E
107007,S
107013,E
107018,E
107030,E
107035,S
107036,S
107042,S
107056,E
107067,S
107069,S
107073,S
107075,S
107088,E
107090,E
107093,S
107110,S
107119,E
107120,S
107126,E
107132,E
107133,S
107136,S
107139,E
107148,S
107149,E
107153,S
107161,E
107162,S
107166,S
107168,S
107173,E
107175,S
107180,S
107182,S
107184,S
107185,E
107187,S
107194,S
107196,S
107204,S
107211,S
107217,S
107227,S
107229,E
107230,E
107237,E
107254,E
107255,S
107260,E
107267,S
107276,S
107277,S
107283,E
107301,E
107303,S
107331,E
107334,E
107341,E
107349,E
107364,S
107392,E
107396,S
107401,E
107402,S
107416,E
107419,S
107420,E
107421,S
107423,S
107427,E
107436,S
107438,S
107439,E
107445,S
107449,S
107484,S
107491,E
107507,E
107510,E
107518,E
107519,S
107529,E
107532,S
107534,S
107542,S
107552,S
107564,S
107575,S
107583,E
107587,S
107590,S
107594,E
107602,S
107604,E
107608,S
107609,E
107611,S
107620,S
107653,E
107673,E
107675,S
107678,E
107703,S
107718,E
107725,E
107730,S
107731,E
107732,S
107733,E
107742,E
107743,S
107744,S
107757,E
107768,S
107785,S
107794,S
107796,S
107818,S
107827,E
107847,S
107851,E
107858,E
107861,S
107868,E
107879,E
107894,S
107899,E
107901,E
107903,S
107908,E
107921,S
107923,E
107937,S
107943,S
107944,S
107952,S
107960,S
107968,S
107974,S
107982,S
107997,S
107998,E
108007,S
108008,E
108013,E
108022,E
108030,S
108035,S
108044,E
108057,S
108058,E
108071,E
108073,E
108088,S
108115,E
108121,E
108128,S
108130,E
108142,S
108149,S
108154,S
108169,S
108170,S
108185,E
108206,S
108211,S
108212,E
108215,E
108219,S
108233,S
108234,E
108242,E
108248,E
108259,S
108285,E
108287,E
108289,E
108291,E
108294,S
108302,S
108305,S
108320,E
108321,E
108334,S
108336,S
108338,E
108344,S
108347,E
108360,S
108362,E
108372,E
108374,E
108387,S
108392,S
108396,S
108404,E
108415,S
108416,S
108419,S
108426,S
108428,E
108431,E
108435,S
108439,E
108442,S
108450,S
108454,E
108456,S
108462,S
108484,E
108490,E
108498,S
108499,E
108501,E
108518,S
108525,S
108535,S
108539,S
108560,S
108561,E
108567,E
108575,S
108576,E
108583,S
108586,E
108593,E
108601,E
108604,S
108606,S
108609,S
108612,S
108620,S
108631,S
108644,E
108670,E
108671,E
108675,E
108680,S
108684,E
108695,S
108696,S
108699,S
108701,E
108705,S
108707,E
108710,E
108713,S
108719,E
108724,E
108736,S
108741,E
108743,E
108753,S
108772,E
108792,S
108808,S
108813,E
108816,S
108821,S
108827,E
108845,S
108850,E
108854,E
108857,S
108861,E
108864,E
108872,E
108874,S
108877,E
108879,E
108895,S
108904,S
108905,S
108910,S
108911,E
108914,S
108918,S
108920,S
108929,S
108941,S
108942,E
108943,S
108956,E
108960,S
108964,E
108965,E
108971,S
108975,S
108985,E
108992,S
108998,E
109004,S
109009,E
109017,S
109019,A
109028,E
109034,S
109042,E
109043,E
109046,S
109048,S
109049,E
109051,S
109063,S
109065,S
109074,E
109084,S
109103,E
109109,E
109113,S
109119,E
109123,E
109125,E
109141,E
109144,S
109146,E
109147,E
109156,A
109167,S
109170,E
109185,E
109187,S
109195,E
109208,E
109210,E
109212,S
109218,S
109221,S
109224,S
109226,E
109227,E
109239,S
109253,E
109256,E
109260,S
109265,S
109284,E
109287,E
109296,S
109299,E
109338,S
109341,S
109345,E
109372,E
109377,E
109378,S
109385,S
109389,E
109390,S
109392,E
109394,S
109396,S
109399,S
109407,S
109422,S
109423,S
109425,S
109429,S
109443,E
109444,E
109449,E
109458,S
109463,S
109467,E
109470,E
109474,S
109495,S
109502,E
109503,E
109532,S
109538,E
109564,S
109566,S
109577,E
109578,S
109587,S
109592,E
109599,E
109609,S
109626,E
109630,S
109640,E
109644,S
109655,E
109662,S
109663,E
109669,S
109673,S
109702,S
109704,S
109710,S
109730,S
109732,S
109734,E
109743,E
109745,S
109748,E
109752,E
109753,S
109768,S
109770,S
109771,E
109780,E
109800,E
109823,S
109827,S
109838,S
109847,S
109851,S
109864,E
109869,E
109872,E
109877,S
109884,S
109912,E
109923,E
109933,S
109946,E
109948,E
109950,S
109960,E
109961,S
109962,S
109964,S
109966,E
109974,E
109984,E
109985,S
109989,S
110000,S
110010,E
110012,E
110015,S
110018,S
110026,S
110035,S
110058,E
110059,E
110069,S
110070,S
110076,S
110094,E
110095,S
110099,S
110109,S
110116,E
110119,E
110126,E
110131,S
110133,S
110137,E
110143,E
110159,S
110161,E
110166,S
110172,E
110177,E
110179,S
110196,E
110200,E
110209,E
110210,E
110211,S
110214,S
110218,E
110219,S
110232,S
110235,S
110236,S
110238,S
110241,S
110253,E
110265,E
110266,E
110268,E
110290,S
110293,E
110312,E
110316,S
110324,E
110325,E
110332,E
110336,E
110342,S
110349,S
110350,S
110353,E
110359,S
110365,E
110382,E
110387,E
110390,S
110397,E
110399,S
110404,S
110417,S
110433,E
110434,E
110447,S
110455,S
110463,S
110483,S
110507,S
110508,E
110531,S
110535,S
110537,E
110549,S
110566,E
110575,E
110577,S
110578,E
110579,S
110581,S
110583,S
110588,S
110591,E
110598,S
110604,E
110606,S
110615,E
110616,S
110623,E
110625,E
110626,E
110628,S
110631,S
110636,S
110639,S
110641,S
110662,S
110667,E
110674,E
110680,S
110681,E
110685,S
110687,S
110692,S
110697,S
110699,E
110716,E
110719,S
110724,E
110726,E
110731,E
110733,E
110737,S
110741,E
110744,S
110745,S
110747,S
110758,S
110772,S
110782,E
110788,E
110790,E
110792,E
110802,E
110803,E
110804,S
110818,E
110819,S
110829,E
110850,S
110872,S
110875,E
110885,E
110907,S
110911,S
110918,S
110920,S
110923,S
110925,S
110926,S
110941,E
110943,E
110947,E
110959,S
110968,S
110975,E
110976,S
110980,E
110986,E
110991,S
111008,S
111011,E
111013,E
111020,E
111026,S
111029,S
111030,S
111035,E
111039,S
111041,S
111044,E
111055,E
111056,E
111060,E
111067,S
111074,S
111080,S
111086,S
111090,S
111117,S
111127,E
111129,E
111135,S
111139,E
111143,E
111144,S
111151,E
111163,S
111164,E
111172,S
111175,S
111180,E
111183,S
111184,S
111188,S
111191,S
111206,S
111209,E
111222,S
111223,S
111236,E
111240,E
111246,E
111248,E
111254,S
111276,E
111280,S
111282,E
111287,E
111299,S
111300,S
111301,E
111319,E
111341,E
111343,E
111345,E
111353,S
111354,S
111357,S
111374,E
111375,E
111385,S
111387,S
111389,E
111390,E
111404,S
111408,E
111409,E
111413,E
111422,E
111427,E
111443,S
111448,S
111465,S
111481,S
111495,E
111496,S
111499,E
111502,S
111503,S
111512,S
111534,S
111538,E
111539,S
111547,S
111555,S
111559,S
111564,S
111568,E
111571,S
111575,E
111584,S
111585,E
111587,E
111592,S
111595,S
111610,E
111612,S
111614,E
111623,S
111625,S
111627,S
111628,S
111638,E
111641,S
111648,E
111650,S
111665,S
111676,S
111693,S
111696,S
111701,E
111706,E
111707,S
111708,S
111709,S
111710,S
111711,S
111715,S
111725,S
111726,S
111728,S
111738,S
111744,S
111773,E
111794,S
111795,S
111807,E
111818,S
111824,S
111844,S
111848,S
111860,E
111861,S
111862,E
111869,S
111873,S
111878,S
111879,S
111883,S
111885,E
111887,S
111888,E
111889,E
111891,S
111892,S
111900,S
111903,E
111911,S
111921,E
111922,S
111923,S
111925,E
111935,S
111940,E
111944,S
111947,S
111951,S
111954,E
111963,S
111968,S
111969,S
111982,E
111990,S
111993,E
111996,S
112002,S
112003,S
112006,E
112022,S
112023,E
112027,S
112035,S
112036,S
112038,E
112040,S
112045,E
112047,E
112053,E
112054,E
112056,E
112061,E
112064,S
112071,E
112073,E
112090,S
112099,S
112102,E
112122,E
112128,S
112129,S
112143,S
112149,E
112152,S
112160,E
112166,E
112172,S
112195,S
112209,E
112210,E
112214,E
112223,S
112228,E
112232,E
112234,S
112235,E
112236,S
112239,S
112255,E
112261,E
112267,S
112269,E
112273,E
112280,S
112284,E
112290,E
112292,E
112295,S
112296,S
112297,E
112304,S
112306,S
112307,E
112311,S
112316,E
112324,E
112325,E
112335,S
112339,S
112347,S
112354,S
112373,E
112375,E
112376,S
112378,S
112383,S
112390,S
112392,S
112394,E
112422,S
112424,S
112425,E
112438,S
112444,E
112447,E
112459,S
112471,S
112478,E
112480,E
112483,E
112486,E
112497,S
112498,S
112508,S
112513,E
112516,E
112523,S
112525,S
112533,S
112536,S
112538,E
112545,S
112555,S
112560,S
112570,S
112573,S
112576,S
112577,E
112586,E
112600,S
112601,E
112602,E
112605,S
112607,S
112608,S
112611,E
112612,E
112615,S
112638,S
112644,S
112645,E
112648,S
112650,E
112652,S
112656,E
112660,E
112669,S
112679,E
112683,S
112684,E
112694,S
112700,S
112702,E
112705,E
112725,S
112733,E
112738,S
112740,S
112745,S
112751,S
112754,E
112768,S
112770,S
112793,E
112805,S
112816,S
112825,E
112826,S
112835,S
112840,E
112841,E
112842,S
112856,S
112866,S
112867,S
112871,S
112872,S
112873,S
112874,S
112878,E
112895,S
112899,S
112903,E
112904,E
112910,S
112914,S
112919,S
112920,S
112941,E
112949,S
112952,S
112953,S
112957,E
112963,E
112967,S
112979,E
113002,E
113003,E
113005,E
113010,E
113012,E
113015,E
113017,S
113020,E
113025,E
113030,E
113031,E
113037,S
113066,E
113067,E
113073,S
113079,S
113114,S
113115,E
113124,S
113128,E
113130,S
113132,S
113133,S
113136,S
113145,S
113146,E
113156,E
113169,E
113170,E
113172,E
113180,E
113189,E
113196,E
113203,E
113204,E
113208,S
113209,E
113221,S
113232,E
113234,S
113237,S
113247,E
113248,S
113252,S
113254,S
113283,S
113286,E
113297,S
113302,E
113310,E
113326,E
113329,S
113333,E
113355,E
113360,S
113370,S
113375,E
113382,S
113386,S
113387,E
113392,S
113403,S
113407,S
113412,S
113417,E
113419,S
113420,E
113426,S
113429,S
113440,S
113442,S
113454,S
113461,S
113466,E
113472,E
113494,S
113507,E
113510,S
113514,S
113515,E
113518,S
113523,E
113532,S
113533,S
113541,E
113569,E
113573,S
113591,E
113593,S
113597,S
113601,E
113602,E
113603,S
113604,S
113609,E
113618,S
113621,S
113622,E
113624,S
113634,S
113636,S
113643,E
113654,E
113655,E
113657,E
113660,S
113669,S
113670,S
113671,S
113677,E
113678,S
113684,S
113691,E
113692,S
113694,S
113696,E
113701,E
113714,E
113718,S
113719,E
113721,S
113724,S
113725,S
113726,S
113731,E
113737,E
113746,E
113748,E
113752,E
113753,S
113757,S
113758,E
113759,E
113765,S
113769,E
113770,S
113771,E
113772,E
113778,S
113785,S
113787,E
113794,S
113798,E
113802,S
113805,S
113806,S
113824,E
113826,S
113833,S
113834,S
113839,S
113846,E
113847,S
113859,E
113860,E
113862,S
113865,E
113885,S
113888,S
113896,E
113902,S
113906,E
113907,S
113928,S
113935,S
113938,S
113958,E
113965,E
113967,E
113979,E
113980,S
113982,S
113984,S
113985,S
113988,S
113990,S
113997,E
114001,E
114011,E
114012,E
114018,S
114026,S
114031,S
114037,E
114046,S
114052,E
114056,E
114059,S
114061,E
114062,S
114069,E
114072,E
114078,S
114079,S
114082,E
114099,S
114108,E
114111,S
114116,E
114121,E
114122,S
114125,S
114126,S
114130,S
114131,S
114134,E
114148,E
114159,S
114163,E
114166,E
114167,S
114168,E
114182,S
114199,S
114204,S
114206,S
114207,E
114230,S
114236,S
114242,E
114252,E
114255,S
114260,E
114261,S
114263,S
114271,E
114277,E
114279,E
114281,E
114282,E
114291,E
114296,E
114304,S
114308,E
114313,S
114315,E
114317,E
114327,E
114346,S
114351,S
114352,E
114354,S
114356,S
114361,E
114362,S
114364,E
114369,S
114372,S
114380,E
114385,S
114395,S
114398,S
114419,E
114423,E
114428,S
114430,E
114431,S
114442,S
114445,S
114453,S
114462,S
114463,S
114469,S
114476,S
114482,S
114489,S
114497,S
114498,E
114501,E
114502,E
114504,S
114514,S
114523,E
114527,S
114533,E
114553,E
114564,S
114567,E
114569,S
114570,S
114571,E
114572,E
114573,E
114576,S
114593,S
114595,S
114600,E
114603,E
114605,S
114607,S
114622,E
114630,S
114633,E
114636,E
114637,E
114640,S
114643,S
114656,S
114658,S
114666,E
114671,S
114678,S
114681,S
114695,S
114697,S
114701,S
114710,E
114718,S
114721,S
114735,S
114741,E
114744,S
114747,S
114748,E
114754,E
114758,S
114760,E
114774,S
114779,S
114782,S
114783,S
114796,S
114809,S
114813,S
114817,E
114818,S
114820,S
114821,S
114833,S
114834,S
114835,S
114838,E
114858,S
114863,S
114864,S
114872,E
114880,E
114897,S
114900,S
114905,S
114912,E
114915,E
114923,S
114924,S
114925,S
114931,S
114936,S
114944,S
114948,S
114951,S
114954,E
114958,S
114973,S
114974,S
114976,S
114978,E
114980,E
114982,S
114991,S
114994,S
115009,E
115012,E
115017,E
115018,S
115020,E
115027,S
115031,S
115037,S
115038,S
115039,E
115043,S
115055,S
115058,S
115092,S
115093,S
115095,S
115099,E
115100,S
115113,S
115115,E
115116,E
115118,S
115120,S
115138,E
115141,E
115142,S
115145,S
115147,S
115148,S
115157,S
115159,E
115180,E
115182,S
115184,E
115214,E
115223,S
115224,S
115226,E
115237,S
115241,S
115243,S
115251,S
115253,E
115267,E
115268,E
115278,S
115288,S
115290,S
115303,S
115307,E
115330,E
115334,E
115336,S
115342,S
115343,E
115345,E
115348,E
115350,S
115351,S
115353,S
115354,E
115355,E
115359,E
115361,E
115377,S
115379,S
115380,S
115394,E
115397,S
115412,S
115415,E
115420,S
115430,E
115436,E
115460,S
115464,E
115465,S
115466,S
115477,E
115486,E
115490,S
115494,E
115505,E
115512,S
115515,E
115521,S
115524,E
115526,E
115530,E
115537,S
115544,E
115554,S
115556,S
115559,S
115568,E
115576,S
115581,S
115583,S
115605,E
115614,S
115615,S
115619,E
115620,S
115623,S
115627,E
115637,S
115638,S
115653,E
115660,E
115685,S
115687,S
115694,S
115698,E
115699,S
115705,S
115714,S
115716,S
115724,S
115725,S
115727,E
115729,E
115739,S
115740,E
115746,S
115748,E
115749,S
115750,S
115753,S
115760,S
115762,S
115763,S
115765,S
115791,E
115793,S
115794,E
115806,E
115821,S
115822,S
115832,S
115837,S
115840,S
115853,E
115859,S
115862,S
115868,S
115877,S
115879,E
115883,S
115889,S
115900,E
115901,E
115906,S
115908,S
115910,S
115915,S
115918,E
115921,E
115927,E
115931,E
115943,S
115945,E
115950,S
115960,E
115964,S
115975,S
115979,S
115980,S
115988,E
115992,E
115993,S
115995,E
115996,E
115997,S
116002,E
116019,E
116033,S
116036,S
116039,S
116043,S
116045,S
116048,E
116064,S
116066,S
116071,E
116076,E
116079,S
116085,S
116088,E
116089,S
116091,S
116097,E
116118,E
116125,E
116130,S
116136,E
116146,S
116147,S
116148,S
116155,S
116156,E
116157,E
116158,S
116160,E
116161,S
116171,E
116178,S
116190,S
116209,S
116233,S
116250,E
116255,S
116267,S
116268,E
116269,S
116270,E
116277,E
116285,E
116289,S
116296,S
116305,S
116306,S
116316,E
116321,S
116330,S
116335,E
116339,S
116344,S
116349,S
116350,S
116364,S
116378,E
116379,E
116381,E
116399,E
116404,S
116411,E
116420,S
116422,S
116424,S
116425,S
116430,S
116435,S
116447,S
116463,E
116466,S
116471,S
116472,E
116485,S
116486,E
116506,S
116528,S
116529,S
116532,E
116544,S
116546,E
116547,S
116549,S
116567,S
116598,S
116604,S
116613,S
116620,S
116621,S
116622,S
116630,E
116631,E
116637,E
116638,E
116639,S
116640,S
116645,S
116658,S
116659,S
116669,S
116682,E
116687,E
116703,S
116705,S
116711,S
116714,E
116722,S
116733,E
116736,S
116743,E
116748,E
116752,S
116753,S
116756,S
116757,E
116760,S
116768,E
116770,E
116771,S
116785,S
116809,S
116813,S
116814,E
116815,E
116827,S
116832,S
116834,S
116840,E
116843,S
116845,S
116846,E
116853,S
116876,S
116879,E
116893,S
116897,S
116902,S
116903,E
116907,S
116938,E
116947,S
116963,E
116966,S
116969,E
116976,S
116990,S
116995,E
116996,E
116999,S
117001,S
117003,S
117015,S
117042,E
117044,S
117063,E
117064,S
117070,E
117071,E
117075,E
117076,S
117081,S
117087,E
117100,E
117105,S
117114,S
117115,S
117120,E
117123,E
117134,E
117149,E
117154,S
117165,E
117171,S
117181,E
117183,E
117185,E
117188,S
117196,S
117204,E
117210,S
117211,E
117228,S
117229,S
117235,E
117236,S
117237,S
117250,E
117252,E
117269,S
117277,E
117289,S
117306,S
117314,S
117317,S
117327,S
117335,E
117339,E
117342,S
117346,S
117355,E
117357,S
117378,E
117392,S
117400,S
117416,S
117426,E
117427,S
117428,E
117430,E
117467,S
117469,E
117485,S
117492,E
117496,E
117501,S
117510,E
117521,E
117522,S
117531,E
117538,E
117554,S
117562,S
117563,S
117567,E
117576,S
117585,E
117593,S
117613,E
117620,S
117641,S
117642,S
117643,E
117650,S
117652,S
117662,S
117663,S
117668,E
117677,S
117678,E
117684,S
117687,S
117688,S
117702,E
117703,S
117705,S
117707,E
117725,S
117728,S
117744,S
117749,S
117750,S
117752,S
117755,S
117758,S
117782,E
117788,S
117795,S
117797,S
117809,S
117814,S
117835,S
117847,S
117849,S
117852,S
117854,S
117856,E
117859,E
117860,S
117861,E
117865,E
117869,E
117870,E
117872,S
117876,E
117880,S
117881,E
117883,E
117893,A
117899,E
117907,E
117909,S
117917,E
117918,E
117920,E
117923,S
117926,S
117927,S
117928,E
117930,E
117932,S
117933,S
117936,S
117937,E
117952,E
117960,E
117964,S
117967,E
117972,S
117976,S
117977,S
117978,S
117983,S
118003,E
118007,S
118009,S
118015,E
118019,E
118024,E
118025,S
118035,S
118040,S
118044,S
118047,S
118051,S
118060,E
118061,S
118062,S
118066,S
118073,S
118077,S
118092,E
118093,E
118094,S
118097,S
118098,E
118109,S
118111,S
118129,S
118130,S
118148,E
118156,E
118158,S
118170,E
118179,E
118196,S
118213,E
118216,S
118221,E
118227,S
118237,S
118238,E
118246,S
118249,S
118289,S
118299,S
118306,S
118309,S
118317,S
118319,E
118330,S
118338,S
118340,S
118346,E
118348,E
118351,E
118359,S
118363,S
118365,E
118367,S
118370,S
118375,S
118377,E
118381,E
118383,S
118386,E
118388,E
118389,S
118395,E
118402,E
118414,S
118417,S
118419,S
118429,E
118432,E
118441,S
118462,S
118467,S
118470,S
118478,S
118481,S
118495,S
118497,E
118498,E
118499,S
118516,E
118524,E
118526,E
118527,S
118532,E
118545,E
118547,S
118552,S
118555,S
118565,S
118567,E
118572,E
118573,S
118586,S
118588,S
118589,E
118598,S
118601,E
118605,S
118622,S
118623,E
118626,E
118632,S
118643,S
118647,E
118658,S
118676,S
118681,E
118682,S
118683,E
118721,S
118726,S
118730,E
118735,S
118746,E
118748,S
118754,E
118757,S
118764,S
118771,E
118773,E
118780,S
118782,S
118787,E
118796,S
118817,S
118819,E
118831,E
118833,S
118846,E
118856,E
118860,S
118869,S
118872,S
118882,E
118884,E
118895,E
118897,S
118898,S
118903,S
118910,E
118911,S
118914,E
118915,S
118918,E
118922,S
118929,E
118932,E
118937,E
118938,E
118943,S
118946,E
118956,S
118962,S
118969,E
118971,E
118986,E
118998,E
119006,S
119010,S
119011,S
119021,E
119024,S
119037,S
119054,S
119059,E
119066,E
119070,E
119073,E
119081,E
119084,S
119091,E
119092,E
119100,S
119113,S
119119,S
119133,E
119136,A
119148,E
119154,S
119158,E
119166,S
119177,S
119185,S
119193,E
119197,E
119199,S
119210,E
119217,E
119221,E
119230,S
119233,S
119245,E
119247,E
119251,E
119254,S
119256,S
119259,S
119261,S
119264,S
119266,S
119272,S
119289,E
119313,S
119314,E
119316,S
119333,S
119335,S
119342,S
119343,S
119346,S
119348,S
119358,E
119361,E
119365,S
119367,E
119368,S
119372,E
119373,S
119380,E
119383,S
119386,S
119387,E
119397,S
119400,S
119405,S
119412,S
119434,E
119438,E
119445,S
119448,S
119460,E
119467,E
119470,S
119473,S
119483,S
119484,S
119505,S
119507,S
119520,E
119523,E
119529,S
119533,S
119540,S
119545,E
119556,E
119560,E
119573,S
119575,S
119594,S
119601,S
119607,E
119611,E
119621,E
119627,E
119628,E
119630,E
119633,S
119634,S
119635,S
119640,E
119650,S
119652,S
119678,E
119679,S
119698,S
119699,S
119701,S
119703,E
119712,S
119720,S
119722,E
119724,S
119738,S
119752,S
119754,E
119763,S
119765,S
119785,E
119788,S
119803,E
119809,S
119811,S
119812,S
119817,S
119822,S
119826,S
119827,S
119829,S
119832,E
119839,E
119841,S
119842,S
119845,E
119881,S
119883,S
119885,E
119895,E
119898,S
119903,S
119905,E
119907,S
119923,E
119925,E
119940,E
119941,S
119943,E
119960,E
119966,E
119982,S
119986,S
119988,E
119993,S
120000,S
120004,E
120006,S
120008,S
120013,E
120017,S
120023,E
120027,E
120036,E
120038,E
120043,S
120044,S
120052,E
120056,E
120059,S
120100,S
120112,S
120116,S
120130,E
120137,S
120143,S
120150,S
120161,S
120166,E
120172,E
120180,E
120182,E
120192,S
120202,E
120209,E
120212,E
120215,S
120220,E
120231,S
120233,S
120242,E
120253,E
120265,S
120270,S
120274,S
120277,S
120282,S
120290,E
120299,S
120302,S
120318,S
120329,E
120336,S
120339,E
120340,S
120343,S
120345,E
120348,A
120350,S
120352,E
120359,S
120361,E
120381,S
120388,S
120394,E
120395,S
120410,S
120415,E
120417,S
120421,E
120431,S
120442,E
120445,E
120449,E
120450,E
120453,S
120476,S
120481,S
120487,E
120495,E
120505,S
120506,S
120513,S
120516,S
120535,E
120536,S
120546,E
120553,S
120566,S
120567,S
120575,S
120580,E
120587,S
120590,S
120594,S
120605,S
120609,S
120614,S
120615,S
120621,E
120623,E
120624,E
120627,E
120632,S
120633,S
120634,E
120635,E
120650,S
120667,E
120670,S
120678,E
120683,E
120694,E
120695,S
120697,E
120707,S
120710,S
120717,E
120720,S
120721,E
120727,S
120734,S
120735,E
120736,E
120740,S
120742,E
120743,S
120746,E
120749,E
120751,S
120754,E
120755,E
120757,S
120767,S
120769,S
120771,E
120775,S
120782,S
120790,S
120796,S
120807,S
120808,S
120820,E
120827,E
120834,E
120839,S
120851,S
120857,S
120861,E
120872,E
120887,S
120901,E
120913,S
120915,S
120923,S
120928,E
120930,S
120937,E
120967,S
120970,E
120984,S
120986,E
120988,E
121000,E
121006,E
121007,E
121011,E
121017,S
121028,S
121040,S
121042,E
121046,S
121050,S
121056,E
121058,S
121060,E
121062,S
121078,E
121080,S
121081,S
121086,S
121091,E
121099,S
121121,E
121123,S
121136,E
121146,S
121147,S
121150,S
121159,S
121162,S
121165,E
121167,S
121175,E
121176,S
121178,S
121182,E
121188,S
121206,E
121209,E
121220,S
121222,E
121225,S
121237,S
121247,E
121248,S
121254,E
121257,E
121262,E
121264,E
121267,S
121268,S
121282,E
121285,S
121289,E
121302,E
121310,E
121317,S
121318,E
121326,S
121328,E
121345,S
121352,S
121357,S
121358,S
121359,S
121362,S
121367,E
121392,S
121395,E
121396,E
121404,E
121408,S
121412,S
121423,E
121425,S
121436,S
121440,E
121449,S
121450,S
121452,S
121463,S
121471,S
121472,E
121478,S
121487,S
121488,E
121489,S
121492,E
121497,E
121511,S
121514,E
121516,S
121518,S
121522,E
121525,E
121527,S
121566,S
121568,S
121572,E
121576,S
121586,S
121587,E
121591,E
121654,E
121658,E
121662,E
121681,S
121689,E
121692,S
121696,S
121739,S
121746,S
121755,S
121756,S
121758,S
121767,E
121770,E
121805,S
121814,E
121840,S
121842,E
121847,E
121857,S
121865,S
121873,S
121878,S
121882,S
121885,E
121887,E
121896,E
121897,E
121900,S
121902,S
121921,E
121922,A
121930,E
121932,S
121941,S
121944,E
121950,S
121955,S
121959,S
121960,S
121966,S
121967,S
121981,E
121987,E
121990,E
121992,S
121999,S
122004,S
122006,S
122008,E
122009,S
122014,E
122019,E
122038,S
122045,S
122046,E
122050,S
122051,S
122052,S
122065,S
122067,E
122080,S
122094,S
122110,E
122113,S
122116,E
122118,E
122121,E
122129,E
122132,S
122134,E
122142,S
122143,S
122151,S
122152,S
122158,E
122163,S
122169,E
122172,S
122173,S
122175,E
122176,E
122183,S
122191,E
122196,S
122205,E
122208,S
122214,E
122218,E
122219,E
122227,S
122232,E
122251,S
122260,S
122264,S
122270,S
122273,S
122287,S
122294,E
122302,E
122305,S
122307,S
122308,E
122309,S
122316,E
122323,S
122332,E
122337,E
122343,S
122350,S
122359,E
122368,E
122369,E
122372,S
122378,E
122389,E
122392,E
122399,E
122411,S
122415,E
122419,S
122421,S
122424,S
122429,E
122432,S
122434,S
122435,S
122436,S
122438,S
122451,S
122452,S
122456,S
122460,E
122505,E
122514,E
122525,S
122529,S
122533,S
122536,S
122540,S
122542,E
122548,S
122557,S
122582,S
122591,S
122594,S
122597,S
122599,E
122601,S
122602,E
122606,E
122607,E
122609,S
122612,S
122620,E
122624,S
122626,E
122641,S
122644,E
122656,S
122661,E
122665,S
122668,S
122671,S
122688,S
122696,E
122699,S
122703,E
122707,S
122711,S
122717,S
122727,S
122729,S
122732,S
122735,S
122744,S
122747,S
122755,S
122764,S
122768,E
122775,S
122778,E
122780,E
122788,E
122822,S
122824,S
122834,E
122845,E
122859,S
122862,E
122866,S
122869,S
122884,S
122887,E
122891,S
122907,E
122909,E
122913,E
122918,E
122928,E
122934,S
122935,E
122939,E
122944,E
122946,E
122948,S
122953,E
122969,S
122977,E
122986,S
123006,S
123013,S
123016,S
123024,S
123032,S
123035,E
123039,E
123042,E
123046,E
123070,S
123072,S
123083,S
123096,E
123099,S
123114,S
123118,S
123119,S
123134,E
123142,E
123146,S
123153,E
123159,S
123160,S
123161,S
123163,S
123166,S
123171,E
123174,E
123181,E
123183,S
123184,E
123201,E
123202,S
123203,E
123218,E
123225,S
123226,S
123235,S
123237,E
123238,S
123246,E
123251,E
123256,S
123257,E
123261,E
123264,S
123270,E
123271,E
123274,S
123280,S
123298,S
123307,S
123311,S
123313,S
123314,S
123324,S
123332,S
123335,E
123338,A
123340,S
123343,S
123347,S
123358,S
123360,S
123361,E
123364,S
123373,E
123374,S
123377,S
123384,E
123397,E
123406,S
123407,S
123409,S
123427,S
123430,E
123438,E
123445,S
123447,S
123451,E
123463,S
123468,E
123479,S
123489,E
123490,E
123505,S
123506,S
123507,S
123516,E
123517,S
123520,S
123531,S
123533,S
123536,S
123540,S
123541,S
123550,E
123551,E
123552,S
123565,E
123570,S
123606,S
123610,E
123618,S
123620,E
123628,S
123657,S
123671,S
123676,E
123677,S
123681,S
123685,S
123691,S
123698,E
123699,E
123709,E
123717,E
123722,E
123735,E
123740,E
123742,S
123745,S
123750,E
123763,E
123766,S
123769,S
123782,S
123789,S
123795,S
123802,S
123805,S
123809,E
123814,S
123824,S
123825,S
123831,S
123834,S
123835,S
123838,S
123839,S
123846,E
123854,E
123861,S
123862,S
123863,E
123864,S
123865,S
123867,E
123871,S
123872,E
123874,S
123884,S
123886,S
123887,E
123888,S
123898,S
123907,S
123910,E
123911,E
123917,S
123931,S
123935,E
123936,E
123938,E
123940,S
123941,E
123948,E
123953,S
123957,S
123969,S
123974,S
123980,E
123982,S
123983,E
124016,S
124018,E
124025,E
124030,S
124032,S
124034,S
124036,S
124037,S
124045,E
124047,S
124052,S
124056,S
124060,E
124075,S
124092,E
124098,E
124101,S
124108,S
124111,E
124113,E
124114,S
124115,S
124118,E
124125,S
124135,E
124136,S
124139,E
124147,S
124149,S
124158,E
124159,E
124167,S
124175,E
124176,E
124188,E
124205,S
124206,S
124214,S
124216,S
124217,E
124224,S
124227,E
124231,S
124237,S
124240,E
124244,E
124248,S
124270,E
124273,E
124275,S
124280,E
124300,S
124308,S
124319,S
124345,E
124349,S
124352,S
124354,S
124357,S
124358,S
124360,S
124366,S
124371,E
124387,S
124388,S
124401,E
124408,S
124410,S
124412,E
124415,S
124419,E
124437,E
124445,S
124455,E
124480,E
124483,E
124487,S
124490,E
124495,E
124498,E
124504,S
124517,S
124530,E
124534,E
124540,E
124552,S
124571,S
124576,S
124581,S
124582,S
124583,E
124590,S
124609,E
124612,S
124613,E
124615,S
124623,S
124648,S
124657,S
124662,E
124668,E
124671,E
124674,E
124680,S
124689,S
124694,E
124697,E
124699,S
124705,S
124714,E
124716,E
124722,S
124727,E
124729,E
124730,S
124743,S
124748,S
124750,E
124751,E
124757,E
124761,E
124763,S
124765,E
124771,S
124789,E
124790,E
124791,S
124805,E
124817,S
124830,E
124834,S
124835,S
124836,S
124849,E
124867,S
124868,E
124875,E
124876,S
124877,S
124884,S
124916,E
124918,E
124921,S
124929,E
124932,S
124937,E
124945,S
124951,E
124956,S
124957,S
124958,E
124970,E
124989,S
124991,S
124992,E
125000,S
125009,E
125010,S
125013,E
125014,E
125015,E
125016,E
125029,S
125030,E
125033,E
125037,E
125043,E
125055,E
125073,S
125102,E
125104,E
125116,S
125129,S
125130,E
125138,S
125144,S
125149,S
125150,E
125154,E
125158,S
125164,S
125171,E
125193,E
125199,E
125212,S
125214,S
125226,S
125233,S
125244,S
125260,E
125262,S
125275,E
125276,S
125283,S
125285,E
125286,E
125292,E
125294,S
125295,E
125310,S
125319,E
125332,E
125337,E
125338,S
125339,S
125343,S
125356,S
125363,A
125379,E
125381,E
125386,S
125389,S
125391,S
125405,S
125406,S
125419,S
125420,E
125422,E
125424,S
125452,E
125455,S
125462,S
125467,E
125469,S
125470,S
125481,S
125485,E
125488,E
125505,S
125508,S
125511,E
125522,S
125541,E
125546,E
125552,E
125559,E
125566,S
125567,E
125570,S
125576,E
125580,S
125585,E
125586,E
125593,S
125595,S
125596,E
125597,E
125604,S
125619,E
125622,E
125623,S
125635,S
125644,E
125655,E
125657,S
125659,S
125667,E
125673,S
125682,S
125691,S
125709,E
125719,E
125723,S
125732,E
125766,S
125768,S
125775,S
125777,S
125790,S
125792,S
125800,E
125801,S
125803,S
125806,S
125809,E
125815,E
125823,S
125828,E
125830,S
125837,S
125843,E
125844,E
125850,S
125861,S
125865,E
125876,S
125880,S
125884,E
125891,E
125893,S
125894,S
125896,E
125901,S
125906,S
125907,S
125919,S
125936,S
125941,E
125942,E
125946,E
125972,S
125977,E
125978,E
125979,E
125991,S
125993,S
125999,S
126000,E
126014,E
126026,S
126029,S
126036,E
126046,S
126051,E
126052,E
126071,E
126097,E
126111,E
126113,E
126119,S
126125,E
126136,E
126138,S
126143,S
126145,S
126147,S
126159,S
126177,S
126178,E
126181,S
126188,S
126192,E
126212,S
126217,S
126226,S
126229,E
126232,E
126233,E
126239,S
126244,E
126245,E
126253,E
126259,S
126262,S
126263,S
126267,E
126268,S
126274,S
126276,S
126277,S
126278,E
126291,S
126311,S
126312,S
126328,E
126341,S
126349,S
126350,E
126353,S
126357,S
126358,S
126371,S
126375,E
126378,E
126380,E
126386,S
126393,E
126394,E
126395,S
126405,S
126408,S
126413,S
126415,E
126417,S
126437,S
126447,E
126449,S
126450,S
126458,S
126469,S
126475,S
126480,S
126486,S
126488,S
126489,S
126492,E
126493,S
126494,E
126507,E
126530,E
126531,E
126533,S
126550,E
126553,E
126560,S
126566,E
126569,S
126591,E
126609,S
126612,E
126613,E
126630,S
126649,E
126651,E
126656,E
126682,E
126707,E
126710,S
126713,S
126721,S
126725,S
126751,S
126757,E
126762,S
126770,E
126771,S
126773,S
126775,S
126778,S
126791,S
126794,E
126796,S
126802,E
126813,E
126821,S
126824,E
126825,S
126836,S
126843,S
126848,S
126849,S
126851,S
126854,S
126855,S
126861,E
126862,S
126863,S
126870,S
126874,S
126877,S
126889,E
126897,E
126903,E
126908,S
126920,S
126923,E
126930,E
126931,S
126934,S
126937,S
126942,S
126944,S
126945,S
126946,S
126947,S
126948,S
126951,S
126964,S
126976,S
126978,E
126984,S
126989,S
126994,S
126996,S
127007,S
127010,S
127018,E
127033,E
127034,E
127036,S
127037,S
127040,E
127042,S
127046,S
127050,S
127051,S
127060,E
127062,S
127076,S
127082,S
127083,S
127097,S
127099,S
127122,S
127134,E
127138,S
127145,S
127155,S
127164,S
127165,E
127168,S
127171,E
127172,S
127180,E
127185,E
127189,E
127190,E
127201,S
127204,S
127205,E
127207,E
127211,E
127214,S
127217,E
127220,S
127232,S
127236,E
127237,E
127245,S
127247,E
127251,E
127253,E
127258,E
127271,S
127278,E
127293,E
127343,E
127344,E
127345,E
127353,S
127356,S
127358,S
127364,S
127365,S
127367,S
127378,S
127382,S
127390,S
127398,S
127405,S
127411,S
127413,E
127417,S
127441,S
127453,S
127456,E
127465,E
127467,S
127468,E
127470,S
127471,S
127473,S
127474,E
127475,S
127478,E
127481,E
127483,E
127492,S
127497,S
127501,E
127502,E
127506,E
127514,S
127515,E
127518,E
127522,S
127529,S
127532,S
127534,S
127535,E
127544,E
127546,S
127549,S
127557,E
127559,S
127577,S
127580,E
127586,E
127593,E
127594,S
127595,S
127608,E
127613,S
127619,S
127631,E
127633,S
127637,S
127640,E
127645,E
127658,E
127668,S
127672,S
127673,S
127681,S
127688,S
127692,E
127703,S
127706,E
127716,S
127718,S
127723,S
127730,E
127736,E
127762,S
127767,E
127770,E
127780,E
127789,S
127799,E
127807,S
127811,S
127815,E
127822,S
127832,S
127838,S
127839,E
127841,E
127851,E
127868,E
127869,E
127872,E
127876,S
127878,S
127882,S
127889,E
127893,S
127896,S
127899,S
127910,E
127913,E
127921,S
127922,E
127927,E
127929,E
127933,E
127936,S
127938,E
127946,E
127948,S
127954,S
127967,S
127975,E
127979,E
127981,S
127988,S
127991,S
128004,S
128017,S
128021,E
128029,S
128033,E
128034,S
128039,E
128044,S
128050,S
128051,E
128053,S
128054,E
128061,E
128068,S
128076,S
128084,S
128090,S
128091,S
128095,S
128106,S
128115,E
128117,E
128118,S
128125,S
128130,E
128155,E
128167,E
128176,E
128190,E
128193,E
128198,S
128201,S
128208,S
128209,E
128222,E
128224,E
128232,S
128237,S
128240,S
128245,S
128260,S
128263,S
128267,S
128268,E
128282,S
128286,E
128291,E
128294,S
128301,S
128305,S
128316,S
128318,S
128329,E
128334,S
128361,S
128370,S
128373,S
128374,S
128380,E
128382,S
128394,S
128396,E
128400,S
128403,S
128413,S
128431,S
128447,S
128451,S
128453,S
128459,E
128463,E
128467,E
128474,E
128476,E
128496,S
128498,S
128499,E
128500,E
128505,S
128516,E
128540,S
128545,S
128548,E
128564,E
128565,S
128569,E
128605,E
128618,E
128621,E
128626,S
128644,E
128645,S
128655,S
128659,S
128662,S
128669,E
128678,E
128681,S
128687,E
128688,S
128691,S
128697,S
128698,S
128705,E
128714,S
128718,E
128775,S
128787,S
128788,S
128795,E
128798,S
128799,S
128814,S
128824,E
128826,E
128833,S
128835,E
128838,E
128845,E
128850,S
128851,S
128856,S
128859,S
128868,E
128869,E
128872,S
128877,S
128884,E
128896,S
128898,E
128914,E
128935,S
128938,S
128942,E
128943,E
128952,E
128967,E
128969,E
128974,E
128977,S
128979,E
128982,S
128995,S
128997,E
129000,S
129002,E
129004,E
129009,E
129023,E
129061,E
129065,S
129075,S
129081,S
129084,E
129089,S
129096,S
129101,S
129103,S
129106,S
129107,E
129113,S
129120,E
129130,E
129143,S
129167,S
129168,S
129178,S
129180,S
129188,S
129194,S
129196,S
129197,S
129205,S
129206,S
129215,S
129218,E
129230,S
129235,E
129240,S
129243,E
129247,E
129255,S
129270,E
129273,E
129276,S
129294,E
129299,S
129303,S
129313,S
129315,S
129317,E
129319,E
129320,E
129339,S
129342,E
129352,E
129356,S
129357,E
129366,S
129368,E
129390,S
129393,S
129401,E
129402,S
129404,E
129408,S
129409,E
129412,S
129413,E
129417,E
129422,S
129425,S
129428,E
129444,E
129448,E
129450,S
129456,S
129457,S
129458,S
129459,S
129461,S
129469,S
129478,S
129482,E
129484,S
129493,S
129499,E
129500,E
129501,S
129510,S
129517,S
129529,S
129535,E
129550,S
129551,S
129555,S
129571,E
129573,E
129587,S
129594,E
129608,E
129616,E
129625,S
129627,S
129631,E
129638,S
129646,E
129653,E
129658,E
129660,S
129661,S
129666,E
129673,E
129674,E
129684,E
129688,E
129697,S
129703,E
129722,E
129731,S
129735,S
129746,E
129748,E
129750,E
129755,S
129757,E
129759,S
129778,S
129808,E
129820,S
129822,S
129828,S
129830,S
129838,S
129851,S
129855,S
129859,S
129860,S
129864,S
129869,E
129872,E
129877,E
129879,E
129889,S
129890,E
129894,S
129902,S
129908,S
129910,S
129913,E
129919,S
129920,S
129924,S
129926,E
129931,S
129933,A
129941,E
129942,S
129950,E
129956,S
129966,E
129969,E
129982,E
129986,E
129987,E
129990,S
130002,S
130003,E
130011,S
130015,S
130024,S
130027,E
130030,S
130054,S
130084,E
130087,E
130090,E
130094,E
130105,S
130114,S
130116,E
130120,S
130121,S
130126,S
130131,E
130135,E
130137,E
130142,S
130147,S
130155,E
130166,S
130173,E
130188,E
130189,S
130206,E
130209,S
130221,E
130223,E
130228,S
130238,S
130240,S
130242,S
130245,E
130250,S
130267,E
130272,S
130276,E
130280,S
130283,E
130285,E
130293,E
130298,S
130302,S
130314,S
130322,E
130336,E
130338,E
130348,S
130350,S
130358,S
130371,E
130381,S
130382,S
130385,E
130399,E
130407,E
130408,E
130409,S
130414,S
130415,E
130417,S
130419,S
130427,E
130432,S
130435,E
130440,E
130447,E
130451,S
130458,S
130459,S
130465,S
130467,S
130481,E
130494,E
130497,E
130504,S
130505,E
130508,E
130510,S
130511,S
130526,E
130528,E
130549,S
130552,E
130555,E
130557,S
130559,S
130567,E
130568,E
130570,S
130572,S
130587,E
130602,S
130603,S
130618,S
130621,S
130623,E
130625,S
130631,S
130647,S
130653,S
130658,S
130660,S
130668,E
130684,E
130691,S
130698,S
130701,S
130704,S
130710,E
130711,E
130712,E
130720,E
130738,E
130739,S
130745,E
130748,E
130752,E
130756,E
130761,E
130765,E
130773,E
130775,S
130776,E
130788,S
130790,E
130792,S
130796,E
130798,S
130800,S
130801,E
130813,E
130818,S
130824,E
130829,S
130830,E
130839,E
130842,S
130845,E
130850,E
130856,S
130869,S
130871,E
130904,E
130910,E
130915,S
130918,E
130924,S
130969,E
130978,S
130988,E
130992,S
131004,S
131012,E
131015,S
131017,S
131018,E
131027,E
131032,S
131034,S
131035,S
131037,S
131038,E
131040,S
131053,E
131055,S
131056,S
131058,S
131060,E
131064,E
131065,S
131068,S
131076,S
131078,E
131080,S
131082,S
131086,S
131088,E
131089,S
131095,E
131098,S
131113,E
131116,S
131122,A
131131,S
131132,S
131139,S
131141,S
131145,E
131171,S
131173,S
131177,S
131183,E
131186,S
131187,S
131190,S
131192,E
131195,E
131196,S
131199,S
131202,S
131204,E
131205,S
131223,S
131235,E
131236,E
131242,S
131245,E
131253,S
131261,E
131272,S
131278,S
131283,S
131284,S
131287,E
131288,E
131297,S
131298,S
131307,S
131316,S
131318,S
131319,S
131330,S
131331,E
131341,S
131345,S
131354,E
131355,E
131361,S
131372,E
131376,S
131380,E
131384,S
131389,E
131397,E
131402,E
131414,S
131422,S
131426,E
131440,E
131444,E
131465,E
131469,E
131475,S
131480,S
131497,E
131503,S
131516,S
131518,S
131523,S
131527,S
131529,S
131530,S
131538,S
131539,E
131540,E
131545,S
131550,E
131552,S
131557,S
131558,E
131564,E
131574,S
131577,S
131581,E
131586,S
131588,S
131594,E
131604,S
131605,S
131610,E
131619,E
131620,E
131625,E
131633,E
131635,S
131637,S
131638,E
131649,E
131651,E
131659,E
131684,E
131686,S
131693,S
131695,S
131700,S
131704,S
131727,S
131728,E
131731,S
131735,E
131738,S
131739,S
131746,E
131749,S
131760,E
131772,E
131781,S
131790,S
131791,E
131794,E
131796,S
131802,S
131810,E
131825,S
131837,E
131838,E
131850,E
131857,E
131875,E
131881,S
131884,S
131886,S
131898,S
131915,E
131920,S
131927,S
131960,E
131966,S
131967,S
131970,S
131976,E
131992,E
131996,E
131999,S
132007,E
132010,S
132022,E
132025,S
132031,E
132032,E
132034,S
132041,E
132042,E
132065,E
132070,E
132072,S
132084,E
132086,S
132099,E
132100,E
132102,E
132103,E
132109,E
132111,E
132112,S
132115,S
132116,E
132118,S
132121,E
132126,S
132127,S
132134,S
132143,E
132144,S
132152,S
132156,E
132175,E
132178,S
132188,S
132204,S
132211,E
132219,S
132224,E
132235,E
132236,E
132239,E
132241,E
132274,E
132279,E
132280,E
132281,S
132285,S
132286,S
132289,S
132292,E
132293,S
132294,E
132300,E
132302,S
132303,E
132312,S
132317,E
132331,S
132351,E
132358,S
132363,S
132367,S
132373,S
132375,S
132382,E
132383,E
132390,S
132398,E
132408,E
132413,S
132416,E
132432,S
132440,S
132441,S
132452,S
132457,E
132466,E
132470,S
132495,E
132497,E
132509,S
132515,E
132522,S
132524,S
132528,S
132536,E
132540,S
132554,E
132564,S
132569,S
132579,E
132583,S
132584,S
132585,E
132590,S
132591,E
132592,E
132598,E
132600,S
132604,E
132608,E
132611,E
132619,S
132637,S
132644,E
132654,E
132661,E
132674,E
132675,S
132677,E
132678,S
132685,S
132689,S
132691,E
132696,S
132704,S
132706,S
132707,E
132716,E
132724,E
132727,E
132730,S
132748,E
132750,S
132751,S
132754,E
132757,S
132758,E
132761,E
132762,E
132777,E
132778,S
132787,E
132795,S
132809,S
132812,E
132813,S
132818,S
132829,E
132834,S
132842,E
132853,S
132854,E
132870,E
132876,S
132885,S
132893,S
132897,E
132916,S
132921,E
132937,S
132941,E
132945,E
132951,E
132952,E
132967,E
132980,E
132998,S
133000,S
133001,S
133003,S
133004,E
133010,S
133017,E
133024,S
133026,E
133031,E
133034,S
133038,S
133043,S
133052,E
133057,E
133062,E
133063,E
133064,E
133070,E
133076,S
133087,S
133110,E
133117,S
133119,S
133124,S
133127,E
133131,S
133133,S
133138,S
133140,E
133146,S
133148,S
133151,S
133161,S
133166,E
133169,E
133175,E
133189,S
133193,S
133198,E
133201,E
133205,S
133208,S
133214,E
133218,E
133219,S
133229,S
133232,E
133250,E
133252,S
133256,S
133261,E
133264,S
133267,S
133268,S
133279,S
133283,E
133291,S
133307,S
133311,E
133317,E
133318,S
133331,S
133344,S
133345,S
133349,S
133358,E
133360,E
133369,E
133372,S
133377,E
133386,S
133387,E
133389,S
133404,E
133409,E
133410,S
133412,E
133415,S
133430,E
133437,S
133465,S
133476,E
133482,S
133485,S
133486,S
133494,S
133496,E
133498,S
133503,S
133507,S
133509,S
133514,E
133519,S
133528,S
133535,E
133536,S
133537,S
133540,E
133548,S
133556,S
133558,E
133561,S
133565,E
133569,S
133571,E
133578,S
133583,E
133587,S
133590,S
133611,S
133614,E
133627,E
133628,S
133629,S
133634,S
133640,S
133641,E
133644,S
133646,S
133649,E
133655,S
133657,S
133659,S
133669,E
133670,E
133672,E
133673,E
133681,S
133682,S
133684,E
133689,E
133712,S
133715,E
133722,E
133723,E
133731,E
133733,E
133742,S
133751,S
133757,S
133760,E
133768,E
133778,E
133779,E
133781,S
133783,E
133788,S
133794,E
133796,S
133801,S
133832,S
133833,S
133837,S
133844,E
133854,S
133856,E
133864,E
133868,S
133870,E
133872,E
133876,S
133879,E
133883,S
133886,E
133887,S
133888,S
133900,E
133915,S
133923,E
133927,S
133943,S
133944,E
133947,S
133954,S
133969,S
133970,S
133980,E
133981,E
133983,E
133985,E
133990,E
134000,S
134005,S
134008,E
134009,S
134018,E
134019,E
134023,S
134031,E
134037,E
134039,E
134048,S
134056,S
134058,S
134069,S
134072,S
134079,E
134086,S
134087,E
134103,E
134113,E
134124,S
134130,E
134135,E
134137,S
134140,E
134148,S
134149,S
134165,S
134178,S
134182,S
134183,S
134204,S
134214,E
134216,E
134217,E
134218,E
134224,S
134226,E
134228,S
134240,S
134254,E
134256,E
134264,S
134267,S
134268,S
134270,S
134274,E
134281,E
134282,E
134292,E
134297,E
134308,S
134310,S
134313,E
134321,S
134328,E
134329,S
134345,S
134346,S
134353,E
134359,S
134361,E
134362,S
134366,S
134396,S
134411,S
134417,E
134430,E
134431,S
134437,E
134440,S
134453,S
134455,S
134467,S
134468,S
134479,S
134488,E
134492,E
134496,S
134498,E
134499,S
134518,S
134519,S
134524,E
134527,S
134537,E
134544,E
134546,E
134550,E
134558,E
134564,E
134568,S
134573,S
134589,E
134590,S
134600,E
134612,S
134621,S
134622,E
134640,E
134647,E
134653,S
134656,E
134664,S
134666,E
134669,S
134671,E
134680,S
134686,S
134691,E
134692,E
134693,E
134703,S
134711,S
134720,S
134721,E
134727,S
134728,S
134729,S
134731,E
134736,E
134745,S
134750,E
134753,S
134759,E
134782,E
134792,S
134805,E
134816,E
134817,S
134825,S
134829,E
134833,E
134838,S
134846,S
134861,S
134862,S
134888,E
134889,S
134892,E
134903,E
134911,E
134920,S
134936,E
134948,S
134958,S
134966,S
134971,S
134973,E
134979,S
134984,S
135009,E
135010,S
135017,S
135018,S
135025,E
135027,S
135029,S
135053,E
135056,S
135058,E
135059,E
135064,E
135065,S
135066,S
135067,S
135068,S
135070,E
135087,S
135110,E
135116,S
135131,S
135139,S
135142,S
135148,E
135171,E
135175,E
135183,S
135187,E
135188,S
135189,S
135200,E
135206,E
135208,S
135212,E
135214,S
135216,S
135228,S
135234,E
135239,S
135240,S
135247,E
135256,S
135259,S
135260,S
135265,S
135267,S
135298,S
135300,S
135302,E
135304,S
135315,S
135317,S
135336,S
135342,A
135351,E
135353,S
135361,S
135369,S
135372,S
135378,S
135379,S
135382,S
135383,S
135397,S
135404,S
135406,S
135407,E
135409,S
135414,E
135420,S
135424,E
135431,S
135433,S
135434,E
135435,S
135438,E
135442,S
135450,S
135463,E
135469,S
135480,E
135481,S
135485,E
135490,E
135492,S
135501,E
135504,S
135510,S
135516,S
135519,S
135527,E
135529,E
135538,S
135541,S
135544,E
135560,E
135562,S
135566,E
135575,E
135588,S
135592,S
135593,E
135597,S
135600,S
135605,S
135607,S
135611,S
135623,E
135628,E
135638,S
135639,S
135650,S
135661,E
135669,E
135671,S
135675,S
135682,S
135688,S
135691,S
135696,S
135697,E
135700,S
135702,E
135722,S
135726,S
135740,S
135741,S
135750,E
135751,E
135759,E
135770,E
135773,E
135812,S
135813,E
135816,E
135855,E
135864,S
135867,S
135870,S
135875,S
135878,S
135879,E
135896,S
135898,E
135901,E
135902,E
135908,E
135909,S
135912,E
135916,S
135918,S
135920,E
135923,E
135928,E
135931,S
135934,E
135936,S
135937,S
135940,S
135944,S
135949,E
135955,S
135968,E
135991,S
136001,S
136002,S
136006,E
136007,S
136030,S
136034,E
136043,S
136046,S
136063,E
136066,S
136071,E
136075,E
136079,E
136083,S
136102,E
136111,E
136127,S
136136,S
136145,S
136146,E
136147,S
136149,S
136161,S
136175,S
136178,S
136183,E
136185,S
136186,S
136189,S
136193,S
136199,E
136200,S
136203,S
136212,S
136223,E
136228,E
136231,S
136233,E
136238,E
136240,S
136243,E
136254,S
136261,E
136263,S
136270,S
136274,E
136276,S
136284,S
136299,E
136302,E
136303,E
136310,E
136313,S
136348,E
136349,S
136354,S
136363,E
136365,E
136366,S
136383,S
136384,S
136393,S
136394,S
136407,E
136417,E
136418,S
136432,S
136434,S
136436,S
136437,S
136438,E
136445,S
136448,E
136452,S
136455,S
136466,S
136467,S
136471,E
136476,E
136478,E
136481,S
136483,S
136485,S
136497,S
136500,S
136503,E
136511,E
136512,E
136516,E
136525,E
136527,S
136557,S
136565,E
136582,E
136586,S
136594,E
136595,S
136597,E
136598,E
136599,S
136601,S
136604,E
136613,S
136637,E
136638,S
136653,S
136654,E
136655,S
136660,E
136661,E
136662,S
136672,S
136674,S
136707,E
136709,S
136716,E
136725,E
136735,S
136738,S
136745,S
136746,S
136751,E
136763,S
136781,S
136787,E
136789,S
136792,S
136796,S
136804,S
136806,S
136807,S
136808,E
136809,E
136818,E
136821,S
136838,S
136850,E
136851,E
136857,S
136859,S
136867,E
136879,S
136880,S
136881,E
136884,E
136886,E
136897,S
136898,S
136899,E
136902,E
136920,E
136928,S
136929,S
136942,S
136951,E
136958,S
136959,S
136963,E
136967,E
136976,S
136987,E
136999,E
137012,S
137020,E
137028,S
137038,E
137040,E
137062,S
137069,S
137072,S
137087,E
137090,S
137108,S
137110,S
137117,S
137118,S
137121,E
137123,S
137136,E
137137,E
137151,E
137161,E
137162,E
137163,S
137169,E
137172,E
137174,E
137182,E
137184,E
137185,E
137191,E
137193,E
137198,E
137207,S
137214,E
137218,S
137220,S
137221,S
137226,S
137233,S
137234,E
137249,S
137250,S
137251,E
137254,S
137256,S
137260,E
137264,S
137265,E
137268,S
137273,S
137275,E
137276,E
137277,E
137279,E
137280,S
137288,S
137293,S
137300,E
137303,E
137321,S
137351,E
137359,E
137373,S
137393,S
137394,E
137401,S
137404,E
137408,S
137410,E
137419,E
137427,S
137433,S
137436,S
137455,E
137474,S
137481,E
137482,E
137495,E
137507,E
137508,S
137510,E
137519,S
137520,S
137543,S
137544,S
137560,S
137562,S
137566,S
137584,E
137595,S
137618,S
137619,E
137624,S
137627,S
137638,E
137640,S
137641,E
137642,S
137648,S
137660,E
137661,E
137668,E
137669,S
137678,E
137692,S
137695,E
137702,E
137719,E
137733,S
137747,E
137748,S
137755,E
137757,S
137758,E
137759,S
137765,S
137766,S
137768,E
137770,S
137790,S
137794,S
137805,S
137806,E
137817,S
137818,S
137825,E
137828,S
137832,S
137834,E
137836,S
137842,S
137844,S
137845,E
137847,S
137850,E
137863,S
137869,E
137873,E
137880,E
137881,S
137882,S
137883,S
137887,S
137891,S
137895,E
137899,E
137901,S
137908,S
137910,S
137911,S
137915,E
137918,S
137926,E
137933,S
137934,S
137937,S
137938,S
137941,S
137942,E
137951,S
137952,E
137959,E
137966,S
137993,S
138018,E
138022,E
138024,S
138025,S
138043,E
138044,S
138060,E
138071,E
138077,S
138081,E
138089,E
138090,S
138094,E
138095,A
138099,S
138107,S
138108,E
138120,S
138134,E
138138,S
138142,S
138143,S
138149,S
138153,S
138162,E
138171,E
138174,S
138178,E
138183,E
138187,E
138191,S
138194,E
138202,S
138203,S
138215,S
138221,S
138227,S
138228,S
138229,S
138234,E
138237,S
138241,E
138243,E
138250,S
138252,E
138256,S
138260,S
138283,S
138297,S
138301,S
138306,E
138308,E
138314,E
138318,S
138335,E
138342,S
138357,E
138361,S
138366,S
138389,E
138392,E
138393,E
138404,S
138405,E
138422,E
138427,S
138430,E
138433,E
138454,E
138461,S
138463,S
138469,E
138473,S
138474,S
138476,E
138485,S
138487,S
138489,S
138490,E
138499,E
138516,S
138518,S
138529,E
138537,S
138548,E
138550,E
138552,S
138554,E
138567,S
138579,S
138580,E
138582,E
138586,S
138596,E
138602,S
138605,S
138609,E
138610,S
138620,E
138622,E
138625,S
138634,S
138670,E
138673,E
138686,S
138691,E
138701,S
138703,E
138706,S
138708,S
138709,S
138714,S
138718,S
138733,S
138742,S
138743,E
138752,E
138753,E
138761,S
138765,S
138772,S
138780,S
138790,E
138810,E
138832,S
138835,S
138838,S
138840,E
138841,S
138845,E
138856,S
138861,E
138863,E
138869,E
138871,S
138877,S
138886,S
138894,E
138902,S
138905,S
138912,E
138914,E
138919,S
138921,E
138929,S
138938,E
138939,E
138940,E
138950,S
138960,E
138967,S
138971,E
138973,S
138979,S
138981,S
138989,E
138993,E
139004,E
139012,E
139014,E
139022,S
139028,E
139037,E
139047,S
139053,E
139057,S
139059,S
139069,E
139072,E
139077,S
139079,S
139081,S
139090,S
139091,E
139095,S
139100,E
139106,E
139108,E
139109,S
139111,E
139119,E
139122,S
139131,S
139137,S
139149,E
139152,E
139153,S
139154,S
139155,S
139156,E
139164,S
139165,E
139168,E
139182,E
139200,S
139201,E
139206,E
139209,S
139216,E
139226,E
139230,S
139233,E
139239,E
139242,S
139245,S
139247,E
139256,E
139263,S
139265,S
139267,S
139270,S
139271,S
139272,E
139274,E
139281,E
139282,S
139300,S
139308,E
139312,S
139314,S
139333,E
139336,S
139338,S
139356,S
139361,E
139373,E
139381,E
139394,E
139399,E
139411,S
139412,S
139416,E
139441,S
139456,S
139462,S
139465,S
139477,S
139481,E
139491,E
139495,E
139496,S
139498,E
139499,E
139501,S
139502,S
139506,S
139507,E
139512,E
139515,S
139519,E
139523,S
139526,E
139527,E
139532,S
139533,E
139537,S
139538,E
139541,E
139552,S
139555,S
139563,S
139571,S
139576,S
139577,S
139579,E
139591,S
139607,E
139612,E
139615,S
139623,E
139625,E
139628,E
139639,S
139643,E
139648,S
139661,E
139663,S
139669,E
139681,E
139685,E
139692,E
139699,S
139704,S
139705,S
139710,E
139712,E
139715,S
139718,S
139729,S
139733,E
139736,S
139741,E
139751,S
139752,S
139765,S
139767,E
139777,S
139783,S
139784,S
139797,S
139798,E
139800,E
139803,S
139804,S
139806,E
139817,S
139818,E
139819,S
139823,S
139832,E
139836,E
139847,E
139862,S
139866,S
139868,S
139870,S
139881,E
139888,S
139891,S
139905,E
139907,E
139912,E
139914,S
139922,S
139938,S
139942,S
139955,E
139965,S
139966,E
139996,S
139999,S
140000,S
140009,S
140013,S
140017,S
140018,E
140023,S
140030,S
140040,S
140044,S
140055,S
140072,E
140074,S
140078,S
140081,E
140102,S
140113,S
140121,S
140122,S
140126,S
140144,S
140146,E
140155,S
140158,E
140167,E
140177,S
140186,S
140189,E
140205,E
140208,E
140210,E
140215,S
140224,E
140227,S
140243,E
140244,S
140248,S
140252,E
140260,S
140269,S
140276,E
140280,E
140288,E
140290,S
140300,E
140301,E
140304,E
140308,E
140316,S
140332,E
140339,S
140350,S
140356,S
140357,S
140361,E
140364,S
140368,E
140371,E
140373,E
140384,E
140386,S
140418,E
140433,E
140435,E
140439,E
140447,S
140450,S
140452,S
140454,S
140456,E
140462,S
140477,E
140486,S
140490,S
140495,E
140501,E
140506,S
140507,S
140515,E
140517,S
140520,E
140522,E
140527,S
140535,E
140546,E
140553,E
140557,E
140564,S
140572,S
140576,S
140587,E
140589,S
140610,S
140611,S
140613,E
140618,E
140630,E
140638,S
140645,E
140664,E
140675,E
140686,S
140688,E
140692,S
140693,S
140698,S
140700,E
140709,S
140712,E
140715,E
140717,S
140730,S
140732,S
140740,S
140745,S
140750,S
140751,S
140752,S
140757,E
140759,S
140785,S
140805,S
140813,E
140818,S
140837,S
140841,S
140849,S
140856,E
140858,S
140859,S
140865,S
140866,S
140868,S
140875,S
140879,S
140882,S
140890,S
140892,E
140893,S
140897,S
140902,S
140906,S
140907,S
140909,S
140911,E
140917,E
140925,S
140927,E
140932,S
140933,S
140937,S
140943,S
140954,S
140957,E
140958,S
140960,S
140966,S
140968,E
140969,E
140970,S
140976,S
140981,E
140991,S
141001,S
141005,E
141007,S
141008,S
141014,S
141015,S
141030,E
141031,S
141032,S
141038,S
141044,E
141045,S
141052,E
141055,S
141059,E
141064,S
141081,S
141088,S
141092,S
141103,S
141114,S
141118,S
141125,E
141129,S
141140,E
141143,E
141144,E
141151,S
141153,S
141164,E
141165,E
141187,S
141188,S
141195,E
141203,S
141207,S
141210,S
141215,S
141219,S
141222,S
141224,E
141228,E
141231,E
141239,E
141271,S
141275,S
141279,S
141280,E
141287,E
141295,E
141303,S
141320,S
141324,S
141331,S
141334,E
141335,E
141341,E
141343,E
141350,E
141361,S
141376,S
141379,S
141380,S
141381,E
141384,S
141396,E
141398,E
141399,S
141401,S
141404,S
141418,E
141421,S
141423,E
141426,S
141427,S
141434,S
141442,S
141454,E
141466,S
141473,S
141477,E
141487,E
141493,E
141512,S
141514,S
141521,S
141525,E
141537,S
141549,S
141550,E
141559,S
141565,S
141568,E
141571,E
141576,E
141577,S
141595,S
141597,E
141609,S
141633,S
141636,E
141637,S
141640,E
141641,S
141652,E
141657,S
141665,E
141666,S
141669,S
141673,S
141675,S
141683,S
141692,E
141695,S
141699,E
141704,E
141719,S
141732,E
141737,E
141754,E
141759,E
141764,E
141777,E
141785,E
141787,E
141803,S
141812,E
141813,S
141828,S
141830,E
141833,E
141834,S
141836,E
141843,E
141856,S
141863,S
141864,S
141868,S
141873,E
141875,S
141882,S
141885,E
141892,E
141910,S
141919,E
141929,S
141932,S
141944,S
141949,S
141950,E
141951,S
141957,E
141960,S
141961,E
141962,E
141968,S
141989,E
141992,S
141995,S
141996,S
141998,E
142002,S
142005,S
142009,E
142010,S
142011,S
142019,S
142026,S
142035,S
142043,E
142057,E
142062,E
142067,S
142082,S
142095,E
142099,E
142106,E
142108,S
142109,S
142116,E
142120,S
142128,E
142130,S
142137,E
142140,E
142141,S
142142,S
142143,E
142150,E
142159,E
142166,E
142169,E
142185,E
142189,E
142201,E
142205,S
142206,S
142208,E
142217,S
142230,S
142233,S
142236,S
142242,S
142245,E
142256,S
142271,S
142281,E
142284,S
142294,E
142297,E
142298,E
142299,S
142315,S
142318,E
142326,E
142329,S
142336,S
142340,E
142343,S
142347,E
142355,S
142364,E
142366,S
142369,S
142372,E
142377,E
142378,S
142381,S
142391,S
142395,S
142403,S
142407,E
142417,E
142434,S
142441,S
142442,S
142447,E
142457,S
142459,E
142461,S
142467,S
142473,E
142475,E
142480,S
142483,E
142485,S
142488,S
142495,S
142514,E
142515,S
142524,S
142525,E
142531,S
142534,S
142540,S
142543,E
142549,S
142552,E
142557,S
142559,E
142561,E
142564,S
142571,S
142572,E
142576,E
142577,E
142585,E
142592,S
142593,S
142604,E
142607,E
142610,S
142616,E
142617,E
142630,S
142631,S
142638,E
142645,S
142646,E
142647,E
142650,E
142659,E
142661,E
142680,E
142685,E
142686,E
142688,E
142706,S
142724,S
142736,E
142738,E
142743,S
142749,S
142752,S
142757,E
142759,E
142762,E
142764,E
142770,E
142777,E
142783,S
142794,S
142802,S
142805,S
142808,S
142810,S
142811,E
142824,S
142828,S
142838,S
142841,S
142844,S
142847,E
142848,S
142852,S
142855,E
142865,E
142876,E
142884,S
142885,E
142891,E
142892,E
142897,S
142912,E
142928,E
142930,E
142931,E
142935,S
142938,E
142941,E
142943,E
142947,S
142949,E
142951,S
142952,S
142965,E
142977,S
142986,E
142988,S
142993,E
142997,E
143010,E
143019,E
143026,E
143044,E
143048,E
143050,S
143056,E
143070,E
143077,E
143078,S
143090,E
143091,E
143097,S
143098,E
143102,S
143107,S
143111,E
143118,E
143119,S
143124,S
143136,S
143137,E
143139,S
143140,S
143146,E
143149,E
143150,A
143151,S
143155,A
143164,E
143170,E
143173,S
143199,S
143200,S
143203,E
143205,E
143218,S
143222,S
143224,S
143227,S
143242,E
143249,S
143252,S
143267,E
143274,S
143275,S
143277,E
143296,E
143306,E
143312,S
143346,E
143349,S
143358,S
143370,E
143371,S
143375,S
143376,E
143377,S
143382,E
143398,S
143403,E
143407,E
143408,E
143411,S
143415,E
143417,E
143418,S
143421,S
143422,S
143425,E
143428,E
143429,E
143436,S
143442,S
143443,S
143445,E
143454,S
143455,S
143457,E
143461,S
143465,E
143467,S
143477,S
143481,E
143483,S
143489,S
143490,E
143492,E
143498,S
143499,E
143502,E
143513,E
143521,S
143531,S
143532,E
143533,S
143535,E
143554,E
143557,S
143564,S
143566,S
143567,S
143573,E
143575,S
143578,E
143585,E
143588,S
143591,S
143595,E
143599,S
143602,E
143618,E
143627,S
143637,S
143644,E
143654,E
143655,E
143663,S
143664,E
143667,E
143669,S
143673,E
143678,S
143692,S
143694,S
143695,E
143702,S
143703,S
143705,E
143708,E
143715,E
143716,S
143723,E
143730,S
143733,E
143736,S
143737,S
143738,E
143739,E
143743,S
143748,S
143777,S
143781,E
143803,E
143823,E
143854,E
143863,E
143871,S
143888,E
143889,A
143902,E
143905,S
143909,S
143916,E
143927,E
143930,S
143932,E
143935,E
143950,E
143956,S
143960,S
143961,E
143964,S
143969,E
143972,S
143979,S
143983,E
143984,E
143988,S
143989,E
143994,S
143996,E
143998,E
144004,E
144007,S
144009,S
144023,E
144026,S
144027,E
144067,E
144068,S
144079,S
144086,E
144093,E
144097,S
144099,S
144102,E
144111,E
144112,S
144117,S
144135,S
144140,E
144149,S
144153,S
144154,S
144161,S
144165,S
144171,E
144173,S
144186,S
144188,E
144195,E
144204,E
144205,E
144211,E
144221,E
144231,S
144237,S
144258,E
144262,E
144263,S
144273,E
144278,S
144287,S
144288,S
144297,E
144300,S
144307,S
144320,E
144323,S
144326,E
144328,E
144347,S
144350,S
144376,S
144384,S
144400,S
144402,S
144413,S
144420,S
144434,E
144442,S
144444,E
144451,S
144457,E
144459,E
144463,S
144480,S
144482,E
144503,E
144504,E
144517,S
144518,S
144521,E
144527,E
144531,S
144535,S
144538,S
144540,S
144545,S
144551,E
144563,E
144566,E
144569,E
144572,S
144580,E
144581,S
144582,S
144587,S
144602,S
144617,S
144637,S
144643,S
144650,E
144651,S
144656,E
144660,E
144663,E
144667,S
144668,S
144671,E
144677,E
144684,S
144697,E
144704,S
144709,S
144728,S
144729,S
144733,S
144736,E
144737,E
144751,S
144754,S
144755,S
144759,S
144773,E
144776,E
144788,S
144791,E
144797,S
144798,S
144800,S
144804,S
144811,S
144814,E
144815,S
144816,E
144830,S
144831,S
144834,S
144840,E
144845,S
144846,S
144851,S
144852,E
144853,S
144854,S
144867,E
144872,E
144873,S
144874,E
144879,S
144886,S
144896,S
144901,S
144906,E
144912,S
144913,E
144920,S
144925,E
144926,S
144929,S
144935,S
144944,S
144945,S
144961,E
144969,S
144975,E
144994,S
145000,S
145004,S
145005,S
145024,S
145026,E
145030,S
145032,E
145042,E
145047,E
145052,S
145053,S
145059,S
145072,S
145074,S
145081,S
145092,E
145097,E
145098,S
145099,S
145102,S
145107,E
145110,E
145116,S
145119,S
145123,S
145127,S
145129,E
145131,S
145142,E
145146,S
145150,E
145151,E
145152,E
145165,S
145173,S
145178,S
145183,S
145192,E
145194,S
145203,E
145210,E
145213,S
145221,S
145222,E
145223,S
145228,E
145233,S
145234,E
145235,E
145236,S
145250,E
145255,E
145264,S
145281,S
145282,S
145285,E
145286,E
145296,S
145297,S
145298,E
145299,S
145305,S
145312,S
145317,S
145322,S
145325,S
145344,E
145351,S
145355,S
145362,S
145364,E
145375,S
145388,S
145401,S
145413,S
145415,S
145417,S
145418,S
145423,S
145433,S
145440,E
145451,S
145458,S
145474,S
145484,S
145485,S
145492,E
145498,E
145501,S
145507,E
145512,S
145515,E
145530,S
145531,S
145541,E
145561,S
145571,S
145580,S
145583,S
145584,S
145598,E
145603,S
145610,E
145624,E
145629,E
145634,E
145644,S
145650,E
145661,S
145667,E
148016,E
148027,S
148028,E
148030,S
148035,S
148036,S
148040,S
148046,S
148055,S
148058,S
148062,S
148073,S
148077,E
148081,S
148083,E
148095,S
148099,S
148100,S
148110,S
148119,S
148123,S
148127,S
148128,E
148133,E
148137,E
148142,E
148145,E
148150,S
148168,S
148178,S
148181,S
148186,S
148189,S
148192,E
148196,S
148197,E
148198,S
148205,S
148208,E
148209,S
148222,S
148223,E
148234,E
148240,E
148245,E
148251,S
148252,S
148255,S
148257,S
148260,S
148264,S
148270,E
148274,E
148281,E
148297,E
148304,S
148309,S
148328,E
148344,S
148350,E
148357,S
148373,S
148378,S
148380,S
148381,S
148384,S
148386,S
148388,S
148390,E
148391,S
148396,E
148398,S
148402,S
148405,S
148406,S
148422,S
148423,S
148424,E
148425,S
148430,S
148441,E
148452,E
148454,S
148462,E
148465,S
148472,S
148481,S
148482,S
148485,E
148490,E
148496,E
148498,E
148511,S
148528,S
148532,S
148550,S
148551,E
148553,E
148563,E
148570,S
148572,S
148574,E
148578,S
148579,S
148580,E
148581,E
148598,S
148600,E
148602,E
148613,E
148630,S
148640,E
148643,S
148645,S
148647,S
148650,S
148652,E
148657,E
148670,E
148671,S
148674,E
148687,S
148689,S
148694,E
148697,S
148727,E
148728,E
148729,S
148733,S
148739,S
148751,E
148756,E
148757,S
148768,S
148769,S
148780,E
148785,E
148788,E
148790,S
148798,E
148800,S
148801,S
148805,E
148810,S
148814,S
148815,S
148820,S
148831,S
148836,E
148848,E
148851,S
148854,E
148864,E
148871,E
148874,E
148875,E
148882,E
148894,S
148895,E
148896,S
148898,E
148901,E
148909,S
148911,E
148916,E
148930,E
148944,S
148948,S
148952,S
148953,S
148956,S
148972,E
148996,S
148997,E
148999,S
149002,S
149016,E
149020,S
149028,S
149032,S
149034,S
149045,E
149046,S
149051,S
149053,E
149069,E
149078,S
149100,S
149109,S
149127,S
149131,E
149139,E
149144,S
149158,E
149160,E
149167,E
149168,E
149176,E
149185,S
149190,E
149201,S
149225,S
149227,E
149230,S
149231,S
149237,S
149239,S
149240,S
149243,S
149246,S
149250,E
149258,E
149259,E
149260,E
149264,S
149265,E
149270,E
149279,S
149280,E
149281,S
149283,S
149284,E
149285,S
149289,S
149293,E
149306,S
149310,S
149315,S
149323,E
149328,E
149336,S
149345,S
149349,S
149352,S
149361,S
149364,S
149368,S
149371,E
149376,S
149382,S
149386,S
149389,S
149411,E
149412,E
149423,E
149428,S
149437,E
149442,E
149444,E
149446,E
149447,E
149448,S
149459,S
149464,S
149480,E
149484,S
149486,S
149487,E
149496,S
149497,S
149498,S
149506,S
149508,S
149512,S
149513,E
149515,S
149519,S
149525,S
149530,E
149534,E
149544,S
149545,S
149547,E
149552,E
149559,E
149566,E
149567,E
149574,S
149581,E
149583,E
149591,E
149596,S
149607,S
149610,S
149622,S
149627,S
149629,E
149631,S
149633,E
149637,S
149640,E
149655,E
149656,S
149672,E
149685,E
149695,E
149710,S
149714,E
149715,S
149716,S
149720,S
149724,E
149739,E
149749,S
149765,E
149766,S
149772,S
149784,S
149786,S
149792,S
149797,S
149798,E
149806,S
149814,E
149818,S
149827,E
149828,S
149848,E
149850,S
149865,E
149866,S
149873,S
149883,S
149884,S
149889,S
149892,S
149893,S
149896,S
149904,E
149914,E
149915,S
149916,S
149923,S
149924,S
149934,E
149950,S
149954,S
149961,E
149962,S
149966,S
149973,E
149987,S
150005,S
150010,E
150022,S
150030,E
150033,E
150035,S
150046,S
150049,S
150052,E
150053,E
150054,S
150057,E
150063,S
150067,S
150076,S
150078,E
150091,S
150094,S
150095,S
150096,S
150103,S
150109,E
150120,S
150124,E
150128,E
150136,S
150138,E
150147,E
150148,E
150157,S
150160,E
150162,E
150170,S
150171,E
150173,E
150174,E
150175,E
150184,S
150191,S
150196,S
150197,S
150198,S
150202,S
150208,S
150215,S
150218,S
150230,S
150231,S
150241,E
150246,S
150251,E
150252,S
150253,E
150257,S
150271,S
150277,S
150286,S
150287,S
150294,S
150295,S
150304,E
150306,E
150307,E
150314,S
150317,S
150321,E
150324,E
150329,S
150332,S
150339,E
150347,E
150349,S
150360,S
150362,S
150363,E
150364,E
150365,E
150369,E
150371,S
150381,E
150384,S
150388,S
150398,E
150403,S
150406,E
150408,E
150410,S
150415,S
150428,S
150433,S
150440,S
150458,S
150466,S
150477,E
150489,E
150492,S
150507,S
150516,S
150522,E
150528,S
150531,S
150532,E
150536,E
150541,E
150548,E
150550,S
150554,E
150562,E
150572,S
150585,E
150589,S
150605,S
150609,E
150615,E
150616,E
150621,S
150629,S
150643,S
150648,E
150650,S
150652,E
150663,S
150664,S
150665,E
150667,E
150677,E
150678,S
150683,S
150693,S
150703,S
150704,E
150707,E
150710,S
150711,S
150732,E
150734,S
150739,S
150762,E
150772,S
150774,E
150777,S
150783,S
150793,E
150798,S
150799,S
150805,E
150825,E
150832,E
150839,S
150842,S
150854,E
150864,E
150869,S
150874,S
150878,S
150881,S
150882,S
150885,E
150886,E
150888,S
150892,S
150898,S
150906,E
150914,E
150925,E
150926,S
150927,S
150932,S
150942,S
150947,E
150964,E
150965,E
150969,E
150972,S
150978,E
150979,S
150985,S
150987,S
150990,S
150995,S
151005,S
151017,S
151019,S
151020,E
151026,E
151028,S
151029,S
151030,E
151050,S
151056,E
151063,E
151070,S
151079,E
151081,S
151084,S
151085,E
151091,E
151093,S
151104,S
151116,E
151120,S
151124,E
151137,S
151139,E
151140,E
151146,S
151147,S
151151,S
151153,S
151154,S
151155,S
151175,S
151181,E
151183,E
151184,E
151189,E
151190,S
151200,E
151201,S
151205,S
151208,S
151209,E
151216,E
151221,S
151224,S
151229,S
151257,S
151258,S
151264,S
151271,E
151283,E
151287,E
151297,S
151310,S
151322,E
151323,E
151324,E
151326,S
151337,E
151343,S
151354,E
151358,E
151360,S
151364,S
151368,E
151382,S
151389,E
151404,S
151409,E
151410,E
151421,S
151422,E
151426,E
151438,S
151442,S
151444,S
151446,S
151452,E
151456,S
151461,E
151466,E
151467,S
151475,E
151476,S
151480,E
151483,E
151485,S
151509,S
151511,E
151532,S
151533,E
151535,S
151536,S
151544,E
151554,S
151562,E
151564,S
151567,S
151568,E
151570,S
151575,S
151581,E
151595,E
151601,S
151607,E
151613,S
151618,E
151623,E
151627,S
151631,E
151632,S
151633,E
151640,S
151646,E
151649,E
151651,S
151666,E
151670,S
151675,E
151707,S
151710,E
151721,E
151724,S
151725,S
151729,E
151736,E
151741,S
151747,E
151749,S
151768,S
151782,S
151783,S
151784,S
151787,E
151790,E
151808,S
151821,S
151829,S
151835,S
151838,E
151840,E
151846,S
151850,S
151855,S
151865,E
151867,E
151870,S
151874,E
151878,E
151882,E
151887,S
151910,E
151918,E
151931,E
151934,S
151948,S
151949,E
151953,S
151954,E
151960,E
151961,E
151973,S
151978,S
151979,S
151991,S
151995,E
152002,S
152004,E
152010,S
152016,E
152017,E
152025,E
152031,E
152032,S
152034,S
152043,S
152046,S
152047,S
152059,S
152063,E
152074,S
152082,S
152095,S
152097,E
152098,S
152099,E
152101,E
152104,E
152108,E
152111,E
152112,E
152114,S
152122,S
152128,E
152136,E
152144,S
152149,E
152155,S
152159,E
152160,E
152165,S
152175,S
152178,S
152187,S
152206,E
152218,S
152229,E
152235,S
152239,E
152240,S
152252,S
152255,E
152267,S
152270,S
152287,E
152294,S
152295,S
152302,S
152310,E
152311,S
152319,E
152324,E
152329,S
152343,S
152351,S
152353,E
152354,S
152361,S
152403,S
152417,E
152419,E
152427,E
152431,E
152434,E
152448,E
152450,S
152457,S
152460,S
152462,S
152473,S
152475,S
152476,E
152478,S
152484,S
152489,S
152498,E
152503,E
152504,E
152506,S
152516,S
152519,E
152532,S
152535,S
152558,E
152561,S
152568,E
152579,E
152580,E
152586,S
152592,S
152593,E
152597,S
152601,S
152602,S
152604,S
152605,S
152613,E
152615,E
152618,E
152622,S
152628,E
152634,S
152637,S
152640,E
152644,E
152665,S
152666,S
152667,E
152669,S
152672,S
152673,S
152684,S
152688,S
152689,S
152691,S
152692,E
152693,S
152697,S
152698,E
152703,E
152704,S
152715,S
152725,E
152736,S
152737,E
152739,S
152741,S
152742,S
152745,S
152749,E
152751,S
152756,S
152766,E
152769,S
152775,E
152780,E
152792,E
152810,S
152812,S
152825,S
152863,E
152864,S
152882,S
152883,E
152888,S
152891,E
152918,E
152925,E
152928,S
152933,S
152938,E
152943,S
152944,E
152955,E
152960,S
152962,E
152963,S
152967,S
152973,S
152977,S
152983,S
152988,E
152990,S
153000,S
153001,E
153003,S
153014,S
153017,S
153018,S
153019,E
153023,S
153034,S
153044,E
153045,E
153047,E
153063,S
153073,S
153077,S
153080,E
153083,S
153087,S
153099,E
153117,E
153121,S
153122,S
153132,S
153134,S
153138,S
153149,S
153153,E
153154,E
153167,E
153182,S
153185,E
153186,S
153195,E
153203,S
153216,S
153225,S
153226,S
153243,S
153248,S
153256,S
153257,S
153264,S
153274,S
153295,E
153307,S
153311,E
153313,E
153315,E
153316,S
153322,S
153325,S
153326,E
153332,E
153337,E
153338,E
153348,S
153349,E
153359,E
153363,S
153370,S
153372,S
153373,E
153378,S
153379,S
153385,S
153394,S
153396,S
153398,S
153406,E
153412,S
153413,S
153419,S
153426,S
153427,S
153453,S
153461,S
153464,E
153488,E
153489,S
153494,S
153505,S
153508,E
153511,E
153520,S
153524,S
153539,S
153548,E
153549,E
153554,E
153563,E
153565,S
153574,S
153583,E
153597,S
153606,E
153612,S
153615,S
153628,S
153630,E
153635,S
153646,S
153647,E
153649,S
153653,S
153659,E
153667,E
153668,S
153669,E
153686,S
153695,E
153700,S
153701,S
153703,E
153704,E
153712,S
153719,S
153726,S
153736,S
153743,E
153765,E
153772,S
153775,S
153777,S
153788,E
153791,E
153798,S
153802,S
153804,E
153819,S
153833,S
153835,S
153836,E
153847,S
153857,S
153860,S
153875,S
153877,E
153878,E
153884,S
153891,S
153897,S
153898,E
153906,E
153912,S
153919,E
153935,S
153942,S
153945,E
153946,S
153950,E
153954,E
153956,S
153957,S
153964,E
153971,S
153973,E
153974,S
153976,E
153977,E
153978,S
153984,S
153992,S
153996,E
153997,E
154000,S
154005,S
154021,E
154033,S
154045,E
154050,E
154072,S
154077,E
154083,E
154084,S
154091,E
154094,S
154098,S
154100,E
154105,S
154108,S
154109,S
154118,E
154119,E
154120,S
154122,S
154130,S
154139,S
154141,S
154144,S
154150,S
154151,E
154160,S
154161,S
154169,E
154172,S
154174,S
154175,S
154178,S
154180,E
154183,S
154193,E
154200,S
154208,S
154213,E
154217,E
154230,E
154235,E
154248,E
154257,S
154261,S
154264,E
154270,S
154286,S
154291,E
154293,E
154301,S
154307,E
154315,S
154319,S
154323,S
154365,E
154372,S
154378,S
154391,E
154392,E
154406,S
154408,S
154418,S
154420,E
154425,S
154432,S
154436,E
154452,S
154453,S
154457,S
154464,E
154472,S
154477,S
154482,S
154483,S
154487,E
154488,S
154505,E
154508,S
154516,S
154524,S
154525,S
154527,S
154528,S
154544,E
154551,S
154557,E
154560,S
154561,E
154585,S
154594,E
154605,S
154611,S
154624,S
154630,S
154632,E
154640,E
154648,S
154651,S
154659,S
154661,E
154667,S
154668,S
154676,S
154677,S
154679,E
154682,S
154686,S
154687,E
154688,S
154697,S
154713,S
154719,E
154720,S
154721,E
154722,E
154736,S
154738,S
154740,S
154746,E
154751,E
154752,S
154754,S
154755,E
154758,E
154760,E
154763,S
154765,E
154767,E
154769,E
154775,E
154780,S
154781,E
154782,S
154790,S
154796,S
154797,E
154805,S
154808,E
154813,S
154815,E
154816,E
154820,S
154836,S
154838,S
154852,E
154858,E
154860,E
154875,E
154884,E
154886,S
154901,E
154903,E
154907,E
154910,S
154911,E
154941,E
154948,E
154955,S
154961,E
154966,S
154969,E
154976,E
154989,S
154991,E
155014,S
155015,S
155018,E
155020,S
155022,S
155025,E
155031,E
155038,S
155043,S
155045,S
155047,S
155050,S
155054,S
155058,S
155059,S
155060,E
155072,S
155077,E
155082,S
155086,E
155093,E
155094,E
155099,S
155130,S
155140,E
155146,S
155154,E
155158,S
155159,S
155178,E
155185,E
155186,E
155192,S
155200,E
155214,S
155223,S
155235,E
155239,E
155243,E
155246,E
155257,S
155260,E
155271,E
155279,E
155283,E
155291,S
155306,E
155308,E
155316,S
155318,S
155319,E
155321,S
155328,E
155333,S
155340,S
155344,E
155346,S
155351,S
155357,E
155358,S
155362,S
155370,S
155374,E
155375,S
155385,E
155387,S
155390,S
155406,S
155407,S
155409,S
155417,S
155419,S
155420,S
155435,S
155441,E
155442,S
155446,S
155450,S
155453,S
155458,S
155462,E
155465,S
155468,S
155469,E
155471,S
155472,S
155478,S
155480,E
155491,S
155494,E
155506,E
155513,S
155517,E
155534,S
155537,E
155540,E
155546,E
155549,S
155550,E
155552,E
155554,E
155555,E
155556,E
155559,S
155566,E
155579,E
155586,E
155590,E
155591,E
155614,S
155617,S
155620,E
155621,E
155622,E
155628,E
155631,E
155633,S
155635,E
155636,E
155641,S
155643,E
155644,E
155646,E
155650,E
155654,S
155663,E
155674,E
155679,E
155692,S
155712,S
155716,S
155721,E
155728,S
155738,S
155739,S
155743,S
155748,E
155751,S
155758,E
155760,E
155763,S
155767,E
155769,S
155775,S
155786,S
155787,E
155793,S
155794,E
155797,S
155798,S
155816,E
155817,S
155822,S
155828,E
155836,S
155839,S
155841,E
155846,E
155850,S
155856,E
155860,S
155863,S
155866,S
155872,S
155874,E
155876,S
155881,S
155882,S
155883,S
155888,S
155890,S
155895,S
155913,E
155915,E
155923,E
155929,S
155932,S
155935,E
155940,E
155958,S
155959,S
155964,E
155971,S
155974,S
155976,S
155981,S
155982,E
155985,S
155990,S
155992,S
155993,E
156006,S
156012,S
156016,S
156021,E
156026,E
156027,S
156040,S
156042,E
156057,E
156061,S
156065,S
156068,S
156070,E
156079,E
156084,S
156087,S
156090,S
156092,S
156094,S
156097,E
156108,S
156118,S
156122,E
156149,A
156155,E
156163,S
156165,S
156166,S
156177,S
156189,E
156216,S
156217,S
156225,S
156231,E
156232,E
156239,S
156240,S
156256,S
156259,E
156269,E
156276,S
156280,E
156297,S
156313,S
156319,S
156321,S
156332,S
156342,E
156347,S
156360,E
156362,S
156365,E
156371,E
156378,S
156381,S
156382,E
156387,S
156403,S
156411,S
156412,E
156432,S
156436,S
156447,S
156448,E
156454,S
156455,S
156456,S
156461,S
156464,S
156467,E
156470,S
156480,S
156483,E
156484,S
156501,S
156513,S
156518,S
156519,S
156523,E
156524,S
156526,S
156530,E
156534,E
156536,E
156572,E
156582,E
156593,E
156594,E
156599,E
156631,S
156634,S
156639,S
156643,E
156651,E
156657,E
156664,S
156668,S
156670,S
156680,S
156683,S
156686,E
156707,S
156712,E
156714,S
156718,S
156723,S
156729,S
156734,S
156736,E
156737,E
156738,E
156743,E
156750,E
156761,S
156771,E
156773,S
156779,E
156780,S
156782,E
156788,S
156789,S
156795,E
156796,S
156799,S
156801,S
156808,E
156821,S
156823,E
156828,S
156832,E
156833,S
156849,S
156858,S
156861,S
156864,S
156865,S
156866,S
156872,E
156878,E
156886,S
156897,S
156899,S
156915,E
156916,S
156919,S
156923,S
156925,S
156930,E
156932,S
156933,S
156942,E
156955,E
156958,S
156959,S
156961,S
156962,S
156963,S
156971,E
156973,E
156982,S
156992,E
156994,E
156995,E
156997,S
157001,S
157002,E
157009,S
157013,S
157024,S
157028,E
157029,S
157031,S
157045,S
157060,E
157064,E
157071,E
157075,E
157081,S
157085,S
157086,S
157091,S
157092,E
157094,E
157106,E
157108,E
157114,S
157122,S
157128,S
157134,S
157136,S
157141,E
157142,S
157143,S
157145,S
157146,S
157159,S
157161,S
157169,S
157174,S
157181,E
157190,S
157193,S
157195,E
157198,S
157200,E
157216,E
157220,S
157223,S
157224,S
157248,E
157249,S
157251,S
157252,E
157257,E
157261,E
157272,E
157273,S
157290,S
157291,S
157299,S
157318,S
157322,E
157323,E
157343,S
157352,S
157365,S
157366,S
157377,S
157379,S
157383,E
157388,S
157389,E
157400,E
157416,S
157418,S
157421,S
157427,S
157429,S
157436,E
157438,S
157443,S
157446,E
157448,S
157456,E
157458,S
157459,S
157461,E
157463,E
157464,E
157466,E
157468,E
157470,E
157474,S
157481,E
157482,S
157500,E
157505,E
157513,E
157514,S
157520,S
157526,S
157532,S
157541,E
157542,E
157549,E
157555,E
157559,S
157582,S
157585,S
157597,E
157598,S
157599,S
157603,S
157606,E
157608,S
157612,S
157615,S
157616,S
157621,S
157626,S
157629,E
157634,E
157635,E
157647,E
157650,E
157661,S
157668,S
157678,E
157681,S
157686,E
157692,E
157698,S
157704,S
157707,S
157709,S
157733,E
157752,E
157755,E
157756,S
157758,E
157766,E
157771,E
157777,E
157782,S
157799,S
157810,E
157826,E
157833,E
157840,S
157846,S
157852,S
157857,S
157870,S
157875,S
157879,S
157881,S
157895,E
157902,S
157909,S
157912,S
157913,S
157915,S
157923,S
157927,S
157935,E
157944,S
157946,E
157955,E
157964,E
157968,S
157985,E
157997,E
158007,E
158008,S
158013,S
158014,S
158015,S
158028,E
158032,E
158033,S
158042,S
158047,E
158051,S
158053,E
158054,S
158062,S
158063,S
158064,S
158067,S
158086,S
158095,E
158107,E
158111,E
158128,S
158138,E
158140,E
158160,E
158176,E
158177,E
158182,E
158184,S
158189,E
158191,S
158196,E
158220,E
158227,S
158228,S
158229,S
158239,E
158240,S
158245,S
158246,S
158253,E
158254,S
158261,S
158263,S
158277,S
158282,E
158290,E
158297,S
158306,S
158309,S
158313,E
158317,E
158322,E
158323,S
158338,S
158339,E
158340,S
158348,E
158349,S
158351,E
158359,E
158368,E
158371,E
158380,E
158381,E
158385,E
158388,E
158400,E
158402,E
158405,E
158419,E
158447,S
158454,S
158464,S
158476,E
158480,E
158484,S
158492,E
158510,S
158517,S
158520,S
158522,S
158538,E
158540,S
158543,E
158546,E
158554,E
158555,E
158569,E
158570,E
158573,S
158576,S
158577,E
158582,S
158584,E
158586,E
158591,E
158603,E
158605,E
158607,S
158612,E
158613,S
158614,E
158623,S
158629,S
158640,E
158649,S
158659,S
158666,S
158676,S
158684,S
158689,E
158695,S
158703,S
158714,S
158715,E
158724,S
158729,S
158730,E
158752,E
158764,S
158783,S
158784,S
158788,E
158793,E
158800,E
158801,E
158803,S
158809,S
158819,S
158820,S
158823,E
158830,S
158835,S
158837,E
158851,E
158854,E
158860,E
158863,S
158868,E
158870,E
158871,E
158879,S
158890,S
158903,S
158904,S
158913,S
158915,S
158919,S
158923,S
158940,S
158947,S
158950,E
158955,S
158968,S
158980,S
158986,S
158987,S
158989,S
158991,S
158992,S
158998,S
159007,S
159013,E
159024,S
159029,E
159030,E
159033,E
159050,E
159058,E
159061,E
159064,E
159072,S
159088,E
159089,E
159096,E
159107,S
159110,S
159113,S
159116,S
159117,E
159125,E
159129,S
159144,E
159146,E
159149,S
159169,E
159183,S
159184,E
159185,S
159200,E
159202,E
159203,S
159210,E
159213,E
159218,S
159219,S
159221,S
159229,E
159236,E
159242,S
159250,E
159251,S
159270,E
159271,S
159277,E
159282,S
159289,S
159307,E
159311,S
159313,E
159316,S
159325,S
159328,S
159330,S
159340,E
159353,E
159361,E
159363,E
159382,S
159386,S
159393,S
159401,S
159405,E
159408,S
159424,S
159440,S
159443,E
159445,E
159451,S
159478,S
159497,S
159502,S
159503,E
159507,S
159515,S
159545,E
159558,E
159560,S
159565,S
159570,E
159573,E
159575,S
159579,S
159580,S
159581,S
159594,S
159605,S
159611,E
159619,E
159625,S
159627,E
159651,E
159665,E
159671,S
159686,E
159690,S
159709,S
159717,S
159721,S
159723,S
159730,S
159732,E
159736,S
159742,S
159743,S
159744,E
159756,E
159757,S
159770,S
159781,E
159782,E
159784,S
159785,E
159803,E
159807,S
159809,E
159811,S
159832,E
159837,S
159841,S
159852,E
159869,E
159878,E
159881,E
159882,E
159884,E
159892,S
159895,E
159907,E
159913,S
159914,S
159916,E
159917,E
159919,S
159920,E
159924,S
159931,E
159935,E
159941,E
159945,S
159946,S
159947,E
159957,S
159970,E
159971,E
159974,E
159976,S
159978,S
159982,S
160006,E
160010,E
160016,S
160019,S
160027,E
160036,S
160043,S
160044,E
160045,S
160050,S
160060,S
160061,E
160062,E
160068,E
160069,S
160070,E
160077,E
160080,E
160082,E
160098,S
160111,S
160125,S
160129,S
160143,S
160158,S
160159,S
160167,E
160174,S
160181,S
160187,S
160188,S
160199,E
160206,S
160231,S
160235,S
160236,S
160240,E
160243,E
160249,S
160251,E
160257,S
160271,E
160273,E
160279,S
160287,E
160291,S
160295,E
160298,E
160301,E
160303,E
160321,E
160324,S
160326,S
160332,S
160342,S
160345,E
160348,E
160361,E
160368,E
160373,S
160378,S
160380,S
160385,S
160388,E
160392,S
160398,S
160416,S
160417,S
160419,S
160421,S
160429,S
160433,S
160458,S
160463,S
160470,E
160478,E
160480,S
160484,E
160507,S
160512,S
160541,S
160542,E
160544,S
160548,S
160550,E
160557,E
160593,E
160602,S
160607,S
160609,E
160614,E
160619,E
160620,S
160638,S
160640,E
160642,E
160655,S
160675,S
160677,E
160680,E
160683,S
160686,S
160692,E
160705,E
160707,E
160709,S
160712,S
160724,E
160731,S
160738,S
160741,S
160742,S
160764,S
160789,E
160798,S
160801,S
160804,E
160818,E
160821,S
160842,S
160849,E
160851,E
160852,E
160869,S
160873,S
160876,S
160881,S
160882,S
160897,E
160898,E
160901,E
160904,S
160922,E
160926,S
160938,S
160939,S
160943,S
160952,E
160958,S
160964,S
160967,E
160971,S
160972,S
160974,S
160983,S
160984,S
160986,E
160992,E
160993,S
161003,S
161007,S
161013,S
161014,S
161018,S
161030,S
161035,S
161041,E
161057,S
161061,S
161065,E
161069,E
161071,E
161080,E
161086,S
161088,E
161096,S
161098,S
161099,S
161100,S
161106,S
161109,E
161110,E
161111,E
161114,E
161116,S
161122,S
161123,E
161139,S
161155,S
161162,S
161164,S
161168,E
161171,E
161185,S
161186,E
161187,S
161203,E
161205,S
161211,E
161215,S
161217,S
161218,E
161220,S
161231,E
161235,S
161236,E
161254,S
161265,S
161268,E
161271,S
161275,S
161279,S
161281,E
161286,S
161291,E
161292,S
161303,S
161310,S
161324,E
161338,S
161346,S
161348,S
161350,S
161362,S
161364,S
161366,S
161376,E
161377,E
161390,S
161397,S
161399,S
161402,S
161403,S
161420,S
161430,S
161441,E
161442,S
161448,S
161450,S
161462,S
161467,E
161469,S
161470,S
161478,S
161498,S
161502,S
161511,S
161517,E
161519,S
161525,S
161539,E
161540,S
161543,S
161544,S
161548,E
161554,E
161566,S
161567,E
161583,E
161589,E
161591,E
161600,E
161608,E
161610,E
161614,S
161624,S
161641,E
161644,S
161651,S
161661,S
161670,S
161672,E
161678,S
161681,S
161683,S
161686,S
161694,E
161695,S
161699,S
161710,E
161711,E
161713,E
161718,E
161719,E
161725,S
161729,S
161732,S
161743,S
161748,S
161754,E
161762,E
161766,S
161778,S
161779,S
161789,S
161805,E
161814,S
161826,S
161829,E
161830,S
161834,S
161838,S
161842,S
161851,E
161852,S
161859,E
161882,E
161885,S
161887,S
161899,S
161903,S
161913,S
161921,E
161930,E
161931,S
161932,E
161934,S
161945,S
161955,S
161957,S
161958,E
161962,E
161971,E
161972,E
161981,S
161992,S
161999,E
162001,S
162007,S
162012,E
162013,E
162015,S
162020,S
162036,S
162040,E
162047,S
162049,S
162059,E
162062,S
162063,S
162066,S
162067,E
162080,S
162087,S
162092,E
162094,E
162096,S
162106,S
162108,E
162113,S
162121,S
162124,A
162136,E
162138,E
162140,S
162143,S
162148,S
162153,E
162167,S
162178,S
162186,S
162188,S
162191,S
162193,E
162194,S
162200,S
162202,S
162203,E
162218,S
162225,S
162240,E
162246,S
162254,S
162258,S
162265,S
162268,S
162273,E
162279,S
162286,S
162289,E
162293,S
162299,S
162300,S
162311,E
162322,S
162324,S
162338,S
162348,S
162355,E
162356,S
162360,S
162366,S
162375,S
162377,S
162384,S
162386,S
162391,S
162395,S
162402,E
162404,E
162413,S
162425,S
162432,E
162436,E
162468,S
162469,S
162475,S
162528,E
162530,S
162538,S
162540,S
162569,S
162577,E
162588,E
162595,E
162598,S
162599,S
162606,S
162620,E
162623,S
162631,E
162632,S
162633,E
162636,S
162645,S
162650,E
162659,S
162667,S
162669,E
162671,S
162674,S
162682,E
162683,S
162684,S
162685,E
162689,S
162693,E
162703,E
162705,E
162715,E
162721,E
162728,E
162730,S
162733,S
162735,S
162746,E
162747,S
162749,S
162752,S
162761,S
162764,S
162767,E
162777,E
162779,E
162783,E
162789,E
162790,S
162796,E
162797,E
162802,S
162803,S
162814,S
162815,S
162820,E
162822,S
162837,S
162852,S
162861,S
162866,S
162873,S
162875,E
162879,E
162890,S
162892,S
162900,E
162908,S
162914,S
162917,S
162922,S
162928,E
162931,S
162949,E
162954,S
162965,S
162970,E
162974,E
162976,E
162978,S
162991,S
162999,S
163002,S
163016,E
163023,E
163025,E
163026,S
163027,E
163028,E
163032,S
163040,S
163041,E
163070,E
163073,E
163084,S
163088,S
163089,S
163094,E
163100,S
163110,E
163111,E
163117,S
163121,E
163128,S
163132,E
163142,E
163145,S
163146,E
163148,E
163154,S
163157,E
163160,S
163161,E
163162,S
163167,E
163185,E
163192,E
163205,S
163228,S
163232,E
163234,E
163238,E
163242,E
163244,E
163248,E
163249,E
163270,E
163273,S
163276,S
163278,S
163282,E
163284,S
163295,S
163303,E
163306,S
163311,S
163312,S
163313,E
163321,A
163337,E
163341,S
163344,S
163364,E
163368,E
163370,S
163382,S
163383,S
163386,E
163397,S
163406,S
163417,S
163418,S
163419,S
163422,S
163423,S
163440,E
163445,S
163446,S
163465,S
163469,S
163470,E
163477,S
163498,S
163503,S
163504,S
163510,S
163511,E
163514,E
163520,S
163521,S
163527,S
163528,S
163533,S
163534,S
163538,S
163543,E
163555,S
163556,S
163565,S
163593,S
163605,S
163607,E
163608,S
163609,S
163615,E
163617,S
163618,E
163626,E
163632,S
163637,E
163641,E
163646,E
163647,S
163657,S
163667,S
163675,S
163681,E
163685,S
163692,E
163694,E
163699,E
163714,S
163719,S
163723,S
163726,S
163742,E
163743,E
163745,E
163747,S
163754,S
163766,S
163771,S
163785,E
163796,E
163800,S
163807,S
163809,E
163811,S
163819,E
163821,S
163826,S
163835,E
163836,S
163853,S
163857,S
163858,E
163860,S
163864,S
163869,S
163885,S
163898,S
163909,S
163916,E
163918,S
163925,E
163926,E
163929,S
163934,S
163935,S
163941,E
163950,S
163959,E
163973,S
163975,E
163992,S
164000,S
164004,S
164011,E
164013,S
164014,E
164017,S
164036,S
164046,E
164050,S
164053,S
164059,S
164061,S
164062,S
164067,S
164070,S
164074,S
164081,E
164082,S
164083,E
164085,S
164086,E
164087,E
164098,S
164105,E
164112,S
164119,S
164131,S
164159,S
164160,S
164163,S
164167,E
164168,S
164171,S
164174,S
164176,E
164179,E
164180,E
164189,S
164190,S
164205,S
164226,E
164228,S
164232,S
164240,S
164243,S
164251,S
164255,S
164261,S
164265,S
164271,E
164272,E
164278,S
164288,E
164296,E
164301,S
164305,E
164307,E
164308,E
164314,E
164320,E
164327,S
164331,E
164333,E
164336,S
164337,S
164345,E
164352,E
164355,S
164358,S
164366,S
164367,E
164377,E
164379,S
164383,S
164389,S
164390,S
164391,E
164392,S
164393,E
164397,E
164401,S
164409,E
164412,E
164423,S
164441,S
164445,S
164451,E
164463,S
164470,S
164471,S
164473,E
164481,S
164513,E
164514,S
164522,E
164536,E
164538,S
164543,S
164544,S
164545,S
164546,S
164555,S
164558,E
164559,S
164564,E
164568,E
164570,E
164574,S
164578,E
164593,S
164602,S
164607,E
164611,E
164622,S
164629,S
164641,S
164646,S
164654,S
164657,S
164662,S
164664,S
164667,S
164670,S
164683,S
164688,S
164693,S
164698,E
164709,E
164732,E
164743,S
164744,E
164748,E
164754,S
164769,S
164773,E
164774,S
164777,S
164780,S
164790,S
164791,S
164795,S
164796,E
164799,E
164808,S
164814,A
164817,S
164823,E
164824,S
164837,S
164840,S
164841,S
164842,S
164843,E
164854,E
164855,E
164861,S
164867,S
164879,S
164883,E
164890,E
164905,S
164936,S
164941,S
164942,E
164948,S
164949,S
164952,S
164954,S
164964,S
164968,S
164969,S
164970,E
164976,E
164988,E
164993,E
164997,S
164998,S
165016,S
165020,S
165026,E
165038,E
165057,S
165061,S
165067,S
165084,S
165087,S
165091,S
165092,S
165095,S
165103,S
165105,S
165106,S
165114,S
165122,E
165129,E
165131,E
165139,E
165141,E
165148,S
165154,S
165171,E
165179,S
165205,S
165206,S
165210,E
165212,S
165216,E
165229,E
165231,E
165237,E
165247,S
165255,E
165258,S
165259,S
165260,S
165262,S
165267,S
165270,S
165278,E
165289,S
165290,S
165299,S
165305,S
165309,S
165313,S
165315,S
165325,S
165339,S
165341,E
165346,S
165349,S
165357,E
165361,S
165365,S
165368,E
165374,E
165378,S
165385,E
165390,S
165398,S
165399,E
165400,S
165401,E
165408,E
165414,S
165422,E
165446,E
165447,S
165449,S
165458,S
165460,E
165464,S
165466,S
165477,S
165491,E
165492,E
165494,S
165501,E
165505,E
165525,S
165530,E
165532,S
165541,S
165545,E
165547,S
165558,E
165563,S
165566,E
165573,S
165580,S
165581,S
165588,S
165601,S
165607,E
165616,E
165622,S
165623,S
165630,E
165638,E
165645,E
165656,E
165658,S
165665,S
165666,E
165681,E
165684,E
165685,S
165686,E
165694,E
165696,S
165697,S
165709,S
165717,E
165720,S
165722,S
165726,S
165731,S
165735,S
165737,E
165765,E
165767,S
165775,S
165777,S
165789,E
165803,E
165804,S
165808,S
165811,S
165823,E
165824,S
165833,S
165850,S
165852,E
165867,S
165883,S
165891,E
165892,S
165907,S
165917,E
165922,S
165926,S
165930,S
165944,E
165947,E
165962,E
165967,E
165973,E
165974,S
165980,S
165982,S
165984,S
165994,S
165999,S
166000,S
166002,S
166004,S
166012,S
166016,S
166019,E
166032,S
166034,E
166036,E
166038,S
166048,S
166059,E
166061,S
166066,S
166067,S
166071,S
166079,S
166080,S
166085,E
166087,E
166108,E
166111,S
166114,S
166116,S
166118,E
166120,S
166121,S
166126,S
166145,E
166149,E
166151,S
166158,S
166173,S
166182,E
166188,S
166193,E
166196,E
166201,S
166217,E
166223,E
166227,E
166228,E
166230,E
166231,S
166233,E
166238,S
166239,S
166247,S
166253,S
166258,S
166286,S
166291,S
166294,E
166298,E
166300,S
166304,S
166305,S
166310,E
166317,S
166319,E
166320,S
166323,S
166334,E
166340,E
166342,E
166349,E
166366,E
166371,S
166373,S
166374,E
166384,S
166391,E
166392,S
166393,S
166394,S
166401,S
166408,E
166410,E
166418,E
166428,S
166439,E
166440,S
166442,S
166448,S
166465,E
166470,S
166476,S
166478,S
166487,S
166488,S
166489,E
166490,S
166506,S
166511,S
166512,S
166514,S
166516,S
166528,S
166532,S
166541,E
166554,S
166569,E
166577,S
166579,S
166586,E
166591,S
166593,S
166597,E
166637,S
166650,S
166660,S
166664,E
166665,S
166677,S
166681,S
166695,S
166704,S
166708,S
166716,E
166720,E
166721,E
166725,E
166730,E
166746,S
166751,E
166772,E
166805,E
166820,E
166822,S
166825,S
166833,S
166835,E
166840,E
166852,S
166855,S
166864,S
166874,S
166881,S
166883,S
166885,S
166886,S
166887,S
166888,E
166891,E
166901,E
166904,S
166908,E
166921,S
166950,S
166951,E
166957,S
166971,S
166974,S
166981,S
166984,S
166994,S
167006,E
167008,E
167013,E
167016,S
167018,S
167037,S
167041,S
167042,E
167044,S
167057,S
167065,E
167066,S
167070,S
167078,E
167081,S
167085,S
167090,S
167106,S
167111,E
167138,E
167171,S
167186,S
167189,E
167190,E
167195,E
167213,S
167219,S
167220,E
167230,E
167233,S
167235,S
167243,S
167253,S
167264,S
167269,S
167293,S
167296,S
167301,S
167308,S
167315,S
167319,E
167346,E
167353,E
167355,E
167357,S
167358,E
167360,S
167379,S
167384,S
167386,E
167388,E
167390,S
167402,E
167409,E
167415,E
167425,S
167427,S
167433,E
167434,S
167436,S
167438,S
167458,E
167470,E
167471,E
167478,S
167483,S
167485,E
167491,S
167493,S
167496,E
167499,E
167502,S
167508,E
167515,S
167523,S
167527,E
167543,S
167546,E
167555,S
167560,S
167566,E
167569,S
167579,S
167581,E
167582,E
167583,E
167593,S
167595,S
167607,S
167609,E
167622,S
167631,S
167642,S
167646,S
167648,S
167652,S
167665,E
167666,S
167667,S
167671,E
167673,S
167691,S
167694,S
167695,S
167702,S
167705,S
167706,S
167707,S
167714,S
167722,E
167723,S
167754,S
167759,S
167773,E
167781,S
167785,E
167786,S
167787,E
167798,E
167807,E
167823,S
167824,S
167827,S
167832,S
167837,E
167838,E
167855,S
167857,S
167858,E
167859,E
167868,S
167871,S
167876,E
167885,E
167887,E
167897,E
167923,E
167925,E
167926,E
167931,S
167934,S
167947,E
167950,S
167952,S
167960,S
167977,S
167979,E
167980,S
167981,S
167986,S
167988,S
167989,S
167992,S
168007,S
168020,E
168023,S
168025,S
168027,S
168028,E
168030,E
168033,S
168039,S
168042,S
168046,S
168055,S
168060,S
168067,E
168068,S
168069,S
168072,S
168076,E
168083,E
168086,S
168096,E
168098,S
168103,E
168108,E
168111,E
168114,E
168115,S
168121,S
168122,E
168123,S
168124,E
168131,E
168138,E
168160,S
168167,S
168180,S
168183,E
168190,E
168196,S
168216,E
168222,E
168224,S
168229,S
168232,E
168236,S
168238,S
168239,E
168251,S
168255,E
168256,E
168259,E
168269,S
168273,S
168290,E
168294,E
168296,S
168297,E
168305,S
168310,E
168321,E
168324,S
168339,S
168341,S
168354,S
168355,E
168362,E
168374,E
168381,S
168389,S
168395,S
168396,E
168397,E
168402,S
168403,S
168409,S
168413,S
168421,S
168428,S
168429,S
168433,S
168458,S
168460,E
168468,S
168470,E
168471,E
168474,E
168478,S
168490,E
168506,E
168508,E
168511,S
168516,E
168522,S
168524,S
168527,S
168528,E
168530,S
168531,E
168535,S
168539,S
168542,E
168544,E
168548,S
168555,S
168556,E
168561,S
168573,S
168578,E
168598,S
168618,E
168625,E
168637,S
168639,S
168644,E
168662,S
168665,E
168684,E
168687,E
168709,S
168716,E
168722,S
168726,S
168731,S
168737,S
168752,S
168755,E
168761,S
168766,S
168773,S
168776,E
168778,E
168784,S
168794,S
168797,S
168802,S
168813,S
168815,S
168830,E
168835,S
168842,S
168850,S
168856,S
168859,E
168864,S
168886,E
168887,E
168888,S
168890,E
168892,E
168897,E
168899,S
168910,E
168912,S
168916,E
168917,S
168928,E
168929,S
168939,S
168940,S
168941,S
168959,S
168961,E
168965,E
168970,E
168972,S
168980,S
168984,E
168985,E
168994,S
169013,E
169015,E
169022,E
169027,S
169028,E
169030,S
169037,E
169040,S
169042,S
169045,S
169049,E
169061,S
169062,E
169066,S
169068,E
169070,S
169087,S
169092,S
169094,S
169102,S
169104,E
169146,S
169149,S
169153,E
169169,E
169178,E
169189,E
169194,S
169200,S
169205,S
169211,E
169214,S
169222,S
169231,E
169245,S
169250,S
169259,S
169260,S
169266,E
169275,S
169277,S
169278,E
169286,E
169288,S
169294,E
169295,E
169322,E
169323,E
169332,S
169344,E
169350,E
169365,E
169371,S
169374,E
169376,S
169382,E
169386,E
169388,E
169394,A
169402,S
169404,E
169406,E
169408,S
169409,S
169411,E
169414,S
169426,S
169427,E
169442,E
169444,S
169462,S
169477,E
169482,S
169492,E
169502,S
169519,S
169523,E
169528,S
169533,S
169537,E
169545,S
169552,E
169561,E
169562,E
169563,S
169581,E
169602,E
169603,S
169604,S
169607,E
169608,S
169609,E
169616,S
169634,E
169646,E
169650,E
169668,E
169672,E
169673,S
169674,S
169678,S
169679,E
169686,S
169692,S
169694,S
169701,S
169703,S
169714,E
169730,S
169731,E
169732,E
169739,S
169746,S
169747,S
169749,E
169761,E
169773,S
169790,E
169799,S
169800,S
169804,S
169812,E
169813,S
169823,S
169827,E
169828,E
169829,E
169832,E
169838,S
169842,S
169846,E
169852,E
169859,S
169869,E
169878,E
169880,E
169886,S
169889,E
169892,E
169894,S
169896,E
169897,S
169899,S
169900,E
169901,E
169906,S
169907,S
169915,S
169920,S
169921,E
169924,E
169925,E
169930,E
169932,S
169936,E
169938,E
169954,S
169957,S
169961,S
169962,S
169966,E
169971,S
169972,E
169973,S
169975,E
169977,S
169982,E
169992,S
169994,S
169999,S
170000,S
170002,S
170006,S
170022,E
170030,S
170033,S
170041,E
170046,E
170050,S
170051,E
170053,S
170057,E
170059,E
170077,E
170086,S
170095,S
170100,E
170106,S
170107,E
170111,S
170116,S
170118,E
170127,S
170133,S
170135,E
170137,E
170147,S
170154,S
170158,S
170165,E
170184,E
170189,E
170199,E
170207,S
170222,S
170225,S
170235,S
170244,S
170245,E
170247,E
170251,S
170254,E
170259,E
170270,S
170278,S
170284,S
170297,E
170299,S
170302,S
170312,E
170313,S
170316,S
170323,E
170325,E
170334,S
170360,S
170362,S
170370,E
170374,E
170391,S
170392,S
170397,S
170407,S
170411,S
170414,S
170417,E
170424,E
170433,S
170438,S
170442,S
170444,S
170454,S
170468,A
170471,S
170474,S
170484,S
170490,E
170493,S
170497,E
170506,S
170513,S
170522,E
170535,S
170538,S
170541,E
170545,E
170551,E
170560,S
170567,E
170577,S
170581,E
170582,S
170602,S
170603,S
170610,E
170614,E
170621,E
170636,E
170638,S
170645,E
170653,E
170657,S
170662,S
170668,S
170669,S
170678,S
170682,S
170683,E
170689,S
170693,S
170698,S
170703,E
170704,S
170708,S
170722,S
170730,E
170742,E
170750,S
170753,S
170779,E
170782,E
170792,S
170800,E
170806,S
170812,E
170830,E
170837,S
170842,E
170854,S
170864,S
170865,S
170868,S
170874,E
170878,S
170885,S
170887,E
170894,E
170905,E
170907,S
170925,S
170934,S
170936,S
170942,E
170955,S
170972,E
170973,E
170974,S
170976,S
170984,S
170991,E
171011,S
171013,S
171019,S
171020,E
171025,E
171038,S
171041,S
171047,E
171049,S
171055,S
171064,S
171075,E
171087,S
171093,E
171100,S
171111,S
171119,E
171133,S
171137,S
171159,S
171161,E
171167,E
171184,E
171191,E
171195,S
171212,A
171213,S
171227,E
171236,S
171244,S
171245,S
171261,S
171262,E
171266,S
171274,S
171275,S
171278,S
171287,E
171288,E
171290,S
171293,E
171297,S
171298,E
171303,S
171304,S
171305,S
171306,S
171307,E
171309,E
171311,S
171314,S
171325,S
171336,E
171337,S
171338,S
171340,E
171352,S
171357,S
171360,S
171361,S
171381,S
171386,E
171394,S
171396,E
171403,E
171406,S
171409,S
171427,E
171430,S
171440,S
171444,E
171445,E
171446,E
171454,E
171457,S
171458,S
171459,S
171461,S
171467,S
171471,S
171472,S
171475,S
171480,S
171483,E
171485,S
171488,S
171501,S
171524,S
171525,S
171532,S
171542,E
171553,E
171562,E
171570,E
171573,E
171575,S
171576,S
171582,S
171583,E
171585,S
171586,S
171592,E
171614,E
171618,S
171628,S
171630,S
171638,E
171640,S
171641,S
171647,E
171651,S
171653,E
171659,S
171664,E
171672,S
171674,S
171681,E
171687,E
171696,E
171698,E
171699,E
171702,E
171713,E
171736,S
171738,S
171748,E
171752,S
171766,S
171777,S
171782,S
171784,S
171790,S
171791,S
171801,E
171824,E
171827,S
171830,E
171834,S
171843,S
171844,S
171845,E
171857,S
171863,S
171876,S
171879,S
171904,S
171910,S
171914,S
171918,S
171938,S
171941,S
171944,S
171953,E
171954,S
171955,E
171958,S
171961,E
171964,S
171979,S
171980,S
171982,S
171987,S
171988,E
171990,S
171992,S
171998,S
172007,S
172009,S
172011,S
172017,S
172020,S
172022,E
172031,S
172034,E
172035,S
172039,S
172045,E
172055,S
172056,S
172058,E
172062,S
172068,S
172115,S
172119,S
172120,S
172124,S
172129,S
172133,E
172136,S
172137,S
172141,S
172147,S
172170,S
172176,S
172203,S
172205,S
172213,E
172219,S
172223,S
172231,E
172235,S
172240,S
172243,S
172246,S
172256,S
172266,S
172276,S
172278,S
172281,E
172282,S
172284,S
172298,S
172304,E
172306,S
172308,E
172312,S
172313,S
172317,S
172318,S
172335,E
172336,S
172341,S
172348,E
172368,S
172370,S
172374,E
172377,S
172378,E
172380,S
172407,S
172414,S
172415,S
172430,S
172432,E
172433,S
172439,S
172449,S
172451,S
172452,S
172453,E
172456,S
172461,S
172478,S
172519,E
172534,S
172536,E
172537,S
172538,S
172541,S
172551,S
172552,E
172563,E
172576,S
172581,E
172583,S
172587,S
172600,S
172610,S
172615,S
172621,E
172625,E
172636,E
172642,S
172643,E
172647,E
172648,S
172656,S
172658,E
172672,S
172679,E
172687,S
172689,S
172695,E
172697,E
172704,S
172711,S
172712,S
172714,S
172718,S
172721,S
172730,S
172753,S
172757,S
172761,E
172764,E
172770,S
172784,S
172785,E
172787,S
172791,S
172796,S
172798,E
172799,S
172812,S
172818,S
172819,S
172820,E
172824,E
172835,E
172842,E
172844,E
172846,S
172853,S
172857,S
172858,S
172860,E
172862,S
172864,E
172866,S
172870,S
172873,E
172894,S
172897,E
172904,S
172917,E
172925,E
172928,S
172945,S
172956,S
172962,E
172967,S
172982,S
172983,S
172985,S
172996,S
173000,S
173003,E
173009,S
173011,E
173012,E
173013,E
173014,E
173020,E
173021,S
173042,S
173049,S
173050,E
173056,E
173057,S
173058,E
173062,S
173068,E
173069,E
173074,E
173080,E
173089,E
173104,E
173109,E
173113,S
173114,S
173118,E
173120,S
173125,S
173127,E
173133,E
173135,S
173154,E
173158,E
173168,S
173177,S
173207,E
173219,E
173222,E
173230,S
173234,S
173236,E
173245,S
173247,S
173253,S
173255,S
173259,S
173261,S
173264,E
173267,E
173268,S
173273,S
173278,S
173279,S
173281,S
173282,E
173283,S
173287,S
173288,S
173306,E
173323,S
173332,S
173333,S
173340,S
173354,S
173358,S
173360,E
173371,S
173372,S
173380,S
173403,S
173404,E
173407,E
173415,E
173417,S
173440,S
173447,S
173463,E
173464,E
173467,S
173469,S
173470,S
173471,S
173480,S
173487,E
173493,E
173498,S
173505,E
173526,E
173530,S
173538,E
173542,E
173549,S
173554,E
173566,E
173572,S
173585,E
173600,E
173606,S
173615,S
173629,S
173635,S
173646,S
173653,S
173657,S
173674,E
173676,E
173681,E
173698,S
173712,E
173715,E
173721,S
173730,S
173735,S
173742,S
173754,S
173758,S
173767,S
173769,S
173774,S
173776,E
173777,E
173780,E
173782,E
173786,S
173789,E
173790,S
173799,S
173804,S
173808,E
173809,S
173811,S
173830,E
173837,S
173843,E
173852,E
173856,E
173858,E
173860,S
173861,E
173864,S
173868,E
173873,E
173889,S
173891,S
173896,E
173897,E
173903,S
173906,S
173913,S
173925,S
173934,E
173935,E
173939,E
173948,S
173952,E
173964,E
173969,S
174003,E
174004,S
174007,E
174022,E
174024,E
174027,E
174030,S
174037,S
174046,E
174049,S
174054,E
174059,S
174061,E
174073,S
174076,S
174078,S
174082,S
174090,S
174095,S
174104,S
174107,S
174108,S
174113,S
174114,S
174116,S
174126,S
174135,S
174144,S
174150,S
174173,S
174174,E
174176,E
174180,S
174194,S
174201,S
174205,E
174209,S
174210,S
174212,S
174219,S
174243,S
174244,S
174255,E
174273,E
174274,E
174275,E
174276,E
174281,S
174282,E
174286,E
174288,S
174304,E
174306,E
174337,S
174339,E
174352,S
174365,E
174367,E
174370,E
174371,E
174374,E
174375,S
174380,E
174408,S
174413,S
174415,S
174421,S
174423,E
174425,E
174433,S
174434,S
174435,E
174446,S
174448,E
174456,S
174459,E
174461,E
174462,S
174466,E
174470,E
174480,E
174485,E
174489,E
174496,E
174499,S
174513,E
174524,S
174526,S
174533,E
174534,S
174537,E
174545,S
174550,E
174558,S
174565,E
174569,E
174573,E
174576,E
174579,S
174580,S
174581,E
174582,S
174589,S
174592,S
174594,E
174606,S
174628,E
174632,S
174633,S
174636,E
174660,E
174666,E
174668,S
174676,E
174686,S
174690,S
174698,E
174700,S
174705,E
174714,E
174725,E
174727,S
174732,S
174743,E
174757,S
174758,E
174762,S
174774,S
174778,S
174783,S
174784,E
174800,E
174817,E
174822,E
174830,S
174833,S
174842,S
174852,S
174865,E
174875,S
174881,S
174884,E
174886,S
174889,S
174893,S
174900,S
174909,S
174925,E
174929,E
174930,S
174932,S
174933,S
174951,E
174957,S
174960,S
174961,S
174964,S
174967,E
174969,E
174972,E
174974,S
174977,E
174984,S
174993,E
174997,S
174998,S
175003,S
175007,S
175008,S
175014,E
175015,S
175016,E
175019,S
175033,E
175035,S
175042,S
175052,S
175060,S
175061,E
175070,S
175081,E
175082,S
175096,S
175097,S
175098,S
175104,E
175128,S
175137,S
175141,S
175144,E
175146,S
175149,E
175158,S
175164,S
175179,S
175197,S
175200,S
175205,S
175210,S
175235,S
175237,E
175243,S
175258,E
175259,S
175260,E
175276,S
175281,S
175286,S
175294,S
175296,S
175298,S
175316,S
175317,S
175322,S
175325,S
175333,E
175335,E
175338,S
175340,S
175349,E
175364,S
175377,S
175384,E
175394,S
175396,S
175397,E
175402,E
175426,S
175433,E
175436,E
175437,E
175442,S
175445,E
175469,S
175471,S
175479,S
175508,E
175515,S
175522,S
175523,E
175526,S
175541,S
175545,S
175559,E
175574,S
175578,E
175582,E
175583,S
175586,S
175593,E
175594,E
175598,S
175607,E
175611,E
175622,S
175623,S
175627,E
175628,S
175629,S
175642,E
175651,E
175656,E
175660,S
175668,S
175669,S
175672,E
175681,E
175683,S
175686,S
175693,E
175700,E
175704,E
175711,E
175713,S
175717,E
175718,E
175721,E
175722,S
175733,S
175740,E
175750,S
175753,S
175754,E
175756,S
175773,E
175774,E
175784,E
175787,E
175789,E
175792,S
175794,S
175797,S
175799,S
175802,E
175815,S
175820,S
175827,E
175845,S
175848,S
175859,S
175866,E
175871,E
175874,E
175875,S
175876,S
175879,S
175881,E
175882,E
175888,S
175891,S
175907,S
175913,E
175914,E
175921,S
175922,S
175926,S
175927,E
175933,S
175934,E
175938,S
175942,S
175946,S
175968,S
175979,E
175981,E
175987,S
175990,E
176001,E
176004,S
176010,S
176012,S
176025,S
176032,E
176036,S
176040,E
176043,E
176059,S
176060,S
176069,S
176071,S
176077,E
176079,S
176082,E
176083,S
176086,S
176087,S
176092,S
176093,S
176094,S
176095,S
176097,E
176098,S
176102,S
176121,S
176125,S
176131,S
176146,E
176156,S
176163,S
176166,S
176179,S
176185,E
176192,E
176195,E
176197,S
176203,S
176215,E
176216,E
176217,E
176224,E
176229,S
176230,S
176232,S
176241,S
176242,S
176252,E
176255,E
176272,E
176277,S
176282,S
176300,E
176310,S
176313,S
176317,S
176328,E
176330,S
176334,E
176356,S
176358,S
176377,S
176383,S
176384,S
176398,S
176406,S
176410,E
176414,E
176417,E
176419,S
176425,S
176429,E
176437,S
176443,S
176447,S
176466,E
176467,S
176470,E
176474,E
176477,E
176483,E
176485,S
176492,E
176496,S
176501,S
176513,E
176517,S
176524,S
176533,S
176542,E
176545,E
176550,S
176561,S
176562,S
176566,S
176602,S
176605,S
176609,S
176614,S
176616,E
176619,S
176624,E
176626,E
176630,S
176644,S
176655,S
176663,E
176669,S
176674,S
176679,S
176690,S
176709,S
176714,S
176720,S
176724,S
176731,S
176734,S
176738,S
176742,E
176744,E
176749,S
176758,E
176762,S
176763,E
176768,S
176781,E
176787,E
176789,S
176792,S
176801,S
176806,S
176807,S
176808,S
176815,S
176818,E
176819,S
176824,E
176829,E
176833,S
176838,E
176841,S
176843,E
176857,S
176860,E
176863,S
176867,E
176869,E
176877,E
176880,S
176882,E
176887,E
176891,E
176894,S
176903,S
176914,E
176925,S
176928,E
176929,E
176934,S
176938,S
176939,E
176948,S
176963,E
176973,S
176978,E
176998,E
177011,S
177021,S
177024,E
177027,S
177036,S
177049,S
177053,S
177055,E
177058,S
177070,E
177082,S
177085,E
177093,E
177098,E
177106,E
177113,S
177114,S
177122,E
177124,S
177131,S
177136,E
177142,E
177155,S
177158,E
177160,E
177163,E
177174,S
177179,E
177182,S
177196,E
177199,S
177209,S
177213,E
177217,S
177219,E
177220,E
177231,S
177241,E
177243,E
177252,E
177254,S
177255,E
177257,S
177278,S
177285,E
177287,S
177296,S
177300,S
177302,S
177323,S
177328,E
177350,S
177356,S
177361,E
177381,E
177392,E
177401,S
177406,S
177411,E
177415,E
177419,E
177420,S
177423,S
177425,S
177449,E
177469,S
177474,E
177477,E
177479,S
177488,E
177493,S
177499,S
177503,E
177518,E
177519,E
177524,E
177527,E
177528,S
177529,E
177537,E
177539,S
177543,S
177546,E
177547,E
177548,E
177552,S
177553,E
177560,S
177566,S
177578,E
177587,S
177591,S
177592,S
177598,E
177599,S
177611,S
177618,E
177630,E
177641,A
177671,S
177675,E
177676,S
177678,E
177685,S
177686,E
177688,E
177693,S
177697,E
177723,S
177726,S
177728,S
177731,E
177734,S
177744,S
177746,S
177750,S
177757,E
177760,S
177761,S
177764,S
177768,S
177772,E
177775,E
177781,E
177786,S
177787,S
177789,S
177791,S
177793,E
177796,S
177797,E
177807,S
177827,E
177832,E
177836,S
177841,E
177846,S
177848,S
177855,S
177863,S
177870,S
177875,S
177882,E
177888,S
177897,S
177911,S
177914,S
177916,S
177927,E
177949,S
177952,S
177956,E
177961,S
177962,S
177963,S
177969,E
177975,S
177976,E
177984,S
177995,S
178001,E
178009,S
178010,S
178011,E
178034,S
178050,E
178054,S
178056,E
178068,S
178069,S
178079,S
178089,S
178092,E
178103,S
178109,E
178114,S
178118,E
178119,S
178131,S
178154,S
178162,S
178177,S
178183,S
178185,S
178200,S
178204,S
178209,E
178214,S
178215,E
178217,E
178219,S
178229,S
178231,S
178235,S
178236,E
178238,S
178243,S
178266,S
178275,E
178276,S
178278,S
178289,E
178307,E
178310,S
178314,E
178320,E
178333,S
178336,S
178338,S
178344,S
178356,S
178357,E
178365,E
178370,E
178372,S
178385,E
178394,E
178397,E
178403,E
178406,S
178417,E
178418,S
178422,E
178423,S
178425,S
178430,S
178447,E
178454,S
178458,E
178461,E
178479,S
178487,E
178490,E
178504,S
178509,E
178522,E
178534,E
178538,S
178542,S
178552,S
178556,E
178563,S
178564,S
178578,E
178587,S
178590,E
178591,E
178592,E
178602,E
178606,E
178608,S
178612,S
178617,E
178619,E
178621,E
178623,S
178631,S
178645,S
178648,S
178653,S
178654,E
178657,E
178658,S
178660,S
178662,E
178666,S
178667,E
178669,E
178689,S
178691,E
178701,S
178703,E
178710,E
178712,E
178715,S
178725,E
178732,E
178737,E
178742,E
178751,S
178752,E
178757,E
178764,S
178766,S
178775,E
178786,S
178791,S
178798,S
178800,S
178816,E
178820,S
178823,S
178829,E
178832,E
178835,S
178858,E
178859,S
178860,S
178869,S
178870,S
178876,S
178878,E
178882,S
178883,E
178887,S
178889,E
178892,E
178895,E
178906,S
178907,E
178908,E
178911,S
178915,E
178924,S
178943,E
178944,S
178952,S
178956,E
178960,S
178962,S
178964,S
178982,S
178985,S
178986,S
178994,S
179000,E
179001,E
179005,S
179009,S
179012,S
179018,S
179019,S
179026,S
179028,S
179036,E
179037,E
179042,S
179045,S
179047,S
179048,S
179050,S
179054,A
179060,S
179079,S
179081,S
179097,E
179099,S
179101,S
179104,E
179105,S
179113,S
179116,E
179126,E
179134,S
179148,S
179170,S
179172,S
179173,S
179175,S
179184,E
179192,E
179212,E
179217,S
179222,S
179234,S
179262,S
179267,S
179268,E
179273,S
179276,S
179288,S
179289,E
179309,E
179315,E
179328,E
179331,S
179332,S
179349,E
179351,S
179366,S
179368,S
179412,S
179414,S
179416,E
179418,E
179420,E
179421,E
179423,S
179435,E
179452,E
179460,E
179479,E
179484,S
179487,S
179491,E
179496,S
179505,S
179507,S
179513,E
179514,E
179517,E
179521,S
179539,S
179552,S
179559,S
179582,S
179584,S
179601,E
179612,E
179620,S
179625,S
179630,S
179633,E
179634,E
179635,S
179640,S
179646,E
179654,S
179670,E
179677,E
179680,E
179694,E
179695,S
179698,E
179705,S
179706,E
179712,S
179727,E
179731,S
179733,S
179765,E
179766,E
179781,S
179782,S
179783,S
179811,S
179834,S
179853,S
179860,E
179864,S
179876,S
179884,S
179888,E
179896,E
179907,E
179911,S
179916,S
179923,S
179934,E
179935,E
179938,E
179940,S
179941,S
179943,E
179946,S
179963,S
179967,S
179968,S
179970,S
179982,S
179984,S
179989,E
180000,S
180001,S
180005,E
180006,E
180007,S
180010,S
180022,E
180028,S
180036,E
180039,S
180040,S
180044,S
180059,S
180060,S
180066,S
180068,E
180075,S
180078,S
180088,E
180091,S
180096,E
180099,S
180100,E
180102,E
180109,E
180116,E
180118,S
180119,S
180134,S
180135,S
180141,E
180142,S
180147,E
180160,E
180162,E
180488,S
180502,S
180505,S
180518,S
180526,E
180555,S
180557,E
180565,S
180566,S
180567,S
180568,E
180574,S
180575,S
180580,E
180582,E
180585,E
180596,E
180597,S
180598,S
180604,E
180607,S
180608,E
180612,S
180622,S
180624,S
180628,S
180640,S
180646,S
180649,S
180677,S
180683,S
180684,S
180687,E
180689,E
180697,S
180699,E
180709,E
180714,E
180717,E
180721,E
180738,S
180742,S
180746,S
180749,E
180750,E
180754,S
180760,E
180765,E
180769,E
180783,E
180786,E
180791,S
180793,E
180805,S
180809,E
180812,S
180827,S
180829,S
180836,S
180837,E
180860,S
180868,S
180876,S
180889,S
180895,S
180898,E
180900,E
180903,S
180918,S
180923,S
180933,S
180938,E
180940,E
180941,S
180950,E
180953,S
180955,E
180960,S
180961,S
180972,S
180986,S
180992,E
180994,S
180997,E
180998,S
181001,E
181005,S
181013,S
181019,S
181027,S
181053,S
181061,S
181062,S
181066,S
181067,S
181074,S
181079,S
181093,E
181097,S
181101,E
181102,S
181107,E
181110,E
181119,E
181127,S
181128,S
181133,S
181141,E
181146,S
181162,E
181166,E
181189,E
181195,E
181205,S
181208,S
181211,S
181214,S
181215,E
181226,S
181231,E
181239,E
181244,E
181251,E
181258,E
181259,E
181266,S
181271,S
181283,S
181287,S
181291,E
181299,S
181306,S
181308,E
181316,S
181317,S
181325,S
181335,S
181347,S
181370,E
181375,S
181383,S
181386,E
181393,S
181415,S
181417,S
181429,S
181439,S
181440,S
181450,S
181452,S
181454,E
181462,S
181463,S
181468,S
181473,E
181474,S
181481,S
181482,E
181492,S
181498,S
181511,S
181525,S
181539,E
181541,E
181550,S
181555,E
181557,E
181568,S
181572,E
181581,S
181585,S
181599,S
181603,S
181609,S
181614,E
181620,E
181622,S
181625,E
181639,S
181645,S
181649,S
181660,E
181661,S
181662,S
181667,S
181669,E
181670,S
181684,S
181686,S
181690,E
181694,S
181698,S
181700,E
181703,S
181704,E
181705,S
181709,S
181713,S
181715,S
181721,E
181724,E
181733,S
181760,S
181766,S
181772,S
181778,S
181787,E
181794,S
181808,E
181818,S
181819,E
181821,S
181824,S
181836,S
181854,S
181859,S
181860,E
181873,E
181875,E
181876,S
181892,S
181893,S
181895,S
181897,S
181901,S
181904,E
181919,S
181939,S
181941,S
181957,S
181958,S
181964,S
181974,E
181975,S
181977,E
181979,E
181981,E
181987,E
181992,S
182002,S
182004,E
182010,S
182011,S
182022,S
182023,S
182029,S
182033,E
182036,S
182037,E
182041,E
182047,S
182052,S
182060,S
182062,E
182069,S
182071,E
182073,E
182074,S
182080,S
182082,S
182084,S
182096,S
182098,E
182103,E
182110,E
182116,E
182124,S
182128,E
182130,E
182154,E
182156,E
182159,E
182172,E
182176,S
182187,E
182188,S
182189,E
182193,S
182208,S
182210,S
182211,E
182218,S
182223,E
182230,E
182260,E
182274,S
182276,S
182298,E
182299,E
182302,E
182305,S
182306,S
182310,E
182316,S
182325,E
182327,S
182343,S
182351,S
182362,S
182368,E
182401,S
182402,S
182404,S
182405,E
182411,E
182421,S
182428,S
182431,S
182432,E
182436,S
182451,E
182454,E
182456,S
182466,S
182467,S
182471,S
182476,S
182478,S
182483,E
182487,S
182493,S
182497,S
182499,S
183388,E
183391,E
183396,E
183397,S
183405,S
183408,S
183417,S
183420,E
183432,S
183455,S
183458,S
183462,E
183465,E
183468,E
183472,S
183477,S
183478,S
183489,S
183498,S
183500,S
183501,S
183521,S
183524,S
183526,E
183533,S
183537,E
183542,S
183543,E
183548,S
183553,S
183556,S
183560,S
183564,S
183568,S
183569,S
183573,S
183584,E
183600,S
183623,S
183629,E
183634,S
183642,S
183653,S
183658,S
183662,E
183667,S
183668,S
183670,S
183673,E
183676,S
183680,S
183683,S
183688,S
183691,S
183693,S
183694,E
183701,E
183703,S
183705,S
183708,E
183717,E
183725,E
183730,E
183736,E
183740,S
183747,E
183748,S
183750,S
183761,E
183764,E
183793,E
183802,S
183803,E
183807,S
183824,E
183827,E
183829,S
183831,S
183834,S
183835,E
183837,S
183839,S
183846,S
183851,S
183869,E
183872,E
183874,E
183884,E
183886,E
183888,E
183892,E
183894,E
183895,E
183897,E
183905,S
183911,S
183921,S
183926,S
183933,S
183943,S
183945,S
183946,E
183956,E
183957,S
183959,E
183963,S
183964,E
183966,S
183971,S
183973,E
183985,E
183997,S
184001,S
184024,E
184030,S
184046,E
184049,E
184054,E
184055,E
184061,S
184062,S
184066,S
184067,S
184086,E
184087,E
184088,E
184104,E
184115,E
184138,E
184154,E
184167,S
184168,E
184172,E
184182,E
184185,E
184190,S
184208,S
184218,S
184219,S
184221,E
184239,E
184252,S
184256,S
184266,S
184268,E
184271,E
184273,S
184282,E
184284,E
184287,E
184289,E
184290,S
184300,S
184310,S
184313,E
184317,E
184322,E
184331,E
184344,E
184347,S
184352,S
184369,S
184373,E
184374,E
184379,S
184388,S
184397,S
184407,S
184423,E
184434,S
184443,S
184445,S
184449,S
184450,S
184459,S
184461,E
184462,E
184464,S
184469,S
184477,E
184484,E
184494,S
184499,S
184505,S
184506,E
184514,E
184525,S
184529,E
184531,S
184540,E
184548,E
184559,S
184560,E
184562,S
184570,S
184574,S
184579,E
184583,E
184612,E
184617,E
184621,S
184623,E
184632,S
184634,E
184642,E
184649,S
184653,S
184655,E
184659,S
184660,E
184679,S
184682,S
184685,S
184704,E
184705,S
184708,S
184713,E
184716,S
184717,E
184719,S
184722,S
184742,S
184743,S
184753,E
184756,S
184763,S
184764,E
184775,E
184778,E
184783,S
184787,S
184798,E
184802,E
184804,S
184815,E
184824,S
184829,S
184838,S
184839,S
184846,S
184849,S
184854,S
184858,E
184870,S
184872,S
184878,S
184883,S
184899,S
184918,S
184921,S
184922,S
184924,E
184932,S
184943,S
184945,S
184956,S
184966,E
184976,S
184982,S
184986,S
184988,S
184989,S
184994,S
185020,S
185023,S
185024,E
185030,E
185054,S
185055,S
185060,S
185063,S
185064,E
185079,S
185087,S
185088,S
185097,S
185102,E
185109,S
185123,E
185129,S
185131,E
185132,S
185158,E
185168,S
185172,S
185178,S
185181,E
185192,S
185204,S
185223,S
185228,S
185230,S
185233,S
185248,E
185249,E
185250,E
185259,E
185266,S
185268,E
185276,S
185290,S
185296,S
185313,E
185338,S
185339,S
185343,S
185348,E
185350,S
185354,S
185368,S
185375,E
185379,S
185382,E
185384,E
185385,E
185390,E
185395,S
185415,S
185424,S
185432,S
185462,E
185463,E
185468,S
185471,E
185478,S
185487,S
185491,S
185493,S
185495,S
185496,S
185498,E
185507,E
185508,E
185511,E
185512,E
185516,S
185517,S
185529,S
185531,S
185538,S
185548,S
185575,S
185578,S
185587,S
185594,E
185602,E
185608,S
185609,E
185615,S
185618,E
185625,S
185635,E
185657,S
185662,E
185664,S
185677,S
185683,E
185684,E
185713,S
185716,S
185725,S
185749,S
185751,S
185754,S
185756,E
185757,S
185759,S
185776,S
185802,S
185818,E
185820,E
185822,E
185827,S
185828,E
185835,S
185843,E
185850,S
185851,E
185862,E
185863,E
185878,E
185882,S
185886,E
185890,E
185899,S
185901,S
185902,E
185904,S
185905,S
185906,S
185911,S
185921,S
185924,S
185925,E
185926,S
185930,S
185933,S
185937,E
185939,S
185944,S
185949,E
185955,S
185958,S
185970,E
185973,E
185977,S
186008,E
186014,S
186032,E
186033,S
186035,S
186042,S
186043,E
186046,S
186055,S
186056,S
186059,E
186061,E
186070,E
186071,E
186079,S
186084,S
186087,S
186097,S
186105,S
186107,E
186111,E
186117,E
186124,E
186127,E
186128,S
186136,S
186157,E
186165,S
186167,S
186169,E
186196,E
186201,S
186203,S
186204,E
186217,S
186230,S
186234,S
186236,S
186240,S
186242,S
186253,S
186260,E
186261,S
186267,S
186271,E
186286,E
186294,S
186305,E
186306,E
186307,S
186309,S
186310,S
186315,S
186323,S
186364,E
186374,E
186375,E
186376,S
186378,S
186402,E
186408,E
186409,S
186411,E
186417,S
186420,E
186431,S
186433,E
186434,E
186444,E
186445,E
186453,S
186455,E
186457,S
186459,S
186471,E
186472,E
186487,S
186497,E
186512,S
186515,S
186519,S
186528,E
186538,S
186539,S
186544,S
186545,E
186557,S
186560,E
186587,S
186590,E
186601,S
186604,E
186608,S
186609,S
186611,E
186616,S
186620,E
186628,S
186629,E
186636,S
186650,S
186656,S
186665,S
186672,E
186674,E
186676,S
186677,S
186679,S
186680,E
186690,E
186696,S
186700,S
186701,S
186706,S
186709,S
186715,E
186716,E
186717,S
186720,E
186726,S
186730,S
186738,E
186740,S
186741,S
186742,S
186751,E
186761,E
186767,S
186769,S
186772,S
186774,E
186775,S
186782,S
186783,E
186784,E
186793,S
186797,E
186804,E
186805,S
186811,S
186814,S
186817,S
186822,S
186830,E
186840,S
186847,E
186849,S
186879,E
186894,S
186897,S
186898,S
186907,E
186911,S
186919,S
186935,S
186941,S
186947,S
186950,S
186954,S
186956,S
186958,E
186960,S
186972,S
186976,E
186977,S
186995,S
186997,E
187000,S
187004,S
187005,E
187008,S
187022,S
187024,E
187030,E
187034,S
187037,S
187043,E
187044,S
187049,S
187055,E
187059,E
187069,S
187071,S
187076,S
187077,E
187078,E
187087,S
187089,E
187093,E
187094,E
187098,E
187106,S
187114,E
187121,S
187124,S
187125,E
187126,E
187128,S
187129,E
187137,S
187142,E
187144,E
187145,S
187159,E
187163,S
187173,S
187190,S
187195,S
187199,S
187202,S
187204,S
187212,S
187219,S
187235,S
187244,E
187251,S
187255,S
187268,S
187271,E
187283,E
187285,S
187298,E
187299,S
187304,S
187313,E
187318,S
187320,S
187338,S
187345,E
187351,E
187353,S
187355,E
187361,S
187363,S
187372,S
187373,E
187378,S
187379,E
187380,E
187383,E
187386,E
187401,E
187409,S
187412,S
187416,S
187417,S
187425,S
187429,S
187431,S
187432,S
187434,S
187439,S
187450,E
187455,S
187461,S
187466,S
187471,E
187478,S
187484,S
187491,S
187501,E
187504,S
187506,S
187509,S
187524,E
187528,S
187532,S
187534,S
187554,S
187556,E
187588,S
187599,S
187617,E
187623,E
187625,E
187628,S
187630,S
187631,E
187632,E
187650,S
187655,S
187673,E
187676,S
187677,S
187682,E
187692,S
187693,E
187697,S
187698,S
187705,E
187709,E
187710,S
187715,S
187723,E
187745,E
187750,E
187752,S
187758,E
187774,S
187776,S
187805,E
187812,E
187818,S
187832,S
187849,S
187850,E
187853,S
187854,S
187873,S
187875,E
187885,S
187886,S
187887,S
187915,S
187934,S
187944,S
187945,E
187948,S
187949,E
187953,S
187955,S
187965,S
187966,S
187968,S
187974,S
188007,S
188021,S
188022,S
188028,E
188030,S
188034,S
188037,S
188049,S
188050,S
188065,E
188070,S
188087,E
188092,S
188096,E
188108,E
188110,E
188116,E
188126,S
188132,E
188134,E
188141,S
188145,S
188148,E
188152,S
188154,S
188159,S
188170,S
188194,E
188195,S
188204,E
188207,S
188230,E
188235,E
188236,S
188247,S
188250,E
188254,S
188261,S
188273,S
188278,E
188284,S
188296,S
188301,E
188306,S
188307,E
188318,S
188320,S
188333,S
188336,S
188338,S
188339,S
188348,S
188351,S
188352,S
188354,E
188362,S
188378,E
188384,S
188397,E
188409,E
188415,E
188416,S
188417,S
188424,E
188425,E
188427,S
188432,S
188439,A
188440,S
188442,S
188451,E
188453,S
188469,E
188474,E
188482,E
188489,E
188494,S
188495,E
188502,S
188504,S
188518,S
188522,E
188534,E
188538,E
188552,E
188553,E
188556,E
188565,S
188566,E
188575,S
188576,S
188580,S
188582,E
188584,S
188586,E
188588,S
188594,E
188598,S
188605,S
188617,S
188619,S
188621,S
188624,S
188625,S
188650,E
188657,S
188668,S
188671,S
188700,E
188711,S
188714,S
188721,S
188723,S
188725,S
188726,E
188727,S
188744,S
188747,E
188748,S
188753,S
188757,S
188764,E
188766,S
188767,S
188768,E
188771,S
188773,S
188780,S
188783,S
188797,S
188807,S
188814,S
188816,S
188818,E
188820,S
188822,S
188834,E
188838,E
188846,S
188862,S
188865,E
188867,E
188881,S
188886,S
188891,S
188893,S
188897,S
188908,E
188911,S
188912,S
188918,S
188927,S
188942,S
188949,S
188954,S
188963,S
188971,S
188973,E
188980,S
188987,S
188998,E
189007,E
189013,S
189023,S
189031,E
189034,S
189037,S
189040,E
189047,S
189051,S
189052,E
189054,E
189056,E
189058,E
189059,E
189064,S
189067,E
189079,S
189084,S
189086,E
189091,E
189097,S
189102,E
189103,E
189114,S
189118,E
189122,E
189148,S
189154,S
189155,E
189156,S
189157,E
189158,E
189160,E
189167,S
189174,E
189175,E
189176,S
189179,E
189182,E
189184,S
189193,E
189194,E
189198,S
189199,E
189201,E
189203,S
189209,S
189210,E
189216,S
189217,E
189222,S
189226,S
189239,S
189242,E
189254,S
189258,E
189277,E
189282,E
189286,S
189293,S
189295,E
189303,E
189306,S
189311,S
189313,S
189314,E
189316,S
189327,S
189328,E
189331,S
189340,S
189353,S
189354,E
189359,S
189362,S
189363,S
189366,E
189375,E
190462,E
190468,S
190469,E
190477,S
190493,E
190501,S
190518,S
190527,E
190531,E
190541,S
190545,E
190553,S
190554,S
190556,E
190562,E
190570,E
190582,E
190585,E
190595,E
190598,E
190599,E
190610,E
190615,E
190616,S
190622,S
190623,S
190625,S
190631,S
190647,S
190650,S
190652,E
190654,S
190655,E
190659,E
190661,S
190668,E
190677,S
190678,E
190681,S
190686,S
190687,S
190688,S
190717,S
190718,S
190719,S
190720,E
190725,E
190728,E
190745,S
190753,S
190755,E
190757,E
190761,E
190768,E
190770,E
190782,S
190795,S
190837,E
190838,E
190847,S
190848,S
190856,E
190863,E
190867,S
190870,E
190871,S
190881,S
190888,S
190891,E
190899,E
190905,E
190920,E
190926,S
190932,E
190934,S
190937,S
190938,S
190940,E
190966,S
190976,S
190982,E
190986,E
190990,E
190995,S
190997,S
191003,E
191013,E
191025,E
191030,S
191033,E
191035,E
191040,E
191046,E
191071,S
191077,E
191093,E
191106,E
191112,S
191120,S
191124,E
191129,E
191131,E
191132,E
191141,S
191156,E
191157,S
191161,E
191164,E
191165,S
191169,E
191173,S
191181,E
191187,S
191197,E
191211,E
191213,S
191222,S
191228,E
191236,S
191243,S
191245,S
191247,S
191248,S
191269,E
191277,E
191278,S
191288,S
191294,E
191303,E
191306,E
191311,E
191321,E
191335,S
191336,S
191337,S
191355,E
191358,E
191361,E
191362,S
191363,S
191366,S
191367,E
191377,E
191384,S
191390,S
191392,S
191397,S
191402,E
191403,S
191417,E
191423,S
191424,S
191431,E
191435,E
191439,E
191463,S
191471,S
191477,S
191484,S
191492,E
191496,S
191505,S
191510,S
191517,S
191518,S
191527,S
191531,S
191532,S
191533,S
191534,S
191537,E
191540,S
191541,S
191549,E
191551,S
191559,E
191561,S
191563,E
191564,E
191565,E
191576,S
191585,S
191595,S
191607,E
191608,E
191616,S
191617,S
191634,S
191635,E
191636,S
191638,S
191649,S
191652,E
191656,E
191660,S
191666,S
191668,S
191683,S
191690,S
191703,E
191709,E
191714,E
191734,E
191739,E
191747,S
191748,S
191755,S
191760,E
191762,S
191763,E
191777,E
191783,S
191786,E
191798,S
191809,S
191810,E
191813,S
191814,E
191815,S
191819,E
191822,S
191828,E
191834,E
191841,E
191846,S
191848,S
191855,E
191856,E
191863,S
191867,S
191874,E
191878,E
191879,S
191885,E
191887,S
191898,S
191900,S
191903,E
191906,S
191918,S
191934,S
191939,S
191941,S
191944,S
191946,E
191953,E
191955,S
191957,S
191958,S
191966,E
191970,S
191992,E
191994,S
191996,E
192008,E
192014,E
192015,S
192016,S
192017,E
192022,S
192025,S
192027,S
192028,E
192045,S
192047,E
192055,S
192059,S
192060,E
192061,S
192067,S
192071,S
192078,E
192080,S
192083,E
192097,S
192102,S
192105,S
192107,S
192110,E
192113,E
192119,S
192120,S
192123,E
192129,E
192135,S
192141,E
192162,E
192168,S
192176,E
192181,S
192183,S
192188,E
192197,E
192204,E
192209,S
192211,E
192214,S
192222,E
192223,S
192224,S
192233,S
192234,S
192237,S
192241,E
192242,S
192245,E
192247,S
192252,S
192269,E
192275,E
192279,S
192287,E
192289,E
192291,E
192294,S
192297,E
192300,S
192307,S
192314,S
192322,S
192328,E
192331,E
192337,S
192344,E
192356,S
192357,S
192364,E
192373,E
192374,S
192377,S
192390,S
192395,S
192413,S
192415,S
192423,E
192429,E
192431,S
192437,S
192440,E
192445,S
192452,S
192460,S
192465,S
192477,E
192482,S
192483,E
192495,S
192517,S
192521,S
192525,E
192529,S
192533,S
192539,E
192541,E
192550,E
192551,E
192557,E
192558,E
192564,S
192566,S
192581,S
192588,E
192593,S
192595,E
192596,E
192600,S
192601,S
192603,S
192607,S
192612,E
192614,E
192619,S
192620,S
192644,S
192652,S
192660,E
192671,E
192674,S
192675,E
192679,E
192692,E
192694,S
192702,E
192707,E
192708,S
192726,S
192738,S
192740,E
192742,E
192745,S
192756,S
192757,S
192764,S
192765,S
192782,E
192784,S
192796,S
192799,E
192813,E
192814,S
192817,S
192824,E
192840,S
192841,S
192847,S
192848,E
192851,S
192856,S
192873,E
192887,E
192903,S
192905,S
192907,E
192909,S
192913,E
192931,S
192933,S
192938,E
192939,E
192941,E
192960,E
192967,E
192969,S
192986,S
192990,E
193002,S
193015,S
193017,E
193025,S
193031,S
193036,S
193039,S
193042,E
193046,E
193048,S
193052,E
193055,E
193062,E
193067,E
193068,S
193073,S
193092,E
193108,S
193119,E
193134,E
193136,E
193142,S
193150,E
193152,S
193154,E
193157,S
193159,S
193166,S
193185,E
193192,S
193206,E
193209,S
193222,S
193229,S
193235,S
193238,E
193246,S
193248,S
193249,E
193261,E
193295,S
193325,E
193331,E
193332,E
193333,E
193338,S
193340,S
193343,S
193344,E
193349,E
193364,E
193368,S
193373,E
193375,E
193377,E
193388,E
193389,E
193392,E
193414,E
193415,S
193438,E
193445,E
193449,E
193455,E
193456,E
193468,S
193478,E
193490,S
193497,S
193509,E
193511,S
193517,S
193520,E
193524,E
193526,E
193527,S
193528,E
193532,S
193536,S
193550,E
193558,S
193562,E
193569,E
193585,E
193587,S
193600,E
193613,S
193616,E
193622,S
193627,E
193636,S
193641,S
193655,S
193660,S
193680,S
193684,S
193688,S
193694,S
193697,S
193705,S
193713,S
193714,E
193719,S
193722,E
193724,S
193742,E
193767,S
193772,S
193792,E
193798,S
193804,E
193805,E
193809,E
193810,S
193820,E
193826,E
193830,S
193831,S
193834,S
193837,S
193847,S
193855,E
193856,S
193864,S
193865,S
193868,E
193872,E
193877,S
193878,S
193881,S
193886,S
193894,E
193903,S
193907,E
193908,S
193912,S
193919,S
193920,S
193927,S
193930,S
193954,S
193969,E
193978,E
193989,E
193994,S
194002,S
194003,E
194013,S
194015,S
194020,S
194031,E
194034,S
194037,E
194043,S
194051,S
194065,E
194078,E
194097,E
194098,E
194105,S
194128,E
194131,E
194133,E
194134,S
194139,S
194148,S
194154,E
194157,S
194170,S
194178,S
194193,S
194194,S
194204,E
194208,E
194226,S
194237,E
194248,S
194254,S
194255,S
194258,S
194262,S
194272,E
194277,S
194283,S
194285,E
194286,S
194297,S
194298,E
194304,S
194305,S
194307,S
194308,E
194316,E
194317,S
194328,S
194333,S
194350,E
194353,S
194378,S
194382,S
194388,S
194389,S
194392,S
194395,S
194396,S
194398,S
194404,E
194432,S
194434,S
194436,S
194449,S
194453,E
194460,E
194462,S
194468,E
194484,E
194493,S
194499,S
194501,S
194505,S
194507,S
194508,S
194512,E
194513,S
194516,S
194521,E
194524,S
194526,E
194527,S
194530,S
194543,E
194555,S
194564,S
194567,E
194581,E
194584,S
194585,S
194597,S
194601,S
194614,S
194617,S
194623,E
194632,S
194633,E
194634,E
194643,E
194645,S
194646,S
194657,E
194674,S
194695,S
194696,S
194706,S
194708,S
194710,E
194714,E
194717,E
194724,E
194727,E
194729,S
194743,E
194747,E
194749,S
194765,E
194772,E
194779,S
194782,E
194784,E
194786,S
194790,S
194797,S
194801,E
194803,S
194805,S
194807,S
194815,E
194821,E
194825,S
194826,E
194830,S
194835,E
194836,E
194838,S
194850,S
194860,S
194870,E
194872,S
194890,E
194894,S
194897,S
194899,S
194906,E
194940,S
194942,S
194951,E
194954,S
194964,S
194968,E
194971,E
194975,E
194977,E
194978,E
194980,S
194987,S
194998,S
195012,S
195017,E
195018,E
195023,S
195027,E
195033,E
195035,S
195038,E
195045,E
195046,S
195047,S
195051,S
195052,S
195058,E
195064,E
195073,S
195076,E
195078,E
195091,E
195093,S
195131,S
195146,S
195147,E
195172,S
195178,E
195191,S
195202,S
195203,S
195214,E
195216,S
195254,S
195255,S
195259,E
195269,E
195280,S
195293,E
195298,E
195299,E
195303,E
195367,E
195372,S
195380,S
195385,S
195390,E
195399,S
195401,E
195402,S
195407,S
195408,S
195409,E
195412,S
195423,S
195428,S
195431,S
195437,E
195439,S
195445,E
195463,S
195467,E
195470,S
195473,E
195486,S
195496,S
195499,S
195501,E
195504,S
195521,S
195533,E
195545,S
195551,E
195554,E
195560,S
195563,S
195567,E
195577,E
195580,S
195586,E
195589,S
195596,S
195621,E
195625,E
195626,E
195642,E
195643,S
195645,E
195657,E
195662,E
195669,S
195673,S
195675,E
195680,S
195685,S
195686,E
195688,S
195714,S
195717,E
195732,S
195735,S
195743,E
195744,S
195751,S
195756,E
195830,E
195833,S
195838,S
195844,E
195852,E
195858,E
195862,E
195863,E
195870,S
195883,S
195885,E
195888,S
195889,E
195911,S
195913,S
195914,E
195919,E
195921,S
195925,S
195927,E
195928,S
195929,S
195931,S
195933,E
195943,E
195948,S
195962,E
195972,S
195976,S
195981,E
195982,E
195988,S
196001,S
196003,E
196004,S
196010,S
196021,S
196022,S
196030,E
196031,S
196034,S
196035,E
196043,E
196050,S
196058,E
196063,S
196070,E
196071,E
196088,E
196093,E
196094,E
196114,S
196124,S
196129,S
196130,S
196132,S
196151,S
196158,S
196159,S
196165,S
196166,S
196173,E
196175,E
196176,S
196178,E
196180,E
196191,S
196192,E
196199,E
196204,S
196206,S
196209,S
196214,S
196219,S
196257,S
196262,S
196264,E
196273,E
196281,E
196284,S
196293,S
196307,E
196310,S
196312,E
196318,S
196320,E
196324,S
196329,S
196331,E
196333,S
196336,S
196345,E
196346,S
196351,S
196379,S
196382,S
196387,S
196395,E
196401,E
196408,E
196411,E
196412,E
196414,E
196417,S
196421,E
196422,S
196438,S
196440,S
196445,E
196461,S
196464,S
196465,S
196470,E
196486,S
196489,S
196496,S
196499,E
196511,E
196513,S
196514,E
196515,S
196531,S
196536,E
196548,S
196563,E
196573,E
196574,E
196580,S
196586,S
196601,E
196608,S
196611,S
196613,E
196620,S
196621,S
196622,E
196633,E
196648,S
196659,S
196663,E
196698,S
196706,E
196711,E
196719,S
196734,E
196735,E
196742,S
196744,S
196748,E
196749,S
196751,S
196755,E
196760,E
196764,E
196767,S
196804,E
196810,S
196811,S
196812,E
196817,S
196829,S
196834,S
196841,E
196849,S
196854,S
196855,S
196859,E
196862,S
196866,S
196872,S
196873,S
196881,S
196884,S
196885,E
196888,E
196891,S
196914,E
196925,S
196929,S
196930,E
196938,E
196940,E
196941,S
196946,E
196949,S
196958,E
196973,E
196976,S
196980,E
196990,E
196994,E
197008,S
197020,S
197023,S
197032,S
197034,S
197036,S
197050,S
197057,E
197070,S
197092,S
197102,S
197103,S
197108,S
197115,S
197124,E
197133,S
197137,S
197138,S
197143,E
197144,E
197147,E
197152,S
197158,E
197167,E
197179,S
197187,S
197190,S
197195,S
197199,E
197205,E
197206,E
197207,E
197224,S
197236,S
197249,E
197255,S
197256,S
197257,E
197259,E
197261,S
197264,E
197269,S
197270,S
197273,E
197281,S
197284,S
197290,E
197299,S
197300,E
197315,E
197320,S
197344,E
197345,S
197346,S
197347,S
197350,S
197351,S
197368,S
197370,S
197373,E
197374,E
197380,S
197392,S
197395,E
197398,S
197423,S
197429,S
197437,E
197441,E
197443,S
197447,E
197448,E
197450,S
197454,E
197459,E
197461,E
197482,S
197483,S
197490,E
197498,E
197524,E
197536,E
197537,S
197539,E
197540,S
197542,S
197561,S
197565,S
197569,E
197582,S
197584,S
197593,S
197598,S
197603,S
197608,E
197610,S
197614,S
197617,S
197620,S
197635,E
197640,S
197650,E
197655,S
197669,S
197693,S
197706,S
197716,S
197723,S
197726,S
197727,S
197728,S
197730,S
197731,S
197740,S
197741,S
197748,S
197749,S
197750,E
197757,S
197767,S
197770,E
197772,S
197782,E
197790,E
197797,S
197825,S
197828,E
197835,E
197842,S
197846,E
197848,E
197854,E
197856,S
197859,E
197874,E
197879,S
197881,S
197885,E
197886,S
197888,S
197890,E
197893,S
197896,S
197898,S
197908,S
197914,S
197916,S
197920,E
197933,S
197953,E
197974,S
197976,E
197977,S
197981,S
197994,S
197999,S
198008,S
198011,E
198012,E
198020,E
198023,S
198029,E
198030,S
198038,S
198043,E
198046,S
198055,S
198061,E
198067,E
198077,S
198078,S
198090,S
198108,S
198121,E
198124,E
198125,E
198127,S
198128,S
198145,S
198147,E
198172,E
198176,S
198181,E
198183,S
198187,S
198190,S
198208,S
198209,E
198210,S
198211,S
198222,E
198239,E
198252,E
198255,S
198258,E
198276,S
198279,S
198289,E
198293,S
198301,S
198308,E
198315,S
198322,E
198332,S
198335,S
198341,S
198344,S
198354,E
198359,S
198362,E
198363,S
198364,S
198370,S
198373,S
198385,S
198388,E
198394,S
198408,S
198410,S
198415,E
198416,E
198433,E
198434,S
198442,E
198445,S
198448,E
198450,E
198452,S
198463,S
198466,S
198468,S
198469,S
198492,S
198496,S
198514,E
198515,E
198521,S
198541,S
198543,S
198550,E
198554,S
198557,E
198560,S
198562,E
198570,S
198577,S
198584,E
198586,S
198587,S
198596,S
198602,S
198603,S
198606,S
198622,S
198623,S
198629,E
198646,S
198654,S
198661,S
198662,S
198674,S
198676,S
198678,S
198679,S
198682,S
198698,S
198706,E
198709,S
198711,E
198712,S
198715,S
198723,S
198725,S
198727,E
198728,S
198733,E
198736,S
198750,E
198753,S
198758,E
198759,E
198768,E
198776,E
198784,S
198789,S
198796,S
198797,S
198800,S
198813,E
198821,S
198837,E
198841,S
198852,E
198862,E
198877,E
198882,E
198885,S
198886,S
198908,E
198925,S
198938,S
198939,E
198950,E
198952,E
198960,E
198961,S
198962,S
198966,E
198967,S
198975,E
199008,E
199029,E
199030,E
199032,S
199038,E
199040,S
199041,S
199049,E
199052,E
199053,E
199058,S
199303,S
199305,S
199306,S
199325,S
199335,E
199336,S
199337,E
199339,S
199341,S
199342,S
199358,S
199405,E
199407,S
199409,S
199411,S
199415,S
199451,E
199477,S
199479,S
199480,E
199482,S
199484,E
199485,E
199487,E
199490,S
199492,S
199505,S
199510,E
199512,E
199517,S
199521,S
199534,S
199539,E
199543,S
199553,S
199559,S
199563,S
199564,E
199568,S
199571,S
199578,E
199584,S
199587,S
199589,S
199590,E
199603,E
199611,E
199613,E
199617,E
199623,S
199632,S
199644,E
199651,S
199665,S
199669,E
199670,S
199676,S
199684,E
199687,S
199695,E
199696,S
199729,S
199731,E
199760,S
199762,E
199766,E
199774,S
199784,E
199790,E
199792,S
199793,S
199804,E
199809,E
199815,S
199818,S
199837,E
199844,S
199848,E
199856,E
199858,S
199863,E
199884,S
199885,E
199887,E
199888,E
199891,E
199892,S
199896,E
199898,S
199899,E
199904,S
199911,S
199921,A
199933,E
199939,E
199948,S
199953,S
199954,S
199955,E
199960,E
199965,E
199970,S
199972,S
199983,S
199988,S
199992,E
199997,E
200004,S
200012,S
200016,S
200017,S
200018,E
200025,S
200033,E
200035,E
200041,E
200042,E
200050,E
200059,S
200060,E
200091,S
200095,E
200106,E
200113,E
200124,S
200127,S
200133,S
200137,E
200146,E
200149,S
200152,S
200153,E
200167,E
200171,S
200177,E
200180,S
200223,E
200229,S
200231,S
200233,S
200240,S
200248,S
200257,S
200258,S
200267,S
200272,S
200273,S
200278,S
200288,S
200312,S
200333,E
200343,E
200344,E
200345,E
200354,S
200357,S
200367,E
200369,E
200375,E
200379,S
200381,E
200385,S
200395,E
200399,E
200403,S
200412,S
200415,S
200418,E
200423,S
200427,S
200432,S
200438,S
200459,S
200465,E
200467,E
200468,E
200471,S
200475,S
200477,S
200484,S
200504,E
200512,S
200515,E
200524,S
200525,S
200536,E
200547,E
200562,E
200563,E
200566,E
200582,E
200588,S
200590,S
200591,E
200601,S
200602,S
200606,S
200609,S
200610,E
200618,E
200622,S
200623,S
200626,S
200639,E
200641,S
200648,S
200656,E
200663,S
200669,E
200670,S
200677,E
200679,S
200680,S
200693,S
200706,E
200719,S
200729,S
200731,S
200752,S
200754,S
200765,S
200768,S
200775,E
200784,S
200804,S
200806,S
200819,E
200837,S
200840,S
200843,S
200849,E
200850,E
200862,S
200863,S
200865,E
200873,S
200875,E
200889,E
200917,E
200920,S
200922,E
200928,S
200935,E
200937,S
200942,E
200943,S
200963,E
200970,E
200973,S
200990,E
200993,E
201014,E
201016,E
201017,E
201024,S
201025,S
201037,S
201041,E
201042,S
201059,E
201063,S
201067,S
201069,S
201078,S
201087,E
201090,S
201098,E
201099,S
201105,S
201112,E
201114,E
201116,S
201126,S
201127,S
201133,E
201136,S
201138,E
201145,E
201148,S
201162,S
201167,E
201181,S
201194,S
201212,S
201217,S
201225,S
201226,E
201230,S
201234,E
201235,S
201248,S
201259,E
201261,S
201267,S
201268,S
201270,S
201271,S
201282,S
201284,E
201286,S
201297,E
201320,E
201324,S
201326,S
201329,E
201339,S
201361,E
201366,E
201368,S
201374,E
201381,E
201383,E
201386,E
201392,S
201396,S
201413,S
201422,S
201426,E
201432,S
201444,S
201446,S
201451,E
201453,S
201456,S
201457,E
201463,E
201467,S
201469,E
201481,S
201489,S
201493,E
201495,S
201497,S
201501,S
201503,S
201506,S
201517,S
201526,E
201532,E
201536,E
201542,E
201557,E
201564,S
201566,E
201568,E
201578,S
201582,E
201583,S
201585,S
201597,S
201607,E
201616,E
201620,S
201623,S
201625,E
201626,S
201627,E
201630,E
201633,E
201635,S
201638,S
201647,S
201652,E
201653,S
201657,E
201660,S
201661,S
201676,E
201681,E
201691,S
201702,S
201708,E
201712,E
201722,S
201731,E
201735,E
201741,E
201742,S
201743,E
201749,E
201774,E
201779,S
201787,S
201789,E
201793,S
201799,E
201800,E
201803,S
201813,E
201818,E
201820,S
201824,S
201827,S
201830,S
201854,E
201884,E
201887,S
201907,S
201911,S
201914,S
201917,S
201933,E
201937,S
201958,S
201959,S
201963,S
201971,E
201974,E
201978,S
201982,S
203098,S
203099,E
203107,E
203109,E
203111,S
203115,S
203116,E
203119,E
203127,E
203128,S
203130,S
203132,S
203139,E
203144,S
203163,E
203164,E
203172,E
203175,E
203185,E
203193,E
203196,S
203199,S
203201,S
203202,S
203213,E
203217,E
203229,S
203233,S
203236,S
203242,S
203244,S
203245,S
203249,E
203258,E
203265,S
203267,E
203269,S
203273,S
203276,S
203277,S
203280,E
203283,S
203294,E
203297,S
203299,E
203303,S
203306,S
203314,S
203332,S
203336,S
203339,E
203359,E
203360,E
203372,E
203374,S
203375,S
203385,E
203394,S
203395,S
203408,S
203411,E
203421,S
203422,E
203424,S
203435,S
203440,E
203460,E
203466,S
203467,E
203469,S
203480,S
203483,S
203510,E
203513,E
203527,S
203528,S
203529,E
203536,S
203550,E
203552,S
203558,S
203564,E
203567,E
203570,E
203576,S
203577,S
203586,E
203590,E
203591,E
203595,S
203603,S
203616,S
203617,S
203622,S
203629,S
203633,E
203641,S
203644,E
203645,E
203647,E
203652,E
203659,S
203680,E
203697,E
203698,S
203702,S
203705,E
203710,E
203720,E
203727,S
203751,S
203756,E
203763,E
203764,S
203767,S
203770,S
203784,S
203786,S
203787,S
203793,S
203795,S
203797,S
203801,E
203816,S
203822,S
203834,S
203844,S
203846,S
203858,E
203860,S
203861,S
203862,S
203927,E
203940,S
203954,E
203961,S
203962,E
203968,E
203969,E
203972,E
203977,E
203978,S
203982,S
203987,E
203990,S
203993,E
203996,S
204008,E
204013,S
204017,S
204039,E
204047,S
204063,S
204068,S
204079,S
204082,S
204091,S
204095,E
204110,E
204111,S
204118,E
204120,E
204127,S
204137,S
204139,E
204141,E
204147,S
204148,S
204149,S
204155,S
204157,E
204158,S
204167,S
204170,S
204178,S
204182,S
204199,S
204205,S
204208,E
204209,S
204212,S
204219,S
204226,S
204227,S
204230,S
204238,S
204245,E
204247,S
204266,S
204268,E
204269,E
204272,S
204286,S
204291,E
204292,S
204294,S
204301,S
204320,S
204321,E
204322,E
204323,E
204329,S
204348,E
204352,S
204361,S
204373,E
204380,S
204384,S
204385,S
204405,E
204408,E
204409,E
204415,S
204417,S
204418,E
204429,E
204437,S
204442,E
204449,S
204464,S
204475,S
204479,S
204480,S
204504,S
204507,S
204509,S
204515,S
204535,S
204539,S
204542,S
204543,E
204545,S
204554,S
204560,S
204564,S
204565,E
204570,S
204579,S
204582,S
204583,S
204585,S
204590,S
204591,S
204613,S
204615,E
204621,S
204624,S
204627,S
204636,E
204651,S
204658,E
204660,S
204661,S
204679,S
204681,E
204702,E
204710,E
204719,E
204724,E
204725,E
204727,E
204728,S
204731,S
204748,E
204750,S
204753,E
204762,S
204775,S
204777,S
204782,S
204790,E
204793,S
204815,S
204819,E
204833,E
204834,E
204835,E
204841,E
204854,S
204858,E
204860,S
204870,S
204874,S
204878,E
204879,E
204887,E
204892,S
204895,E
204899,S
204900,S
204902,S
204911,E
204916,S
204922,S
204931,E
204937,S
204969,S
204979,S
204989,S
205006,S
205013,E
205016,S
205022,S
205023,S
205024,S
205025,S
205030,S
205032,E
205033,E
205044,S
205067,S
205072,S
205077,S
205078,S
205085,S
205089,E
205094,S
205099,S
205105,E
205106,E
205126,E
205128,S
205132,E
205133,S
205141,S
205163,S
205164,S
205168,S
205169,S
205172,A
205178,S
205181,E
205187,S
205190,S
205192,S
205193,E
205202,E
205226,S
205234,E
205244,S
205259,S
205261,S
205263,E
205265,S
205292,S
205305,E
205309,S
205310,E
205319,S
205331,S
205334,E
205339,S
205340,S
205344,S
205361,E
205362,S
205365,S
205380,E
205383,S
205385,S
205393,E
205397,S
205428,E
205441,E
205444,S
205453,E
205455,E
205462,E
205473,S
205476,E
205477,E
205479,E
205483,S
205487,S
205502,S
205503,S
205539,S
205540,S
205550,S
205555,S
205561,S
205569,S
205570,E
205575,S
205586,S
205590,S
205603,E
205613,E
205635,S
205642,E
205644,S
205645,S
205650,S
205653,S
205656,E
205657,E
205658,E
205665,S
205675,S
205680,E
205683,S
205684,S
205688,S
205691,S
205695,S
205698,E
205703,S
205705,S
205708,S
205709,E
205715,S
205719,E
205720,S
205728,S
205732,S
205735,S
205737,S
205749,E
205752,S
205760,E
205762,E
205784,S
205785,S
205797,E
205803,S
205814,E
205815,S
205821,S
205823,E
205835,E
205838,E
205846,S
205849,E
205865,S
205873,S
205890,S
205892,S
205894,S
205908,S
205914,E
205921,E
205927,E
205934,S
205936,S
205940,E
205942,E
205944,S
205947,E
205949,E
205955,S
205967,E
205978,E
205979,S
205981,S
205994,S
206002,E
206006,S
206008,E
206026,S
206030,E
206031,E
206039,S
206045,S
206049,S
206054,E
206060,E
206077,E
206079,S
206084,S
206091,S
206100,S
206109,E
206111,E
206116,S
206117,S
206120,S
206129,S
206131,E
206138,S
206146,S
206151,E
206162,S
206167,E
206178,E
206181,E
206184,S
206193,E
206200,S
206204,A
206216,S
206222,E
206230,S
206231,E
206235,S
206237,S
206246,S
206251,E
206257,S
206269,S
206276,S
206286,E
206291,E
206301,S
206302,E
206310,E
206313,S
206316,S
206318,E
206319,S
206322,S
206325,E
206338,S
206348,E
206374,S
206377,E
206380,E
206387,E
206390,E
206393,S
206403,E
206406,S
206419,S
206423,E
206426,S
206438,E
206452,S
206462,S
206465,S
206467,E
206472,E
206481,E
206485,S
206488,E
206492,E
206493,S
206520,S
206523,S
206524,S
206525,S
206540,S
206557,S
206563,S
206568,S
206583,E
206586,S
206590,S
206593,E
206597,E
206606,E
206616,S
206625,E
206629,E
206639,E
206640,E
206647,S
206660,E
206667,S
206676,S
206684,E
206688,E
206689,S
206691,E
206701,S
206706,E
206709,E
206714,S
206732,E
206736,S
206743,S
206761,E
206768,E
206801,S
206806,E
206810,S
206812,S
206817,E
206821,S
206823,S
206829,E
206830,S
206833,S
206835,S
206837,S
206838,E
206845,S
206848,E
206849,S
206851,S
206856,S
206863,S
206869,E
206872,S
206873,S
206882,S
206888,E
206896,E
206905,S
206917,S
206941,E
206950,S
206953,S
206956,S
206967,E
206972,S
206985,E
206986,E
206990,E
206994,E
206996,S
206998,S
207005,E
207012,E
207014,S
207015,S
207030,S
207041,E
207047,E
207064,S
207069,S
207073,E
207102,S
207105,S
207113,E
207115,S
207121,E
207129,S
207133,E
207138,E
207141,S
207147,S
207169,S
207170,S
207182,E
207189,E
207191,E
207192,S
207195,S
207199,S
207203,S
207209,E
207216,E
207218,S
207220,S
207222,E
207228,E
207240,E
207241,S
207255,E
207259,S
207268,S
207273,E
207281,E
207284,E
207286,S
207287,S
207290,E
207292,E
207300,S
207302,S
207304,E
207318,E
207319,E
207320,S
207333,S
207336,E
207348,S
207350,E
207353,E
207363,E
207367,S
207373,E
207380,E
207386,E
207395,E
207399,E
207401,E
207402,S
207408,S
207413,S
207422,S
207443,S
207473,S
207479,E
207483,E
207485,S
207488,S
207489,S
207495,S
207500,S
207502,S
207504,E
207510,S
207513,S
207515,E
207518,S
207519,E
207525,S
207526,S
207559,S
207560,S
207562,E
207584,S
207588,S
207592,S
207597,S
207600,S
207605,E
207613,S
207614,E
207640,E
207647,S
207649,S
207655,S
207656,S
207660,S
207664,S
207668,S
207669,S
207675,S
207679,S
207684,E
207686,S
207687,E
207691,S
207702,E
207717,E
207718,S
207722,S
207724,S
207726,E
207741,E
207744,E
207754,S
207755,S
207758,S
207761,E
207762,E
207767,E
207776,S
207780,E
207781,E
207787,S
207791,E
207792,S
207794,E
207804,E
207807,E
207809,E
207811,E
207814,E
207817,S
207843,S
207854,S
207859,E
207871,S
207883,E
207891,E
207899,S
207906,E
207909,E
207913,S
207916,S
207924,E
207929,S
207944,E
207946,E
207948,E
207950,S
207956,S
207977,S
207980,S
207984,S
207985,E
207995,E
207999,S
208014,S
208015,S
208034,E
208045,E
208047,S
208049,E
208055,E
208059,S
208067,E
208071,S
208072,S
208085,S
208094,S
208100,S
208101,S
208102,S
208103,S
208104,S
208108,S
208112,S
208114,S
208119,E
208122,S
208123,E
208126,E
208135,E
208141,S
208145,E
208165,E
208174,S
208185,E
208191,S
208192,S
208201,S
208222,S
208226,E
208237,E
208238,S
208242,E
208243,E
208244,S
208246,E
208251,S
208261,S
208264,S
208273,E
208276,E
208301,S
208302,S
208313,S
208317,S
208321,S
208325,E
208331,S
208335,S
208352,S
208354,S
208365,E
208375,E
208379,E
208404,E
208406,S
208415,S
208419,E
208427,S
208432,S
208440,S
208442,E
208444,S
208445,S
208446,E
208448,S
208453,E
208458,E
208484,E
208493,S
208496,S
208499,S
208510,S
208517,E
208520,S
208523,S
208527,E
208528,S
208536,E
208538,S
208542,E
208547,E
208555,E
208558,S
208562,S
208573,S
208582,S
208584,S
208591,E
208595,S
208599,E
208600,E
208601,E
208602,S
208604,E
208611,E
208617,S
208621,S
208623,E
208624,S
208649,E
208672,E
208676,E
208715,S
208719,S
208722,E
208724,E
208750,S
208759,E
208761,E
208763,E
208764,S
208777,S
208786,S
208787,S
208789,E
208791,E
208796,E
208806,E
208809,E
208815,E
208822,S
208823,E
208824,S
208828,S
208834,E
208839,S
208840,S
208843,E
208856,E
208862,E
208863,S
208879,S
208884,S
208887,S
208888,E
208899,E
208905,E
208920,S
208921,S
208923,S
208925,S
208926,E
208928,S
208929,S
208933,S
208939,E
208942,E
208949,S
208951,S
208961,S
208979,E
208997,E
208999,E
209001,E
209003,E
209004,E
209016,E
209032,E
209036,S
209037,S
209048,E
209051,S
209061,E
209065,E
209070,S
209079,S
209080,S
209083,S
209087,S
209109,E
209117,E
209118,E
209122,E
209144,E
209153,S
209167,S
209171,S
209179,S
209181,E
209182,E
209189,E
209190,E
209192,S
209194,S
209211,S
209218,E
209223,E
209232,S
209233,S
209241,S
209243,E
209255,E
209261,E
209265,S
209266,S
209275,S
209277,E
209278,S
209280,E
209289,E
209302,E
209305,E
209310,S
209326,E
209336,E
209337,S
209339,S
209348,E
209369,E
209372,S
209374,E
209399,S
209407,S
209408,S
209416,E
209418,S
209426,S
209427,S
209439,S
209441,S
209443,S
209453,S
209475,E
209481,S
209483,E
209486,S
209490,E
209493,E
209497,S
209506,S
209510,E
209517,S
209520,S
209531,E
209540,S
209546,S
209551,E
209555,E
209557,E
209571,S
209579,S
209601,E
209610,E
209621,S
209632,E
209637,E
209642,S
209643,S
209667,E
209679,S
209686,S
209688,S
209691,E
209694,S
209704,E
209706,E
209709,S
209714,S
209716,S
209725,S
209734,S
209741,S
209755,S
209759,S
209771,S
209781,S
209799,E
209804,S
209812,S
209817,E
209825,E
209831,E
209835,E
209838,E
209840,S
209842,E
209843,S
209847,S
209851,S
209859,S
209862,E
209865,E
209866,S
209873,S
209887,E
209888,S
209890,S
209896,S
209900,S
209906,S
209910,S
209914,S
209925,S
209934,E
209945,S
209949,E
209955,E
209980,S
209982,S
210003,E
210009,E
210013,S
210014,S
210016,E
210022,E
210036,E
210045,E
210049,S
210060,E
210062,E
210070,E
210075,S
210084,E
210086,S
210108,E
210110,E
210116,S
210117,E
210118,S
210138,E
210140,S
210145,E
210157,S
210163,E
210188,S
210192,S
210200,E
210202,E
210206,E
210225,S
210229,E
210234,S
210250,E
210263,S
210264,S
210274,S
210278,S
210283,S
210291,E
210302,E
210306,S
210312,S
210315,S
210320,S
210323,E
210348,E
210356,S
210361,E
210363,S
210369,E
210372,E
210377,S
210389,S
210392,E
210397,S
210401,S
210403,S
210404,S
210426,S
210430,E
210442,S
210448,S
210450,E
210470,S
210471,S
210472,E
210474,E
210484,S
210500,S
210509,S
210515,S
210517,S
210519,S
210524,E
210525,S
210534,E
210540,E
210564,E
210565,E
210574,S
210578,E
210579,E
210595,E
210606,E
210619,S
210630,E
210633,E
210638,S
210639,S
210649,S
210658,E
210659,S
210667,E
210670,E
210678,S
210698,S
210702,E
210709,S
210714,E
210729,S
210734,S
210737,E
210740,E
210746,S
210759,S
210769,E
210775,E
210777,S
210779,S
210782,E
210784,E
210785,S
210786,E
210787,E
210790,S
210806,E
210816,S
210827,S
210829,S
210830,S
210831,S
210840,S
210841,E
210852,S
210854,E
210855,S
210859,S
210860,E
210865,E
210876,E
210877,E
210881,E
210896,E
210903,S
210905,E
210921,S
210922,E
210924,E
210936,S
210952,E
210961,S
210966,E
210970,E
210981,E
210983,E
210984,E
210991,S
211004,S
211007,E
211008,S
211010,S
211026,E
211046,S
211052,E
211060,E
211065,S
211066,S
211075,S
211079,S
211085,S
211092,S
211096,S
211098,E
211108,S
211116,S
211127,E
211131,E
211136,S
211137,E
211148,S
211150,S
211152,E
211153,E
211156,S
211159,S
211160,E
211169,E
211171,S
211174,S
211184,S
211185,E
211192,S
211194,E
211203,E
211204,S
211206,S
211211,S
211212,S
211214,S
211227,S
211229,S
211231,E
211232,E
211237,E
211242,E
211245,E
211248,E
211252,E
211261,S
211266,S
211271,S
211286,E
211288,S
211293,S
211295,S
211299,S
211301,S
211314,E
211319,E
211336,E
211340,S
211345,S
211357,S
211361,E
211368,E
211369,S
211381,E
211383,E
211390,E
211391,E
211393,S
211394,E
211402,E
211404,S
211407,S
211417,S
211420,S
211422,E
211427,E
211428,E
211437,E
211444,S
211446,E
211449,S
211450,E
211458,E
211472,E
211480,S
211482,S
211491,S
211493,E
211495,E
211498,S
211503,E
211507,E
211523,S
211524,S
211527,E
211541,E
211542,E
211551,E
211554,E
211563,E
211566,S
211568,E
211569,S
211588,E
211590,S
211596,E
211600,E
211610,S
211615,E
211616,E
211621,S
211625,S
211632,E
211636,E
211637,E
211647,S
211648,E
211652,S
211656,S
211657,E
211661,E
211662,S
211674,S
211679,E
211680,E
211686,S
211693,E
211697,S
211704,E
211709,S
211711,E
211715,E
211716,S
211717,S
211721,E
211730,S
211733,S
211739,S
211752,E
211757,S
211766,S
211779,S
211783,S
211788,E
211789,E
211818,E
211821,E
211827,S
211830,S
211835,E
211842,S
211854,S
211857,S
211858,E
211859,S
211874,S
211879,S
211892,S
211899,S
211900,E
211906,S
211917,E
211923,S
211924,S
211928,E
211932,E
211941,E
211950,E
211952,E
211971,S
211977,S
211980,S
211983,S
211984,E
211985,E
211988,E
211993,S
212000,S
212002,S
212012,E
212027,S
212030,S
212035,E
212039,E
212041,S
212047,S
212058,S
212060,S
212061,S
212064,S
212067,E
212070,E
212078,S
212079,E
212086,S
212093,S
212101,S
212122,S
212127,E
212137,S
212140,S
212141,E
212149,E
212151,E
212152,S
212161,S
212176,E
212178,S
212179,S
212187,E
212192,E
212196,S
212200,S
212209,S
212211,S
212216,S
212227,S
212229,E
212239,S
212250,E
212251,E
212259,S
212260,S
212266,S
212272,S
212304,S
212307,S
212317,S
212338,S
212343,S
212344,E
212351,E
212352,S
212359,E
212363,S
212377,S
212379,S
212384,S
212404,S
212409,E
212415,S
212421,S
212424,S
212425,S
212438,E
212446,S
212447,E
212453,E
212455,E
212458,S
212460,S
212467,S
212470,E
212478,S
212481,E
212495,S
212498,E
212504,S
212515,E
212517,E
212518,E
212521,S
212522,E
212523,E
212529,S
212534,S
212537,E
212544,S
212548,S
212551,E
212553,S
212554,E
212561,S
212572,S
212573,S
212576,S
212577,S
212587,E
212590,S
212597,E
212598,E
212599,E
212606,S
212612,S
212629,E
212639,S
212640,S
212643,S
212647,S
212657,S
212658,E
212666,E
212668,E
212675,E
212678,E
212680,E
212691,S
212711,E
212714,S
212719,S
212725,E
212726,S
212741,S
212752,E
212757,E
212758,S
212761,E
212771,S
212772,S
212783,E
212789,S
212809,E
212810,S
212813,S
212821,S
212825,S
212826,S
212838,S
212846,S
212852,S
212859,S
212864,S
212867,S
212877,S
212878,S
212884,S
212887,S
212902,E
212907,S
212918,E
212919,E
212920,S
212924,S
212934,E
212939,E
212945,E
212951,E
212966,S
212968,S
212978,E
212981,S
212984,S
212985,S
212989,E
212992,S
212995,E
212999,S
213008,E
213009,S
213010,E
213015,S
213018,E
213019,S
213021,E
213023,E
213026,E
213031,S
213040,E
213043,S
213047,E
213049,S
213054,E
213057,E
213073,S
213076,S
213080,S
213091,E
213095,S
213099,S
213103,S
213106,E
213112,E
213114,S
213118,S
213126,S
213135,E
213142,E
213151,S
213154,S
213155,E
213162,S
213163,E
213182,S
213187,E
213192,E
213194,E
213195,E
213200,E
213203,E
213226,S
213227,E
213229,E
213236,E
213247,S
213248,S
213251,S
213253,E
213257,S
213273,S
213274,S
213281,S
213296,E
213300,E
213304,E
213308,S
213315,S
213317,S
213322,S
213325,S
213330,S
213337,S
213341,E
213356,S
213360,S
213361,S
213362,S
213366,S
213367,S
213369,S
213378,E
213383,E
213385,E
213391,E
213403,S
213404,E
213414,S
213435,E
213436,S
213455,E
213458,S
213467,E
213468,S
213469,E
213472,E
213473,E
213475,E
213489,S
213493,S
213502,S
213526,S
213541,S
213544,E
213547,S
213551,S
213557,E
213560,E
213562,S
213564,S
213574,S
213583,S
213586,E
213598,E
213611,S
213616,E
213617,S
213620,E
213621,E
213630,S
213640,S
213652,E
213657,S
213685,S
213687,S
213695,S
213703,S
213715,S
213716,S
213724,S
213726,E
213739,E
213747,S
213749,E
213750,E
213752,E
213757,S
213770,S
213773,E
213776,E
213777,S
213781,E
213790,E
213796,E
213803,S
213804,S
213811,S
213823,E
213833,S
213834,E
213835,S
213846,E
213848,S
213852,S
213855,E
213857,E
213865,S
213872,S
213877,S
213899,S
213904,S
213905,S
213931,E
213934,S
213941,S
213942,E
213948,S
213949,S
213963,S
213965,S
213972,S
213974,S
213975,A
213981,E
213991,S
214002,S
214008,S
214010,S
214014,S
214025,E
214036,S
214052,E
214054,E
214056,E
214057,S
214062,E
214069,S
214070,S
214079,S
214085,S
214091,S
214097,S
214108,S
214109,S
214117,E
214119,S
214131,S
214132,S
214139,S
214144,S
214158,E
214159,S
214166,S
214171,S
214175,S
214191,S
214195,E
214201,E
214212,S
214227,S
214238,E
214239,S
214244,S
214246,S
214249,S
214250,E
214257,S
214258,E
214259,E
214264,S
214268,E
214277,S
214283,E
214294,S
214300,S
214304,E
214305,E
214313,E
214318,E
214322,S
214331,S
214338,E
214344,E
214354,E
214372,S
214374,E
214377,S
214390,S
214391,S
214395,S
214403,E
214413,S
214419,S
214423,S
214430,S
214434,S
214453,E
214458,S
214467,E
214469,E
214472,S
214478,E
214483,E
214496,E
214507,S
214508,E
214513,S
214521,E
214525,S
214530,E
214531,S
214536,S
214539,E
214549,E
214554,S
214556,S
214569,E
214572,S
214576,S
214595,S
214605,S
214613,S
214615,E
214617,S
214618,S
214624,E
214626,S
214627,E
214632,E
214643,E
214646,S
214651,S
214657,S
214660,S
214662,E
214677,S
214678,S
214679,E
214680,S
214681,S
214684,E
214685,S
214692,E
214702,E
214704,E
214711,S
214717,S
214724,E
214728,S
214741,S
214751,E
214754,S
214765,S
214766,S
214774,E
214775,S
214776,E
214777,S
214779,S
214785,S
214794,S
214800,E
214801,S
214803,E
214808,E
214821,S
214822,S
214825,E
214833,E
214834,S
214842,S
214851,S
214853,S
214855,S
214859,S
214863,S
214864,S
214873,S
214874,S
214875,S
214878,E
214880,S
214882,S
214885,E
214886,S
214890,S
214899,S
214900,S
214903,E
214906,S
214907,S
214911,S
214920,S
214928,S
214931,S
214946,E
214952,S
214954,S
214969,S
214979,E
214994,S
215007,E
215008,E
215018,S
215023,E
215025,S
215033,E
215037,E
215042,S
215050,E
215057,S
215058,E
215060,S
215064,E
215082,S
215084,E
215086,S
215090,S
215094,E
215099,S
215101,S
215104,S
215105,E
215110,S
215111,E
215114,S
215115,E
215123,E
215133,E
215141,E
215147,S
215153,S
215163,E
215165,S
215170,S
215187,S
215188,E
215191,E
215195,S
215208,E
215218,S
215220,E
215221,S
215226,S
215229,S
215231,S
215235,E
215242,E
215258,E
215265,E
215269,S
215272,S
215275,S
215277,S
215282,S
215283,E
215290,S
215295,S
215305,E
215306,E
215308,S
215322,S
215325,S
215328,S
215360,S
215362,S
215365,S
215371,S
215377,S
215381,S
215389,E
215395,S
215396,E
215400,S
215422,E
215423,S
215424,E
215431,S
215438,E
215445,E
215448,S
215450,S
215453,E
215454,E
215462,S
215469,S
215471,S
215473,E
215474,E
215475,S
215485,S
215490,S
215491,E
215494,S
215496,S
215513,S
215539,S
215547,E
215558,S
215559,E
215563,S
215567,E
215572,E
215573,E
215577,S
215579,S
215589,S
215590,S
215592,E
215608,E
215609,S
215620,E
215629,S
215635,E
215657,E
215662,E
215670,E
215672,S
215678,S
215687,E
215691,A
215706,S
215719,E
215729,E
215731,S
215747,E
215759,S
215767,E
215798,S
215812,S
215817,S
215823,S
215826,E
215833,S
215838,S
215850,S
215851,E
215853,S
215861,E
215866,E
215872,E
215882,S
215885,E
215888,S
215908,E
215930,S
215937,S
215939,S
215946,S
215949,S
215953,S
215956,E
215961,S
215968,E
215971,E
215972,S
215995,E
215996,S
215998,S
216002,S
216005,S
216008,S
216010,E
216017,E
216020,S
216023,S
216037,S
216039,S
216044,S
216065,S
216075,E
216077,E
216078,E
216082,S
216083,E
216089,S
216120,S
216128,S
216129,E
216144,E
216150,S
216153,E
216167,S
216169,E
216173,S
216174,S
216175,E
216176,E
216177,E
216186,S
216198,S
216206,S
216209,S
216217,E
216219,E
216226,E
216239,S
216254,S
216264,E
216265,S
216273,S
216274,E
216275,E
216276,E
216281,S
216284,S
216286,S
216287,E
216288,S
216292,S
216300,S
216301,E
216303,E
216304,E
216321,E
216324,S
216346,E
216349,E
216367,S
216369,E
216382,S
216386,S
216389,S
216392,S
216394,E
216395,S
216407,S
216413,S
216422,S
216428,E
216432,S
216434,E
216440,E
216450,S
216453,E
216454,S
216467,S
216471,E
216478,E
216480,S
216481,E
216483,E
216492,S
216494,E
216497,E
216498,S
216499,S
216500,E
216501,S
216506,S
216511,S
216516,S
216525,E
216544,S
216557,S
216561,S
216566,E
216575,E
216576,S
216584,S
216586,S
216588,S
216590,S
216600,S
216611,S
216627,S
216628,E
216629,E
216632,S
216634,A
216635,S
216638,S
216656,E
216676,S
216677,E
216683,S
216685,E
216688,E
216689,E
216699,S
216705,E
216708,E
216714,S
216736,S
216744,S
216764,S
216770,S
216776,E
216778,E
216781,E
216782,S
216784,S
216788,S
216801,S
216802,E
216823,E
216828,S
216843,E
216844,S
216859,S
216863,S
216866,E
216871,S
216873,S
216874,S
216876,S
216880,S
216890,E
216901,S
216903,S
216904,E
216905,E
216913,E
216917,E
216918,S
216921,E
216935,S
216940,E
216945,S
216951,E
216954,E
216956,S
216959,S
216965,E
216972,S
216974,S
216980,E
216981,E
216990,E
216996,S
217003,S
217005,E
217007,E
217015,S
217022,S
217027,S
217030,E
217032,S
217035,E
217049,E
217051,E
217083,S
217085,E
217087,E
217096,E
217101,S
217107,S
217119,S
217123,S
217126,S
217127,E
217128,S
217132,S
217136,S
217137,E
217142,S
217151,E
217154,S
217159,E
217161,E
217162,E
217165,S
217190,E
217194,E
217196,E
217202,S
217213,E
217239,E
217263,S
217269,E
217281,S
217287,S
217293,S
217300,S
217304,E
217307,E
217324,S
217333,S
217343,E
217346,S
217369,S
217375,S
217378,E
217379,S
217380,E
217387,S
217390,S
217393,E
217396,E
217402,E
217407,S
217422,E
217427,E
217438,E
217443,S
217455,S
217464,S
217467,S
217468,S
217469,E
217470,S
217472,E
217473,S
217475,E
217484,S
217486,S
217490,S
217495,E
217498,E
217507,E
217528,S
217536,S
217544,S
217550,S
217558,E
217559,E
217564,S
217571,E
217579,E
217585,E
217595,E
217598,E
217614,S
217619,E
217621,E
217624,S
217632,E
217636,E
217655,E
217665,S
217672,E
217674,E
217682,E
217684,S
217690,E
217709,S
217712,E
217715,S
217729,E
217736,S
217748,E
217751,S
217760,E
217770,S
217773,S
217776,S
217779,S
217787,S
217791,S
217796,E
217797,S
217800,E
217803,S
217804,E
217822,E
217826,S
217829,S
217830,S
217831,S
217839,S
217856,E
217861,E
217867,E
217868,S
217877,E
217878,E
217891,S
217902,S
217906,S
217908,E
217909,S
217915,E
217921,S
217930,E
217936,S
217951,S
217958,S
217960,E
217971,S
217979,S
217987,S
217990,E
218001,E
218004,E
218006,E
218011,E
218022,S
218027,E
218032,S
218040,S
218062,S
218065,E
218075,S
218083,E
218086,S
218089,S
218103,S
218110,E
218120,S
218122,S
218133,E
218134,S
218138,E
218161,S
218177,E
218181,S
218193,S
218200,S
218217,E
218223,E
218230,S
218234,E
218243,S
218250,E
218252,S
218254,S
218255,S
218264,E
218278,E
218279,S
218281,S
218300,S
218301,S
218311,S
218314,S
218315,E
218321,S
218336,S
218341,E
218343,S
218354,S
218364,E
218371,S
218382,E
218406,S
218412,S
218417,E
218419,S
218435,S
218438,S
218440,E
218444,E
218448,S
218452,S
218479,S
218489,E
218496,S
218524,E
218525,S
218531,E
218534,S
218543,E
218546,S
218556,S
218574,S
218592,S
218605,S
218608,E
218623,S
218642,S
218643,S
218645,E
218648,S
218656,E
218658,S
218659,S
218661,S
218673,S
218676,E
218692,E
218695,S
218697,S
218708,S
218715,S
218721,E
218728,S
218734,S
218736,S
218738,E
218749,S
218751,E
218764,E
218770,S
218782,S
218794,E
218798,S
218807,E
218812,A
218819,E
218833,S
218845,S
218853,E
218858,S
218870,S
218877,S
218904,E
218906,S
218907,E
218909,S
218925,S
218943,S
218945,S
218958,S
218963,E
218965,S
218968,E
218973,E
218982,E
218998,E
219001,S
219007,E
219009,S
219010,S
219013,S
219018,E
219024,S
219028,S
219042,S
219044,S
219047,E
219050,S
219052,E
219057,S
219067,S
219071,S
219073,S
219084,S
219094,S
219118,S
219125,S
219134,E
219141,S
219151,S
219153,E
219163,E
219171,S
219172,S
219187,S
219189,S
219190,S
219198,S
219200,E
219209,E
219210,S
219216,S
219221,E
219222,S
219227,S
219228,E
219232,E
219234,S
219235,S
219239,E
219244,S
219251,S
219253,S
219256,S
219268,S
219270,E
219273,S
219283,S
219287,E
219294,E
219297,E
219306,E
219312,S
219313,S
219319,S
219323,E
219324,S
219326,S
219332,E
219335,S
219338,E
219339,S
219340,E
219342,S
219343,E
219348,S
219349,S
219355,S
219406,S
219412,S
219428,E
219434,S
219436,S
219444,S
219452,E
219457,S
219458,E
219460,E
219466,S
219469,S
219476,S
219486,E
219499,E
219518,S
219523,S
219527,S
219533,E
219536,E
219538,S
219543,E
219545,E
219553,E
219558,S
219559,S
219561,S
219565,E
219568,S
219570,S
219592,S
219595,S
219600,E
219604,E
219605,S
219620,S
219628,S
219631,S
219633,S
219643,E
219646,S
219652,S
219661,S
219667,S
219668,S
219674,E
219682,S
219684,E
219687,S
219694,S
219717,S
219718,E
219726,S
219732,E
219744,E
219746,S
219753,S
219764,E
219765,E
219767,S
219768,S
219774,E
219775,E
219776,S
219778,E
219779,S
219780,S
219782,S
219785,S
219790,E
219797,S
219799,S
219803,S
219805,E
219806,E
219810,E
219815,E
219821,S
219846,S
219850,E
219853,S
219855,E
219856,E
219858,E
219871,S
219873,S
219880,S
219881,S
219889,S
219892,S
219894,S
219916,E
219928,E
219937,E
219943,S
219991,E
219996,E
219999,S
220002,S
220009,S
220013,E
220020,E
220021,S
220027,E
220031,S
220034,E
220037,S
220038,E
220044,S
220060,E
220061,S
220062,S
220068,S
220071,S
220072,S
220089,E
220096,E
220111,E
220116,E
220125,E
220134,E
220140,E
220141,E
220142,S
220147,S
220155,S
220159,E
220172,S
220180,S
220190,E
220191,E
220193,E
220205,S
220224,E
220245,E
220247,E
220258,E
220261,S
220263,S
220284,S
220287,E
220293,E
220303,S
220305,S
220308,E
220314,S
220316,S
220319,E
220322,S
220323,S
220340,E
220341,S
220347,S
220351,S
220359,E
220361,S
220368,E
220370,S
220371,S
220379,S
220397,S
220398,E
220412,S
220424,E
220427,E
220437,E
220441,E
220444,E
220449,E
220453,E
220454,E
220455,S
220460,E
220464,S
220466,S
220467,S
220476,E
220480,E
220487,S
220489,E
220499,S
220510,E
220511,S
220528,E
220529,S
220531,S
220536,S
220539,E
220554,E
220555,E
220571,E
220579,E
220580,E
220581,E
220589,E
220593,E
220599,E
220606,S
220608,S
220617,E
220629,S
220632,S
220641,S
220642,E
220644,E
220648,E
220649,S
220650,S
220651,S
220652,E
220653,S
220655,S
220658,S
220672,E
220680,S
220689,S
220698,E
220699,E
220700,S
220722,S
220727,E
220731,S
220732,E
220735,E
220742,E
220765,E
220766,E
220780,S
220781,S
220787,S
220789,S
220793,E
220798,S
220800,S
220801,S
220815,S
220820,E
220821,E
220831,E
220836,E
220841,E
220844,S
220849,S
220869,S
220873,S
220875,E
220876,E
220882,S
220885,S
220888,E
220891,E
220897,S
220899,E
220921,S
220951,E
220952,E
220953,E
220959,E
220972,S
220974,E
220982,E
220986,E
220990,S
220991,S
221003,S
221008,S
221009,E
221012,E
221016,E
221026,S
221031,S
221038,E
221039,S
221041,E
221048,S
221055,S
221059,S
221063,E
221068,S
221080,E
221084,E
221090,S
221098,S
221104,S
221107,S
221114,E
221117,E
221119,E
221121,S
221130,S
221137,E
221143,E
221151,E
221155,E
221158,S
221164,E
221171,E
221173,S
221181,E
221194,S
221196,S
221222,S
221225,S
221238,S
221239,E
221255,E
221262,E
221273,S
221285,E
221289,E
221296,E
221298,E
221299,S
221303,E
221304,E
221307,E
221310,E
221320,S
221322,S
221323,E
221329,S
221342,E
221364,S
221382,E
221385,S
221386,S
221397,E
221398,E
221406,E
221412,S
221416,E
221423,S
221428,E
221452,S
221457,S
221461,S
221463,S
221475,E
221479,E
221482,E
221487,S
221490,E
221497,S
221519,S
221534,E
221543,E
221548,S
221580,E
221586,E
221595,S
221596,S
221602,E
221621,E
221627,E
221643,S
221644,S
221646,S
221647,E
221648,S
221649,S
221657,E
221661,S
221691,S
221697,S
221708,E
221716,S
221721,S
221733,S
221737,S
221759,E
221760,S
221764,S
221771,S
221800,E
221803,E
221812,S
221828,S
221844,S
221856,E
221859,S
221869,S
221872,S
221881,S
221882,S
221884,E
221890,S
221901,S
221903,S
221907,S
221909,E
221911,S
221912,S
221930,S
221936,S
221953,E
221962,E
221967,E
221968,E
221969,E
221970,S
221971,E
221973,E
221981,S
221994,S
221999,E
222006,S
222016,E
222020,S
222022,E
222033,S
222034,E
222035,S
222044,E
222045,S
222052,E
222055,E
222068,E
222081,S
222087,S
222092,S
222095,E
222099,S
222102,E
222114,S
222124,E
222127,S
222129,S
222144,E
222145,E
222165,E
222181,S
222192,E
222199,S
222201,S
222208,S
222212,E
222221,S
222222,S
222236,S
222237,E
222242,S
222253,S
222257,S
222262,E
222271,S
222273,S
222288,E
222305,S
222307,S
222310,S
222314,E
222315,S
222320,S
222322,E
222325,E
222331,S
222332,S
222344,E
222353,S
222355,S
222362,S
222363,S
222370,E
222373,S
222377,E
222381,E
222384,S
222385,E
222390,S
222392,S
222403,S
222423,E
222437,E
222440,E
222449,S
222450,S
222452,S
222473,S
222490,S
222501,E
222506,S
222514,S
222515,S
222525,S
222534,E
222555,E
222569,E
222572,E
222573,E
222577,E
222578,S
222585,S
222596,E
222604,E
222628,S
222633,E
222653,E
222657,S
222658,E
222661,S
222662,E
222663,E
222666,E
222670,S
222674,S
222685,S
222687,S
222698,S
222703,S
222705,S
222707,S
222710,E
222717,A
222721,E
222735,S
222739,S
222746,S
222751,S
222759,S
222760,E
222767,S
222768,S
222769,E
222772,E
222773,E
222790,S
222805,S
222819,S
222832,S
222858,E
222861,S
222870,S
222873,S
222903,S
222909,S
222914,E
222920,S
222925,S
222927,S
222932,S
222938,S
222940,E
222961,S
222965,S
222967,S
222977,E
222984,S
222986,E
222995,S
223004,S
223018,E
223023,S
223039,S
223046,S
223049,S
223052,S
223073,E
223081,E
223084,E
223100,S
223105,S
223110,E
223113,S
223114,E
223116,S
223117,S
223122,S
223126,S
223133,S
223136,E
223142,E
223144,S
223147,E
223165,E
223168,S
223187,S
223197,S
223200,S
223203,S
223214,S
223232,S
223243,E
223269,S
223274,S
223278,S
223280,E
223282,E
223294,S
223295,E
223296,S
223301,S
223309,S
223312,S
223323,S
223326,S
223333,E
223334,S
223343,E
223352,S
223355,S
223375,S
223378,E
223390,S
223393,S
223401,S
223403,S
223407,S
223423,E
223430,S
223445,E
223458,E
223462,S
223465,E
223466,S
223472,E
223500,S
223503,E
223509,E
223533,S
223545,S
223571,S
223572,E
223575,E
223579,E
223580,S
223581,S
223586,E
223590,S
223595,E
223607,S
223608,S
223609,S
223611,E
223620,S
223638,E
223646,E
223652,S
223659,E
223676,S
223686,E
223688,E
223704,E
223709,E
223720,E
223737,E
223744,E
223746,S
223755,S
223763,S
223770,S
223771,S
223774,S
223781,E
223799,E
223804,S
223815,S
223819,E
223822,E
223829,E
223852,E
223859,S
223862,S
223874,S
223876,E
223891,S
223893,E
223898,S
223899,S
223904,E
223924,E
223929,S
223949,S
223950,S
223951,S
223954,E
223956,S
223962,S
223965,S
223972,S
223977,E
223978,S
223979,S
223980,S
223983,S
223987,E
223990,E
223992,S
223999,E
224002,S
224004,S
224010,E
224012,S
224014,E
224015,E
224017,E
224021,E
224039,S
224043,S
224044,E
224046,S
224048,E
224049,S
224052,E
224064,E
224067,E
224076,E
224084,E
224085,S
224096,S
224099,S
224102,S
224111,E
224117,E
224141,S
224142,E
224143,E
224145,E
224148,S
224150,E
224152,E
224160,S
224162,S
224171,S
224173,S
224182,E
224209,S
224212,S
224218,E
224222,S
224228,S
224253,S
224260,E
224272,S
224273,S
224280,S
224281,S
224287,S
224289,E
224306,E
224312,E
224325,S
224336,S
224340,S
224348,S
224351,E
224352,S
224356,S
224362,S
224380,E
224392,E
224400,S
224401,S
224410,S
224412,S
224415,E
224430,E
224432,E
224435,E
224440,S
224445,S
224458,S
224461,S
224462,E
224464,E
224477,E
224496,S
224502,E
224509,E
224510,S
224516,E
224517,E
224521,S
224534,S
224542,E
224555,S
224558,S
224565,E
224566,S
224570,S
224578,E
224589,S
224591,S
224593,E
224605,E
224607,E
224640,E
224641,S
224647,E
224653,E
224662,S
224666,E
224668,E
224674,E
224684,E
224698,E
224699,S
224702,E
224706,E
224707,E
224713,E
224743,E
224749,S
224753,E
224767,E
224769,S
224775,E
224793,S
224794,S
224795,S
224798,S
224806,S
224808,S
224817,S
224821,S
224827,E
224831,E
224833,E
224835,E
224836,S
224841,S
224853,E
224856,S
224864,S
224865,E
224866,S
224871,S
224878,E
224880,E
224894,E
224903,S
224905,E
224925,E
224932,E
224933,E
224934,S
224938,S
224953,E
224958,S
224968,E
224972,S
224973,E
224975,S
224982,S
225000,S
225005,S
225006,E
225016,E
225026,E
225040,S
225053,E
225057,S
225058,S
225066,S
225068,S
225077,E
225084,E
225090,E
225097,S
225098,S
225103,E
225108,E
225112,S
225115,S
225119,E
225121,S
225122,S
225126,S
225127,E
225129,E
225131,E
225134,S
225141,E
225143,E
225144,S
225146,E
225163,E
225169,S
225185,S
225187,E
225196,S
225200,S
225206,E
225211,S
225212,E
225220,S
225226,S
225229,S
225235,S
225237,S
225246,S
225255,S
225259,S
225260,S
225262,E
225263,E
225264,S
225267,S
225277,E
225278,S
225284,S
225291,E
225299,E
225300,E
225309,E
225329,S
225333,E
225348,S
225358,S
225361,S
225362,S
225365,S
225375,E
225389,E
225391,S
225394,E
225397,S
225402,S
225403,S
225404,S
225406,E
225407,S
225409,S
225418,S
225419,E
225420,S
225425,S
225430,S
225435,S
225455,S
225474,E
225489,S
225493,S
225495,S
225502,S
225508,E
225519,E
225530,S
225534,S
225544,S
225553,S
225565,S
225566,E
225569,S
225573,E
225579,S
225582,S
225585,S
225586,S
225594,S
225600,E
225607,S
225611,S
225617,E
225628,S
225638,S
225639,E
225661,S
225666,S
225671,S
225674,S
225675,E
225695,S
225698,S
225703,S
225706,S
225707,E
225720,E
225728,S
225739,S
225743,S
225747,S
225761,S
225778,S
225782,E
225784,S
225787,E
225797,E
225800,E
225803,S
225804,S
225809,E
225813,E
225832,S
225834,E
225842,E
225849,E
225851,S
225855,E
225863,E
225871,E
225872,S
225878,S
225881,E
225883,E
225885,S
225890,S
225894,E
225901,E
225902,S
225907,S
225912,E
225928,E
225939,E
225946,E
225950,E
225955,E
225957,E
225961,E
225984,S
225988,S
225993,E
225995,S
225996,E
226003,E
226005,E
226006,S
226024,S
226026,S
226027,E
226034,E
226035,E
226036,S
226047,S
226061,S
226068,E
226089,S
226096,S
226098,S
226101,S
226107,S
226117,E
226122,E
226125,S
226143,S
226148,S
226152,S
226161,S
226162,S
226171,S
226172,S
226183,E
226186,S
226188,E
226191,S
226192,S
226207,S
226208,S
226209,S
226219,E
226221,S
226224,E
226231,E
226238,S
226243,S
226244,S
226254,E
226263,E
226265,E
226274,E
226275,S
226286,S
226287,S
226290,S
226291,S
226293,S
226296,S
226303,S
226307,S
226308,S
226314,S
226317,E
226318,S
226331,S
226332,S
226333,S
226337,E
226343,S
226355,S
226356,S
226364,E
226370,S
226373,S
226376,S
226383,E
226384,S
226391,S
226395,E
226397,S
226400,S
226403,E
226406,S
226414,S
226421,S
226423,E
226424,S
226426,S
226427,S
226430,S
226431,S
226435,S
226457,S
226463,E
226466,E
226477,S
226480,E
226487,S
226495,S
226497,S
226498,S
226500,S
226506,S
226521,E
226524,E
226525,S
226526,E
226527,E
226545,S
226547,E
226552,E
226558,E
226561,E
226574,E
226577,E
226578,E
226580,S
226598,E
226602,E
226604,E
226609,S
226616,S
226617,E
226624,S
226626,S
226627,S
226640,E
226648,S
226650,E
226653,S
226662,E
226665,E
226666,S
226667,E
226668,E
226672,E
226674,S
226679,S
226684,S
226695,E
226698,S
226700,S
226704,E
226706,S
226714,S
226721,S
226726,E
226729,E
226754,E
226756,E
226771,S
226786,S
226789,E
226805,S
226810,S
226817,S
226823,E
226826,E
226832,S
226843,S
226849,S
226857,S
226858,E
226861,E
226870,E
226881,S
226886,S
226889,S
226890,S
226899,E
226908,E
226910,S
226914,E
226920,S
226923,S
226929,S
226933,E
226934,S
226937,S
226940,S
226948,S
226957,S
226959,S
226962,S
226965,S
226980,S
226983,E
226985,S
226987,S
226989,S
226993,S
227008,S
227014,S
227023,S
227024,E
227027,S
227029,E
227030,S
227031,E
227033,S
227037,S
227041,S
227050,E
227052,S
227053,E
227063,E
227068,E
227077,E
227081,E
227086,S
227087,S
227098,E
227104,S
227110,S
227115,S
227124,S
227125,S
227130,S
227132,E
227140,S
227157,E
227158,S
227161,S
227163,E
227165,S
227174,S
227176,S
227184,E
227194,E
227209,S
227210,E
227219,E
227228,S
227232,S
227233,S
227235,S
227244,S
227247,S
227256,S
227259,S
227262,E
227269,E
227271,S
227274,E
227276,E
227281,E
227283,S
227288,E
227290,S
227320,E
227330,E
227332,S
227362,E
227373,E
227374,S
227381,E
227390,S
227396,E
227405,S
227406,S
227410,S
227411,S
227417,S
227418,S
227433,S
227440,S
227441,S
227444,E
227462,S
227465,S
227468,S
227490,S
227498,E
227503,S
227509,S
227518,E
227519,E
227520,E
227524,S
227528,E
227531,E
227533,E
227537,S
227568,E
227571,E
227572,S
227573,S
227576,E
227591,S
227609,S
227613,E
227628,S
227630,S
227632,E
227637,S
227647,E
227654,E
227658,E
227664,S
227668,S
227669,S
227682,E
227689,E
227692,E
227695,S
227696,E
227698,S
227707,S
227720,S
227724,E
227725,S
227730,E
227734,S
227743,E
227748,S
227749,S
227754,S
227756,S
227768,E
227776,S
227782,E
227783,S
227788,S
227794,S
227800,E
227801,E
227805,S
227812,S
227818,E
227820,E
227825,E
227826,S
227828,S
227846,S
227848,E
227862,E
227869,E
227873,S
227879,E
227880,S
227882,S
227886,E
227888,E
227897,S
227913,S
227922,S
227929,S
227931,E
227932,E
227938,E
227964,S
227970,S
227973,S
227977,E
227978,S
227982,E
227986,E
227988,S
227990,S
227993,S
227995,S
227997,S
227998,E
228015,E
228022,S
228026,S
228031,S
228036,E
228047,S
228051,S
228056,E
228058,S
228061,E
228067,E
228075,S
228083,S
228099,E
228102,S
228110,E
228117,S
228121,S
228132,S
228182,E
228183,E
228184,S
228191,S
228195,S
228197,S
228198,S
228211,S
228224,E
228234,E
228240,E
228253,E
228257,E
228260,E
228266,S
228268,S
228273,E
228281,E
228283,E
228288,S
228289,E
228291,S
228299,E
228302,E
228304,S
228307,E
228309,S
228310,S
228315,E
228320,S
228326,S
228335,S
228338,S
228339,S
228342,S
228378,S
228379,E
228383,E
228387,S
228388,E
228397,S
228400,E
228409,S
228416,E
228432,S
228439,S
228445,S
228447,S
228451,S
228452,S
228455,S
228463,S
228486,E
228495,E
228501,E
228503,S
228508,E
228519,E
228520,S
228526,E
228528,S
228529,S
228534,E
228537,S
228547,S
228548,E
228556,S
228558,E
228561,E
228566,S
228571,S
228576,E
228601,S
228604,S
228617,S
228618,S
228625,S
228626,S
228634,E
228642,S
228644,E
228657,E
228668,E
228670,S
228678,E
228695,E
228697,S
228704,S
228705,S
228707,E
228716,S
228747,E
228761,E
228779,S
228780,S
228783,S
228789,S
228804,S
228814,E
228828,E
228831,S
228832,E
228834,S
228841,S
228847,E
228861,S
228865,E
228867,E
228869,E
228899,S
228900,E
228903,E
228907,E
228916,E
228917,E
228924,E
228929,S
228931,E
228932,E
228934,S
228936,E
228938,S
228942,E
228947,E
228949,S
228977,E
229034,S
229038,E
229042,E
229052,S
229053,E
229057,S
229060,E
229071,E
229076,E
229077,S
229079,E
229085,S
229091,S
229099,S
229102,S
229114,S
229118,S
229134,S
229137,S
229139,S
229150,S
229154,S
229157,S
229161,E
229166,S
229171,E
229172,S
229175,E
229187,S
229201,S
229215,S
229241,E
229243,E
229255,S
229256,S
229261,E
229268,S
229277,E
229283,E
229287,E
229292,E
229302,S
229304,E
229306,E
229326,E
229332,S
229333,S
229336,S
229338,E
229339,E
229344,S
229346,E
229349,S
229351,E
229372,S
229374,S
229392,S
229417,S
229420,E
229425,E
229439,S
229440,S
229445,S
229446,S
229447,E
229449,E
229451,S
229464,S
229479,S
229482,E
229488,S
229490,E
229499,E
229504,E
229506,E
229511,S
229524,E
229526,S
229541,S
229546,S
229547,S
229551,S
229552,S
229558,E
229580,S
229583,S
229584,S
229586,E
229596,E
229602,S
229615,E
229619,S
229620,S
229622,S
229632,S
229633,E
229637,S
229639,E
229644,S
229646,E
229660,S
229665,E
229670,E
229675,S
229676,E
229678,S
229685,S
229686,E
229687,S
229688,S
229689,S
229698,E
229699,E
229706,S
229707,S
229712,S
229714,E
229715,E
229717,E
229719,S
229725,S
229726,S
229727,E
229738,S
229753,E
229758,S
229759,S
229763,E
229767,E
229778,S
229779,S
229781,S
229784,S
229786,S
229795,E
229800,S
229805,S
229809,E
229810,E
229826,S
229828,S
229831,E
229835,E
229836,S
229852,S
229861,E
229871,E
229874,E
229878,S
229883,E
229889,E
229892,E
229902,S
229903,S
229916,E
229922,E
229924,S
229927,E
229929,E
229931,E
229946,S
229948,S
229962,S
229963,S
229965,S
229967,S
229970,E
229983,S
229988,S
229994,S
229998,E
230001,E
230008,S
230009,S
230010,S
230015,S
230017,S
230055,S
230059,E
230063,S
230066,E
230076,E
230089,S
230092,S
230096,E
230120,E
230123,S
230137,E
230142,E
230148,S
230164,E
230173,S
230182,E
230183,S
230184,E
230185,S
230190,S
230199,S
230201,S
230217,S
230228,E
230233,E
230236,E
230242,E
230256,S
230258,E
230263,S
230269,E
230271,S
230275,S
230284,S
230286,S
230293,S
230299,E
230303,E
230308,S
230310,S
230312,E
230315,E
230319,S
230329,S
230336,E
230337,S
230344,E
230348,S
230352,E
230359,S
230371,E
230372,E
230373,E
230375,E
230383,E
230386,S
230395,S
230400,S
230405,S
230406,S
230411,S
230435,E
230443,E
230447,E
230453,E
230467,E
230471,E
230475,E
230477,E
230486,S
230489,S
230490,S
230497,S
230498,S
230501,E
230502,E
230510,E
230513,S
230517,S
230520,E
230524,E
230526,S
230527,S
230537,S
230549,S
230555,S
230559,E
230566,E
230567,E
230570,S
230574,E
230603,S
230614,E
230620,E
230626,E
230627,E
230638,S
230643,E
230644,S
230649,S
230655,E
230660,S
230664,E
230669,S
230677,S
230680,S
230684,E
230710,E
230711,E
230714,S
230733,S
230737,E
230745,E
230746,E
230756,S
230765,S
230773,S
230774,S
230778,S
230780,E
230781,S
230786,E
230789,S
230792,S
230799,S
230806,E
230812,E
230827,E
230829,E
230830,S
230853,E
230861,S
230862,E
230863,E
230864,S
230874,S
230883,S
230884,E
230890,S
230892,E
230901,S
230906,S
230918,E
230933,E
230935,S
230936,E
230946,S
230955,S
230968,S
230978,E
230982,E
230984,E
230985,S
230986,S
230987,E
230990,E
230998,S
231009,S
231012,S
231024,S
231040,S
231048,S
231066,S
231073,S
231075,S
231086,S
231094,E
231099,S
231104,S
231108,E
231120,E
231121,S
231129,S
231131,S
231133,S
231137,S
231144,E
231154,E
231163,E
231174,E
231177,E
231184,S
231185,E
231194,S
231205,S
231208,E
231214,S
231231,E
231236,E
231246,E
231247,S
231263,E
231264,E
231271,S
231272,E
231273,E
231277,S
231284,S
231307,S
231309,S
231313,E
231316,S
231326,E
231335,E
231342,E
231345,S
231352,S
231368,S
231372,S
231373,S
231377,E
231380,E
231386,E
231387,S
231389,S
231391,S
231396,S
231414,S
231423,E
231430,E
231434,E
231442,S
231443,E
231444,E
231448,S
231455,S
231459,S
231476,S
231480,S
231481,E
231488,E
231489,S
231495,S
231499,E
231507,S
231508,E
231512,S
231516,S
231521,S
231526,E
231531,S
231536,S
231545,S
231548,S
231549,S
231555,S
231559,S
231575,E
231579,E
231582,E
231588,S
231589,E
231618,E
231619,E
231623,S
231632,S
231642,S
231648,E
231653,E
231659,E
231660,E
231668,E
231671,S
231692,E
231695,S
231698,E
231699,E
231700,E
231705,E
231733,S
231735,E
231740,E
231741,E
231751,S
231761,S
231770,S
231771,S
231785,E
231786,S
231787,S
231788,S
231798,E
231799,E
231809,E
231822,E
231832,S
231835,S
231837,S
231839,E
231843,S
231846,S
231871,E
231883,S
231884,S
231892,E
231901,E
231902,S
231904,S
231918,E
231931,S
231934,S
231940,E
231953,S
231964,E
231971,S
231977,S
231980,S
231982,S
231990,S
231994,S
231999,S
232001,S
232007,S
232009,E
232016,S
232017,S
232018,E
232033,S
232034,E
232037,S
232057,S
232072,E
232075,S
232080,S
232081,S
232082,S
232093,S
232097,S
232098,S
232099,S
232106,S
232113,S
232114,S
232122,S
232131,S
232132,E
232135,S
232136,E
232138,S
232140,S
232146,S
232160,S
232164,S
232166,S
232176,S
232202,S
232203,S
232214,S
232220,S
232226,E
232243,S
232259,S
232268,E
232269,E
232273,S
232278,S
232279,S
232281,E
232287,S
232290,S
232291,S
232293,S
232299,S
232316,E
232321,S
232327,S
232328,S
232333,S
232335,E
232338,E
232343,S
232350,S
232352,E
232362,E
232368,E
232376,S
232384,S
232390,E
232398,E
232408,S
232411,E
232412,S
232413,E
232420,S
232423,S
232429,S
232433,S
232441,S
232443,E
232454,S
232481,E
232488,E
232491,E
232492,E
232493,S
232494,S
232520,S
232521,E
232524,S
232526,S
232527,S
232531,S
232537,S
232543,E
232562,S
232575,E
232576,E
232586,E
232590,E
232601,S
232607,S
232613,S
232622,S
232623,S
232637,S
232645,S
232659,S
232664,S
232666,E
232669,E
232676,E
232681,S
232685,E
232690,E
232704,S
232706,S
232709,E
232715,S
232716,S
232718,S
232720,S
232725,S
232727,E
232732,E
232736,S
232741,S
232743,E
232747,E
232755,S
232761,E
232762,S
232773,E
232774,S
232778,S
232784,S
232785,E
232787,E
232792,S
232793,E
232794,S
232799,S
232801,E
232805,E
232809,S
232810,E
232815,E
232818,S
232824,E
232830,S
232835,E
232844,S
232848,S
232852,E
232853,S
232858,S
232872,S
232889,S
232892,S
232895,S
232897,S
232899,E
232906,S
232910,E
232914,E
232921,S
232922,E
232925,S
232931,E
232936,S
232942,S
232945,S
232959,S
232963,E
232975,E
232977,S
232991,S
232994,E
233007,S
233010,S
233013,E
233027,E
233034,S
233045,E
233046,S
233048,S
233049,S
233052,S
233066,S
233075,E
233082,S
233099,E
233100,S
233111,S
233118,E
233120,E
233126,E
233127,E
233128,S
233131,E
233134,E
233139,S
233140,E
233143,E
233149,E
233156,E
233158,S
233165,E
233178,S
233196,E
233225,E
233228,S
233231,E
233232,E
233236,S
233239,S
233242,E
233251,S
233257,S
233261,S
233264,S
233265,S
233270,E
233272,S
233273,S
233282,E
233286,E
233294,S
233310,S
233313,S
233314,S
233315,S
233318,S
233325,S
233327,S
233329,E
233334,E
233350,E
233355,E
233358,S
233361,S
233363,E
233364,S
233367,S
233369,E
233370,E
233384,E
233385,E
233388,E
233393,E
233395,E
233411,E
233415,E
233416,S
233419,S
233428,S
233439,E
233450,S
233460,E
233477,S
233478,S
233493,S
233495,E
233501,S
233504,S
233529,S
233534,E
233542,S
233544,S
233547,S
233548,S
233556,E
233557,E
233561,S
233562,S
233574,E
233578,E
233582,E
233583,E
233592,S
233606,E
233613,S
233615,E
233629,E
233634,E
233637,E
233640,S
233644,S
233648,E
233659,S
233662,E
233670,S
233676,S
233679,S
233683,S
233687,S
233692,S
233695,E
233697,E
233698,S
233699,E
233704,S
233705,S
233724,E
233725,S
233742,E
233747,S
233750,S
233757,S
233772,S
233783,S
233786,S
233810,S
233812,S
233813,S
233815,S
233816,E
233819,S
233821,S
233828,S
233829,S
233831,S
233834,E
233840,S
233847,S
233849,E
233867,E
233879,E
233888,S
233891,S
233896,S
233901,S
233902,S
233914,S
233927,S
233931,E
233932,S
233941,S
233947,E
233949,E
233961,S
233966,S
233971,S
233973,E
233982,S
233985,S
233994,E
233996,S
234014,S
234015,S
234022,E
234024,S
234030,S
234037,S
234039,S
234043,S
234051,S
234055,E
234056,E
234059,S
234060,E
234062,S
234065,S
234071,S
234072,S
234081,S
234086,S
234090,E
234093,E
234094,E
234096,E
234111,E
234119,S
234123,S
234125,E
234128,E
234138,E
234140,S
234148,S
234154,S
234157,S
234174,S
234184,S
234187,S
234191,S
234204,S
234206,E
234209,E
234218,E
234222,S
234229,S
234236,E
234239,E
234245,E
234253,E
234261,E
234262,E
234265,E
234271,S
234276,S
234295,S
234300,E
234305,E
234307,S
234309,S
234310,S
234335,E
234336,S
234345,S
234347,S
234356,S
234359,E
234360,S
234362,S
234370,S
234374,E
234379,E
234383,S
234386,E
234392,E
234400,E
234413,E
234414,S
234415,S
234425,S
234430,E
234432,S
234436,E
234439,S
234449,E
234454,E
234455,E
234459,S
234462,S
234466,S
234474,E
234477,E
234497,A
234498,S
234502,S
234515,S
234522,S
234536,E
234539,S
234543,E
234544,S
234564,E
234572,S
234577,S
234579,E
234580,S
234584,S
234585,S
234595,S
234596,S
234597,E
234612,E
234614,S
234624,E
234627,S
234648,E
234649,S
234663,S
234670,E
234673,E
234677,S
234681,E
234682,S
234684,S
234686,S
234692,S
234697,E
234706,S
234717,S
234726,E
234728,S
234738,S
234742,E
234750,S
234757,S
234758,E
234767,S
234770,S
234774,S
234780,S
234787,S
234788,S
234793,S
234798,E
234804,S
234817,E
234823,S
234830,S
234831,E
234835,E
234838,E
234839,E
234847,S
234861,E
234862,S
234866,S
234869,E
234874,S
234883,E
234891,E
234895,E
234899,S
234900,S
234912,S
234930,E
234932,S
234936,S
234938,E
234948,S
234959,E
234963,S
234965,S
234978,S
234989,S
234999,E
235002,E
235062,E
235064,E
235077,E
235084,E
235088,E
235093,E
235098,S
235103,E
235109,S
235116,S
235133,E
235134,E
235140,S
235141,S
235144,S
235149,S
235150,E
235151,S
235173,S
235174,S
235183,S
235196,E
235197,E
235204,E
235205,S
235206,E
235210,E
235211,S
235216,S
235219,E
235220,S
235227,S
235238,E
235243,S
235250,E
235253,E
235274,S
235290,E
235304,S
235313,S
235326,S
235336,S
235339,S
235351,S
235368,E
235369,E
235372,S
235373,E
235374,S
235375,E
235387,S
235388,E
235400,S
235401,S
235404,E
235405,E
235417,S
235422,S
235428,S
235430,S
235434,E
235437,E
235446,S
235447,E
235456,E
235464,S
235470,S
235475,S
235478,E
235479,E
235489,S
235490,S
235491,S
235499,E
235507,E
235515,E
235517,E
235518,E
235519,E
235531,E
235534,E
235538,S
235547,S
235549,E
235554,S
235562,S
235567,S
235579,S
235593,S
235598,E
235608,S
235612,E
235613,S
235617,S
235618,S
235620,E
235621,S
235623,E
235632,S
235633,E
235636,S
235642,S
235643,S
235655,S
235662,E
235685,S
235694,E
235697,S
235700,E
235717,S
235734,E
235741,S
235743,S
235744,E
235756,S
235762,E
235766,S
235774,E
235777,S
235781,E
235783,E
235784,S
235792,S
235812,S
235816,E
235826,S
235832,S
235837,E
235843,S
235849,E
235854,E
235865,S
235872,E
235873,S
235876,E
235881,E
235885,S
235889,S
235893,S
235895,S
235906,S
235912,S
235921,S
235926,E
235941,S
235947,E
235949,S
235951,E
235953,E
235956,E
235962,S
235977,S
235990,E
235993,E
235995,E
235998,E
236013,E
236016,S
236022,S
236023,S
236024,E
236032,E
236036,E
236041,E
236042,S
236043,E
236058,S
236060,E
236062,E
236066,E
236070,S
236073,E
236085,E
236095,E
236114,E
236116,S
236123,E
236124,S
236132,S
236141,E
236142,E
236169,S
236172,E
236188,S
236195,S
236196,E
236204,E
236210,S
236214,E
236216,S
236227,S
236230,S
236231,S
236234,E
236235,E
236243,S
236249,E
236251,E
236252,E
236264,E
236267,S
236271,E
236275,S
236280,S
236289,E
236306,E
236323,S
236344,E
236362,S
236365,S
236368,S
236389,S
236403,E
236405,S
236406,E
236414,E
236415,S
236417,E
236421,E
236426,E
236433,S
236436,E
236441,E
236443,S
236455,E
236459,S
236469,S
236476,S
236492,S
236497,S
236509,S
236511,S
236513,E
236521,S
236527,E
236529,S
236534,S
236543,E
236548,S
236555,S
236563,S
236568,S
236575,S
236578,E
236583,E
236586,E
236588,S
236589,S
236607,S
236609,E
236613,E
236615,S
236621,S
236631,E
236639,S
236644,S
236650,E
236652,S
236659,S
236673,E
236683,S
236688,E
236689,S
236697,E
236704,S
236706,E
236711,E
236722,E
236729,E
236736,S
236741,E
236758,E
236761,S
236763,E
236766,S
236768,S
236777,S
236778,S
236786,E
236787,E
236796,S
236801,E
236803,S
236811,S
236818,E
236832,E
236835,S
236837,E
236848,S
236853,E
236856,E
236858,S
236865,E
236867,E
236868,E
236872,E
236882,E
236890,S
236904,S
236927,S
236943,S
236947,E
236955,S
236959,E
236964,E
236983,S
236989,E
236997,S
236998,S
237004,S
237014,E
237026,E
237048,E
237056,S
237060,S
237067,S
237071,S
237089,S
237095,S
237100,S
237110,S
237116,S
237122,E
237125,E
237129,E
237132,S
237133,S
237151,S
237160,S
237161,E
237164,E
237165,E
237166,S
237180,E
237184,E
237188,S
237191,S
237200,S
237207,S
237210,S
237212,E
237224,E
237240,S
237250,S
237262,S
237276,E
237279,E
237293,S
237302,E
237304,E
237305,E
237308,E
237315,S
237324,S
237337,E
237338,S
237340,S
237359,S
237362,S
237364,S
237368,S
237372,S
237379,E
237383,E
237390,E
237395,E
237396,E
237404,E
237405,S
237406,S
237407,S
237408,S
237411,S
237430,S
237440,E
237443,S
237461,E
237471,E
237480,S
237482,E
237487,S
237488,S
237506,E
237515,E
237529,E
237533,S
237536,S
237537,S
237550,E
237560,E
237564,E
237565,E
237573,E
237603,E
237606,E
237608,S
237622,S
237624,S
237626,E
237639,E
237640,E
237647,E
237650,S
237651,S
237668,S
237684,S
237689,S
237690,S
237695,S
237701,S
237703,E
237707,E
237709,S
237716,S
237720,S
237721,E
237726,E
237730,S
237732,S
237736,E
237737,E
237738,S
237741,S
237745,E
237751,S
237752,E
237760,S
237768,S
237788,E
237799,E
237812,E
237815,S
237821,E
237826,E
237833,S
237834,S
237845,S
237848,S
237852,S
237856,S
237867,E
237873,E
237878,S
237880,S
237888,S
237893,S
237894,S
237901,E
237923,S
237935,E
237948,S
237953,S
237955,S
237959,S
237966,S
237973,E
237975,E
237991,S
237992,E
238003,E
238006,S
238030,S
238045,E
238051,E
238053,S
238058,E
238066,E
238075,S
238082,E
238084,S
238094,S
238097,E
238099,E
238104,S
238109,S
238115,E
238117,S
238119,S
238125,S
238127,E
238147,S
238150,E
238157,E
238158,E
238164,E
238166,E
238167,E
238183,S
238189,S
238191,S
238194,S
238208,S
238245,E
238257,S
238258,E
238260,S
238264,S
238268,S
238276,S
238278,S
238287,S
238288,S
238289,E
238293,E
238302,E
238312,S
238315,E
238317,S
238322,E
238325,S
238326,S
238348,S
238349,E
238350,E
238353,E
238358,E
238360,S
238366,S
238368,S
238378,S
238395,E
238398,E
238404,E
238434,E
238443,S
238449,E
238454,E
238455,S
238463,E
238470,S
238472,S
238476,S
238478,S
238479,E
238486,S
238505,S
238522,S
238532,S
238541,S
238546,E
238547,S
238556,E
238557,S
238561,E
238564,E
238580,S
238589,S
238600,E
238623,E
238624,E
238625,S
238634,E
238636,E
238637,E
238638,S
238642,E
238643,S
238672,S
238703,S
238712,E
238722,S
238724,E
238734,S
238736,E
238737,S
238754,E
238760,S
238764,E
238786,S
238788,S
238791,E
238795,S
238805,S
238808,E
238817,E
238827,S
238830,S
238835,E
238840,E
238853,E
238863,S
238867,E
238869,E
238874,S
238893,S
238909,E
238913,E
238915,E
238926,S
238937,S
238953,S
238976,S
238978,E
238982,S
238986,S
238993,S
239004,S
239006,E
239014,S
239034,S
239036,S
239039,E
239042,S
239045,S
239050,S
239072,E
239075,E
239080,S
239082,E
239095,S
239112,S
239114,S
239118,S
239124,S
239135,S
239140,E
239153,S
239157,E
239162,S
239165,E
239170,S
239178,S
239179,S
239180,E
239181,S
239182,S
239183,S
239191,S
239206,S
239223,S
239225,S
239229,E
239233,S
239245,S
239251,S
239259,S
239271,S
239278,S
239281,S
239282,S
239286,S
239287,S
239288,E
239315,S
239320,S
239327,S
239330,S
239334,E
239338,E
239353,S
239360,E
239381,E
239383,S
239384,E
239385,S
239390,S
239392,E
239400,S
239403,E
239416,S
239418,S
239422,E
239433,S
239434,S
239435,E
239447,E
239453,E
239454,S
239462,E
239479,S
239480,S
239484,S
239488,E
239493,E
239498,E
239502,E
239509,E
239512,S
239516,S
239524,S
239525,E
239538,S
239540,E
239541,S
239549,S
239557,S
239560,E
239570,E
239583,S
239593,E
239601,S
239611,S
239614,S
239615,S
239619,S
239633,S
239645,S
239658,E
239671,E
239684,S
239694,S
239697,S
239698,S
239703,S
239704,E
239719,E
239731,E
239733,E
239741,E
239757,E
239777,S
239780,S
239788,E
239796,E
239801,S
239802,S
239803,E
239804,E
239808,S
239818,E
239823,S
239824,S
239826,E
239829,S
239838,S
239843,S
239867,S
239870,S
239878,S
239891,E
239897,S
239904,S
239911,E
239912,S
239922,S
239927,S
239936,S
239938,E
239939,S
239946,S
239949,S
239950,S
239951,S
239953,S
239961,E
239970,S
239975,S
240002,S
240007,E
240010,S
240011,S
240022,S
240023,E
240030,S
240033,S
240048,S
240065,E
240078,S
240114,E
240124,E
240128,E
240130,E
240135,E
240136,S
240142,E
240145,E
240161,E
240170,S
240182,E
240195,E
240198,S
240208,S
240225,S
240237,E
240240,S
240252,E
240279,E
240281,E
240287,E
240295,S
240298,E
240306,E
240314,E
240320,E
240321,S
240322,E
240343,E
240348,S
240350,E
240354,S
240355,E
240366,E
240367,S
240371,S
240373,S
240377,S
240380,E
240382,E
240383,S
240384,S
240387,E
240391,E
240397,E
240401,S
240417,E
240419,E
240456,S
240474,S
240487,E
240496,E
240502,E
240505,E
240506,S
240511,S
240522,S
240529,S
240532,S
240535,E
240536,E
240542,S
240551,E
240554,S
240561,E
240574,S
240578,S
240583,E
240591,S
240592,E
240599,S
240608,E
240609,S
240626,S
240627,E
240628,S
240629,S
240631,S
240650,S
240653,S
240654,E
240657,S
240663,E
240665,S
240666,S
240674,E
240683,E
240684,S
240696,S
240704,S
240736,E
240741,S
240759,E
240761,S
240762,S
240785,E
240795,E
240796,S
240797,S
240815,E
240819,E
240820,S
240829,E
240850,E
240865,E
240895,S
240896,E
240897,E
240921,S
240926,S
240936,S
240944,S
240953,S
240958,E
240961,S
240964,E
240967,E
240971,S
240974,S
240978,S
240983,E
240986,S
240987,E
240990,S
240993,S
240999,S
241005,E
241011,E
241024,E
241028,S
241030,E
241031,S
241035,S
241041,E
241046,E
241055,E
241056,E
241082,S
241088,S
241090,E
241092,S
241094,E
241104,S
241108,S
241114,E
241120,E
241126,E
241127,E
241140,E
241141,E
241145,S
241151,E
241155,E
241162,E
241166,E
241183,S
241184,E
241198,E
241200,S
241216,S
241220,S
241228,S
241235,E
241236,S
241238,E
241247,E
241249,S
241273,S
241293,E
241295,S
241300,E
241309,S
241333,E
241335,S
241339,S
241340,S
241343,E
241344,S
241358,S
241363,S
241371,S
241373,E
241388,E
241390,E
241393,S
241400,S
241402,S
241407,E
241418,E
241431,E
241441,S
241444,S
241463,E
241485,S
241486,S
241492,S
241497,E
241503,S
241517,S
241519,E
241522,S
241529,S
241533,E
241551,E
241558,E
241582,S
241585,S
241589,E
241591,S
241602,E
241603,S
241605,S
241613,S
241630,E
241631,S
241632,E
241633,S
241635,S
241638,E
241641,E
241644,E
241648,E
241670,E
241680,E
241681,S
241683,E
241688,S
241694,E
241714,S
241733,S
241735,E
241736,S
241737,S
241743,S
241744,S
241745,S
241746,S
241751,E
241756,S
241764,S
241784,E
241792,E
241794,E
241800,E
241801,S
241807,E
241816,S
241817,E
241820,S
241843,E
241846,E
241868,E
241870,E
241877,E
241878,S
241883,E
241887,S
241893,S
241896,S
241898,E
241907,S
241911,S
241915,S
241936,E
241946,S
241948,S
241950,E
241952,E
241971,S
241986,E
241992,E
241994,E
242014,S
242022,E
242033,S
242035,S
242051,E
242068,E
242079,E
242092,E
242104,E
242108,S
242114,S
242117,S
242118,S
242119,S
242122,S
242131,S
242134,E
242136,S
242142,S
242144,S
242145,S
242148,E
242150,E
242152,E
242163,E
242169,S
242172,S
242180,E
242181,S
242182,S
242183,E
242188,S
242191,S
242206,E
242208,S
242210,S
242212,E
242215,S
242219,E
242225,S
242232,S
242240,E
242242,E
242249,S
242256,S
242264,S
242271,E
242272,S
242274,S
242286,E
242287,S
242288,E
242321,E
242322,E
242323,S
242326,E
242327,E
242331,S
242337,S
242342,S
242355,S
242357,E
242361,E
242364,E
242365,S
242367,E
242368,S
242380,S
242381,S
242392,E
242400,E
242402,S
242406,S
242417,S
242427,E
242434,E
242438,S
242444,E
242451,S
242453,S
242455,S
242463,E
242470,S
242478,E
242493,E
242500,S
242510,S
242511,S
242519,E
242541,S
242544,S
242547,E
242553,E
242559,E
242561,S
242565,S
242582,E
242583,S
242590,S
242593,E
242598,E
242609,E
242613,E
242620,S
242638,S
242639,S
242643,S
242652,S
242658,S
242671,S
242680,S
242681,S
242689,E
242690,E
242705,E
242709,E
242717,E
242730,E
242735,E
242736,E
242755,S
242760,S
242762,E
242765,S
242771,S
242778,E
242781,S
242782,E
242786,E
242787,E
242793,E
242794,S
242798,E
242812,E
242814,E
242820,E
242825,E
242830,S
242832,S
242837,S
242855,S
242873,S
242876,E
242883,S
242890,S
242893,S
242896,E
242905,S
242908,S
242912,S
242915,S
242924,S
242925,S
242927,S
242932,S
242945,E
242952,S
242993,E
242997,E
243008,S
243010,S
243027,E
243031,S
243032,S
243036,S
243037,S
243038,S
243048,E
243052,E
243062,E
243079,E
243086,E
243100,E
243102,E
243107,S
243132,S
243136,E
243144,E
243148,S
243149,E
243150,S
243152,S
243157,S
243159,S
243166,E
243170,S
243176,S
243178,E
243191,E
243196,E
243199,S
243200,E
243201,E
243204,S
243205,S
243210,S
243212,S
243213,E
243215,S
243229,E
243232,S
243235,S
243242,S
243245,S
243251,E
243259,E
243260,S
243262,S
243263,E
243264,S
243272,S
243278,S
243281,S
243288,S
243290,S
243296,S
243309,S
243317,S
243320,S
243321,S
243323,S
243327,S
243331,S
243332,S
243337,E
243340,S
243342,E
243345,E
243352,E
243366,S
243379,E
243387,S
243390,S
243393,S
243394,E
243398,S
243405,E
243410,S
243420,E
243425,S
243427,E
243434,S
243438,E
243445,S
243451,S
243456,E
243463,E
243472,E
243477,E
243483,S
243484,S
243486,S
243487,S
243488,S
243491,E
243493,E
243501,S
243507,S
243521,E
243522,E
243531,S
243536,S
243543,S
243550,S
243552,E
243558,E
243559,S
243568,S
243570,E
243583,A
243585,E
243594,E
243607,S
243618,E
243622,E
243623,S
243624,E
243627,S
243656,S
243659,S
243663,S
243678,S
243681,E
243690,S
243691,E
243697,S
243706,E
243714,S
243756,S
243759,S
243760,S
243771,S
243772,S
243776,E
243777,S
243800,E
243806,S
243811,S
243819,S
243826,S
243836,S
243840,S
243846,S
243851,E
243856,S
243857,S
243859,E
243881,S
243884,S
243890,S
243895,S
243900,E
243901,S
243917,S
243927,S
243934,S
243945,S
243955,S
243959,S
243966,E
243969,S
243992,E
243993,S
243997,E
244002,E
244005,S
244012,S
244016,E
244024,S
244053,E
244056,S
244059,S
244061,E
244072,E
244073,S
244100,E
244110,S
244128,S
244132,E
244133,S
244135,E
244145,E
244147,S
244148,S
244156,E
244159,S
244161,S
244173,S
244183,E
244185,S
244197,S
244201,S
244216,E
244225,S
244244,E
244249,E
244258,S
244263,S
244266,S
244270,S
244272,S
244287,E
244294,E
244295,S
244309,S
244321,S
244326,S
244337,S
244342,E
244345,E
244347,S
244353,E
244371,E
244379,E
244392,E
244410,S
244415,S
244426,E
244433,S
244444,E
244448,S
244458,E
244462,S
244468,S
244472,S
244476,E
244483,E
244490,E
244495,E
244496,S
244506,S
244507,S
244535,E
244537,S
244539,E
244540,S
244545,E
244576,S
244578,S
244582,E
244595,S
244602,S
244605,S
244606,S
244611,S
244618,E
244619,S
244635,E
244636,E
244640,S
244642,S
244643,E
244652,E
244655,E
244657,E
244660,S
244661,S
244667,S
244691,E
244698,E
244700,E
244707,S
244714,E
244723,S
244738,S
244740,E
244765,S
244771,S
244777,S
244783,E
244790,S
244802,E
244805,S
244807,S
244819,S
244823,S
244835,S
244838,S
244841,S
244853,E
244856,S
244862,S
244904,S
244908,S
244911,S
244915,S
244920,E
244935,S
244940,S
244952,S
244956,E
244962,E
244971,E
244988,S
244994,S
245010,S
245012,S
245019,E
245023,E
245025,S
245027,S
245033,S
245045,E
245047,S
245048,S
245063,E
245064,S
245069,S
245078,S
245084,S
245086,E
245096,E
245115,E
245119,S
245124,E
245126,E
245127,S
245138,S
245143,S
245149,E
245161,S
245167,E
245179,S
245181,S
245193,E
245198,E
245201,S
245204,E
245207,E
245208,S
245212,E
245214,E
245216,S
245217,S
245222,S
245246,S
245250,S
245257,E
245260,S
245263,E
245265,E
245266,S
245270,E
245272,S
245294,S
245300,E
245301,E
245303,E
245310,E
245312,E
245313,S
245328,S
245337,S
245338,E
245341,E
245342,E
245350,S
245360,S
245361,E
245362,S
245365,S
245370,S
245373,E
245376,E
245394,E
245395,E
245397,S
245398,S
245399,E
245412,S
245422,S
245430,S
245442,S
245445,E
245451,E
245452,S
245457,S
245458,S
245460,S
245463,E
245470,S
245474,S
245483,S
245485,E
245501,E
245510,S
245523,S
245525,S
245526,E
245539,S
245558,S
245561,S
245581,E
245585,S
245586,S
245591,E
245593,E
245594,S
245595,S
245602,E
245604,E
245605,E
245606,E
245608,E
245620,E
245635,S
245653,S
245654,S
245663,S
245681,S
245684,S
245685,S
245691,S
245707,S
245714,S
245725,S
245730,S
245735,S
245736,S
245738,S
245739,E
245743,E
245752,E
245760,S
245762,S
245763,S
245767,S
245772,S
245775,S
245781,E
245796,S
245797,S
245821,S
245831,S
245834,S
245853,S
245873,S
245887,S
245894,S
245906,S
245921,S
245925,S
245938,E
245940,S
245945,S
245960,S
245979,E
245984,E
245986,S
245995,E
245997,S
246000,S
246010,E
246011,S
246012,S
246024,S
246029,S
246031,E
246046,S
246053,E
246054,E
246075,S
246098,S
246102,S
246103,S
246113,S
246114,S
246154,S
246156,S
246157,S
246162,S
246170,E
246319,S
246323,S
246327,S
246342,S
246343,S
246358,S
246360,S
246362,E
246374,S
246409,S
246420,S
246428,E
246432,S
246438,S
246442,S
246452,S
246465,S
246468,E
246484,S
246516,S
246521,S
246535,E
246540,S
246551,S
246555,S
246561,E
246578,E
246588,E
246597,E
246602,E
246604,S
246614,S
246626,S
246629,S
246633,S
246659,E
246661,S
246674,E
246676,S
246681,S
246682,S
246689,S
246692,S
246713,S
246721,E
246738,S
246739,S
246772,S
246773,S
246792,S
246803,S
246806,S
246808,S
246813,E
246817,S
246826,S
246836,S
246837,E
246838,S
246839,E
246843,S
246845,S
246847,E
246851,E
246854,E
246855,E
246864,E
246865,E
246867,S
246869,E
246883,S
246889,S
246892,S
246901,S
246902,S
246906,E
246917,S
246933,S
246937,S
246956,E
246964,S
246969,E
246970,S
246987,E
247015,S
247016,E
247020,S
247022,S
247027,S
247029,S
247031,E
247033,S
247037,S
247042,S
247044,S
247045,S
247051,S
247056,E
247061,E
247081,S
247098,S
247106,S
247113,E
247121,S
247129,E
247131,E
247138,S
247141,S
247144,E
247146,S
247147,E
247169,S
247177,S
247195,S
247198,S
247202,S
247203,S
247208,S
247221,S
247226,S
247229,E
247232,S
247233,S
247249,S
247275,E
247278,E
247280,S
247287,S
247291,E
247300,E
247308,S
247312,S
247324,S
247343,S
247352,S
247363,S
247367,S
247382,S
247384,S
247400,S
247410,E
247415,S
247419,S
247426,S
247430,S
247431,S
247433,S
247435,S
247452,S
247462,S
247466,S
247471,E
247476,E
247481,S
247483,E
247517,S
247524,S
247529,S
247534,E
247540,S
247550,E
247555,S
247560,S
247566,E
247578,S
247579,S
247583,S
247584,S
247591,S
247597,E
247601,S
247605,S
247610,S
247618,S
247620,S
247627,S
247636,S
247654,E
247672,E
247673,S
247685,S
247700,E
247701,S
247703,S
247708,S
247721,E
247723,E
247729,S
247744,S
247777,S
247783,S
247786,E
247788,S
247793,S
247794,S
247799,S
247801,S
247815,S
247820,S
247828,S
247833,S
247842,E
247846,S
247848,S
247853,E
247859,S
247860,S
247864,E
247866,S
247870,E
247872,S
247875,S
247881,S
247882,S
247894,E
247898,S
247902,S
247910,S
247928,E
247935,S
247936,S
247941,S
247946,S
247947,E
247953,S
247966,S
247975,S
248005,E
248029,S
248034,S
248035,S
248039,S
248044,S
248045,E
248056,S
248059,S
248071,S
248075,S
248083,E
248091,S
248106,S
248107,S
248117,S
248129,S
248137,S
248141,S
248142,S
248145,S
248156,S
248163,S
248170,S
248177,E
248191,S
248196,E
248197,S
248202,S
248213,S
248215,S
248222,E
248236,S
248237,S
248241,E
248248,S
248271,S
248281,S
248283,S
248290,S
248314,S
248322,S
248323,S
248326,S
248336,E
248338,E
248342,S
248350,S
248355,E
248363,S
248365,S
248372,S
248374,E
248381,S
248389,S
248394,S
248396,E
248400,S
248416,E
248420,S
248429,S
248435,S
248436,S
248442,S
248443,S
248445,E
248452,S
248458,E
248459,E
248460,S
248464,S
248471,S
248491,S
248525,S
248532,S
248541,S
248542,S
248543,S
248547,S
248548,S
248549,E
248552,S
248560,E
248571,A
248572,S
248574,S
248577,S
248585,E
248586,S
248612,S
248621,E
248646,S
248651,S
248657,S
248658,S
248676,S
248677,S
248686,S
248696,S
248698,S
248699,S
248710,E
248721,E
248729,S
248730,E
248736,S
248739,S
248746,S
248748,S
248759,E
248762,S
248763,S
248772,S
248776,S
248778,S
248781,E
248785,S
248801,S
248804,S
248812,S
248821,S
248827,E
248828,S
248836,S
248841,E
248849,S
248851,E
248867,E
248868,E
248873,S
248875,S
248886,S
248896,E
248897,E
248903,S
248904,S
249022,S
249036,S
249038,S
249039,S
249058,S
249059,S
249065,S
249071,S
249076,S
249083,S
249085,E
249089,E
249095,S
249098,S
249100,S
249106,E
249108,E
249109,S
249114,E
249119,S
249121,E
249123,E
249134,E
249149,S
249150,E
249153,E
249154,E
249156,E
249165,E
249182,E
249196,S
249203,S
249210,S
249214,S
249216,S
249217,S
249219,S
249220,S
249226,S
249234,S
249240,S
249244,E
249255,S
249265,S
249287,E
249297,S
249314,E
249325,S
249326,S
249334,S
249356,E
249360,E
249361,S
249373,S
249377,S
249398,S
249406,S
249417,S
249418,S
249428,E
249430,S
249435,E
249439,S
249440,S
249446,S
249449,S
249450,E
249453,S
249464,S
249470,S
249486,S
249499,S
249505,S
249516,E
249536,S
249539,S
249542,S
249545,S
249551,E
249563,S
249564,E
249565,E
249570,S
249571,E
249575,E
249589,S
249592,S
249595,S
249596,S
249610,E
249623,E
249638,S
249640,S
249644,S
249648,S
249651,S
249653,S
249659,S
249667,E
249672,S
249684,S
249693,S
249698,E
249704,S
249715,E
249725,S
249727,E
249729,S
249743,S
249753,S
249759,E
249769,E
249781,E
249786,S
249789,S
249806,S
249815,S
249819,S
249834,S
249845,S
249846,S
249853,S
249860,S
249865,S
249881,S
249883,S
249886,E
249896,S
249907,S
249909,S
249915,E
249919,S
249925,S
249940,E
249950,S
249962,S
249964,S
249970,E
249986,S
249999,E
250004,E
250013,S
250024,E
250026,E
250036,E
250043,S
250044,S
250051,S
250052,S
250055,E
250060,S
250064,S
250069,S
250075,E
250097,S
250099,S
250113,S
250115,S
250116,E
250121,S
250140,S
250143,E
250148,S
250166,S
250174,S
250175,S
250183,S
250187,S
250207,S
250214,S
250219,S
250220,S
250231,S
250254,E
250258,S
250260,S
250285,S
250290,S
250296,S
250298,S
250300,S
250307,S
250312,S
250317,E
250318,S
250334,S
250337,E
250348,E
250366,S
250369,S
250370,S
250373,E
250375,E
250386,S
250393,S
250394,S
250396,S
250400,E
250405,S
250410,S
250416,S
250433,E
250435,E
250436,S
250446,S
250450,S
250451,S
250644,S
250645,S
250652,S
250667,S
250673,S
250674,S
250681,S
250685,S
250689,S
250692,S
250693,S
250701,S
250703,S
250710,S
250716,S
250718,S
250732,S
250746,E
250748,S
250758,S
250759,S
250762,E
250772,S
250774,E
250778,S
250789,S
250795,S
250801,E
250809,S
250810,S
250817,S
250828,E
250834,S
250842,S
250853,S
250854,S
250855,E
250864,S
250876,S
250885,S
250893,S
250900,E
250901,E
250903,E
250919,S
250921,E
250924,S
250950,S
250952,E
250953,E
250959,S
250971,S
250991,E
250992,S
250993,E
251024,S
251025,S
251027,S
251031,S
251037,S
251044,S
251045,E
251047,S
251052,S
251060,S
251062,E
251072,S
251076,S
251083,S
251086,S
251087,S
251095,S
251097,E
251102,S
251104,S
251111,S
251121,S
251122,E
251131,S
251138,E
251140,E
251143,E
251151,S
251169,S
251171,S
251174,S
251177,E
251180,E
251200,S
251203,E
251212,S
251213,S
251218,S
251227,S
251228,S
251230,S
251234,S
251242,S
251246,S
251254,S
251255,S
251265,S
251267,S
251275,S
251277,S
251283,S
251293,S
251297,S
251303,S
251313,E
251326,S
251335,S
251341,S
251344,S
251348,S
251352,S
251361,S
251363,S
251364,S
251390,S
251427,S
251428,E
251440,E
251446,S
251468,S
251470,S
251472,S
251483,S
251485,S
251491,S
251493,E
251495,S
251503,S
251510,S
251519,E
251532,E
251543,S
251552,S
251554,S
251555,S
251564,S
251566,S
251571,E
251572,S
251573,E
251581,E
251597,S
251613,S
251626,E
251637,E
251638,S
251642,S
251643,S
251645,E
251646,S
251650,S
251659,S
251663,S
251668,S
251677,E
251681,S
251687,S
251689,E
251696,S
251698,E
251701,S
251702,S
251711,S
251715,S
251723,E
251743,S
251748,S
251749,S
251756,S
251772,S
251775,S
251778,E
251785,S
251786,S
251797,S
251799,S
251804,S
251811,E
251819,S
251825,S
251832,S
251834,S
251836,S
251839,S
251840,S
251849,S
251856,E
251862,E
251871,E
251874,S
251893,S
251903,E
251905,S
251906,E
251908,S
251910,E
251927,S
251931,S
251936,S
251937,S
251975,S
251992,S
251996,S
251997,E
252008,S
252010,S
252016,S
252020,E
252022,S
252026,S
252031,S
252033,S
252034,S
252043,E
252044,S
252057,S
252061,S
252069,S
252075,S
252084,S
252093,S
252100,E
252106,S
252108,S
252111,S
252114,S
252120,S
252121,E
252122,S
252131,E
252132,S
252143,S
252159,S
252166,S
252175,S
252176,E
252178,S
252180,S
252204,E
252206,S
252214,E
252232,S
252233,E
252236,S
252241,E
252255,S
252266,S
252269,E
252276,S
252278,S
252285,S
252294,E
252295,S
252298,S
252303,E
252308,S
252315,E
252316,S
252331,S
252350,S
252364,S
252369,E
252372,S
252375,E
252379,S
252380,E
252386,E
252387,S
252390,S
252408,S
252426,S
252438,S
252443,S
252453,S
252471,E
252482,S
252490,S
252493,S
252495,S
252512,E
252521,E
252526,S
252529,S
252535,S
252540,S
252568,S
252572,S
252578,E
252582,S
252583,S
252590,S
252598,S
252602,S
252607,S
252610,E
252613,S
252617,S
252619,S
252627,S
252630,S
252641,S
252654,S
252655,S
252656,S
252667,S
252687,E
252698,S
252711,S
252713,S
252715,E
252722,S
252726,S
252734,E
252758,S
252777,S
252790,S
252792,S
252794,S
252802,S
252807,E
252808,S
252809,S
252818,S
252824,S
252839,S
252841,E
252842,S
252855,S
252856,S
252860,S
252865,S
252868,S
252882,S
252885,S
252886,E
252893,E
252900,S
252901,E
252902,S
252909,S
252915,S
252947,S
252948,S
252954,S
252956,S
252957,S
252958,E
252963,S
252970,S
252974,S
252984,S
252992,S
252999,S
253013,S
253015,E
253016,S
253019,S
253023,S
253025,S
253030,E
253034,E
253046,E
253049,S
253054,S
253067,S
253071,S
253072,E
253079,S
253080,S
253100,S
253104,S
253105,S
253109,S
253120,E
253129,S
253140,S
253144,S
253169,S
253173,S
253194,E
253210,S
253215,S
253216,E
253225,S
253228,S
253231,E
253232,E
253237,S
253242,S
253251,E
253254,S
253267,E
253276,S
253305,E
253312,S
253318,S
253320,S
253332,S
253333,S
253334,E
253345,E
253348,S
253349,S
253353,S
253365,E
253370,E
253378,E
253392,S
253401,E
253407,S
253425,S
253434,S
253437,E
253439,S
253443,S
253453,S
253463,E
253471,S
253494,E
253500,E
253503,S
253510,E
253512,S
253514,S
253515,S
253519,S
253521,S
253524,S
253528,S
253550,S
253552,S
253572,E
253581,S
253582,S
253585,S
253586,S
253595,E
253599,S
253601,S
253602,S
253607,S
253611,S
253617,S
253622,S
253624,E
253630,S
253642,E
253643,S
253644,S
253659,S
253667,S
253669,S
253675,E
253678,E
253682,S
253686,S
253708,S
253713,S
253722,S
253727,S
253729,S
253730,S
253732,S
253736,S
253746,E
253747,E
253755,S
253759,S
253760,S
253761,E
253766,S
253767,E
253805,S
253809,S
253813,S
253820,S
253831,S
253836,E
253837,S
253882,S
253889,S
253894,S
253910,S
253912,S
253918,S
253920,S
253925,E
253931,S
253944,S
253954,S
253961,S
253986,S
253995,S
254003,S
254008,S
254014,E
254017,E
254020,S
254021,E
254074,S
254078,E
254085,S
254089,E
254098,S
254112,S
254115,S
254121,S
254127,S
254134,E
254136,E
254138,E
254139,E
254142,E
254147,S
254149,S
254155,S
254161,S
254162,S
254169,S
254186,S
254206,E
254207,S
254211,S
254214,E
254216,S
254219,E
254228,S
254230,S
254242,S
254247,S
254259,S
254263,S
254274,S
254285,E
254303,E
254308,S
254341,S
254342,S
254353,S
254369,S
254381,S
254382,S
254383,S
254392,S
254399,E
254402,S
254406,S
254413,S
254423,E
254425,S
254440,E
254446,E
254452,E
254464,E
254467,E
254486,E
254488,S
254500,E
254501,S
254503,S
254507,S
254512,S
254520,S
254527,S
254533,S
254537,S
254544,S
254551,S
254560,S
254563,E
254568,E
254573,S
254575,E
254587,E
254592,S
254596,S
254597,S
254607,S
254611,S
254615,S
254619,S
254623,S
254638,S
254652,S
254657,S
254661,E
254662,S
254688,S
254700,S
254717,S
254723,E
254725,E
254731,S
254732,S
254743,S
254744,S
254750,S
254755,S
254759,S
254774,E
254783,S
254798,S
254800,S
254808,S
254818,E
254828,S
254830,E
254831,S
254834,S
254837,S
254853,E
254855,S
254875,S
254877,S
254880,S
254906,S
254913,S
254927,S
254934,S
254939,S
254947,S
254953,E
254968,S
254971,E
254978,S
254995,S
254996,S
254997,E
255011,S
255015,S
255016,S
255017,S
255021,S
255045,S
255050,S
255052,S
255057,S
255062,S
255067,S
255071,E
255073,S
255087,E
255090,E
255094,S
255115,S
255119,S
255122,S
255145,S
255157,S
255173,S
255195,S
255202,E
255206,E
255207,S
255212,S
255214,S
255221,S
255241,S
255242,E
255244,S
255246,S
255249,S
255254,S
255255,S
255265,S
255273,S
255279,S
255280,S
255283,E
255285,S
255293,S
255294,S
255295,S
255296,E
255298,S
255304,S
255310,S
255313,E
255314,S
255319,S
255322,S
255329,S
255332,E
255339,S
255340,E
255354,E
255356,S
255381,S
255391,S
255393,S
255412,S
255419,S
255430,E
255431,S
255434,S
255454,S
255469,S
255474,S
255475,S
255501,E
255506,E
255508,S
255509,S
255526,E
255527,S
255537,E
255539,E
255540,S
255543,S
255544,E
255552,E
255553,S
255563,E
255589,S
255590,S
255591,S
255592,S
255601,S
255607,S
255614,S
255615,S
255624,S
255626,S
255630,E
255632,S
255637,S
255646,S
255653,S
255658,E
255664,S
255665,S
255666,S
255671,S
255683,E
255703,S
255705,E
255712,S
255713,A
255741,S
255747,S
255758,S
255760,S
255765,S
255766,S
255767,E
255772,S
255787,S
255790,S
255805,E
255819,S
255820,S
255822,E
255826,S
255839,E
255847,E
255851,S
255854,S
255875,S
255878,S
255883,S
255886,S
255894,S
255896,S
255904,S
255907,E
255911,S
255914,S
255916,S
255924,E
255943,S
255944,S
255947,S
255950,S
255955,S
255957,S
255959,S
255970,S
255974,S
255984,S
255987,S
255991,S
255992,S
255996,E
256009,E
256012,S
256019,S
256026,E
256033,S
256038,S
256041,S
256055,S
256059,E
256085,S
256100,S
256111,S
256138,S
256148,S
256158,S
256159,S
256163,E
256190,S
256194,S
256197,S
256207,S
256215,S
256219,S
256243,E
256253,S
256260,S
256261,S
256264,S
256265,S
256279,S
256282,S
256290,S
256291,S
256295,S
256297,S
256298,E
256300,S
256302,S
256307,S
256310,E
256322,S
256327,S
256332,S
256333,S
256335,E
256337,S
256339,S
256340,S
256350,E
256368,S
256373,S
256374,S
256376,S
256378,E
256380,E
256394,S
256405,S
256407,S
256422,S
256432,E
256435,S
256442,S
256446,S
256450,S
256452,S
256463,S
256464,E
256467,E
256478,S
256486,S
256503,E
256504,S
256506,S
256510,S
256515,S
256516,E
256518,E
256524,S
256530,E
256549,S
256551,E
256552,S
256554,S
256563,S
256566,A
256567,S
256570,S
256572,S
256590,S
256591,S
256601,S
256607,S
256612,S
256614,S
256617,S
256618,S
256624,S
256631,S
256632,E
256634,S
256650,S
256657,S
256663,S
256666,S
256667,S
256697,S
256701,S
256702,S
256709,S
256712,E
256713,S
256714,S
256720,E
256725,S
256729,S
256730,S
256731,S
256732,E
256734,E
256739,S
256746,S
256755,S
256759,S
256771,S
256773,S
256780,S
256791,S
256797,S
256798,S
256802,S
256807,S
256811,S
256815,E
256822,S
256824,E
256828,S
256837,S
256845,E
256848,S
256851,E
256877,S
256878,S
256903,S
256905,S
256908,S
256917,E
256927,S
256929,S
256948,S
256950,A
256961,S
256964,E
256971,S
256977,E
256992,S
256998,S
257002,E
257004,S
257006,S
257008,S
257012,S
257013,E
257035,S
257045,S
257053,S
257062,S
257076,E
257079,S
257081,S
257082,S
257085,E
257087,E
257093,S
257096,S
257097,S
257099,S
257100,S
257108,E
257112,S
257117,S
257122,S
257124,E
257129,S
257131,S
257134,S
257135,S
257151,S
257156,S
257163,E
257187,E
257196,E
257199,E
257221,S
257224,E
257226,S
257228,E
257233,E
257239,E
257269,E
257280,S
257287,S
257301,S
257303,S
257312,S
257323,S
257325,S
257336,S
257348,S
257360,S
257366,S
257372,S
257379,S
257563,E
257565,S
257568,E
257570,S
257575,E
257577,S
257583,E
257597,S
257603,S
257604,S
257608,S
257613,E
257614,E
257616,S
257629,S
257630,S
257633,S
257634,S
257636,E
257637,S
257645,S
257646,S
257660,S
257671,E
257674,S
257678,E
257688,S
257695,S
257701,S
257707,E
257708,S
257723,E
257729,S
257741,S
257745,E
257752,S
257756,E
257762,S
257763,S
257767,S
257768,S
257769,S
257774,E
257778,S
257797,S
257813,S
257819,E
257831,S
257837,S
257845,S
257847,S
257848,S
257849,S
257857,E
257861,E
257872,E
257886,S
257887,S
257900,E
257905,S
257907,S
257909,S
257922,S
257941,S
257945,S
257952,E
257956,S
257958,E
257965,S
257973,E
257985,E
257996,E
258000,S
258006,E
258013,S
258018,E
258019,S
258022,S
258027,S
258034,S
258041,S
258045,S
258048,S
258049,E
258052,S
258062,S
258079,S
258080,S
258103,S
258105,S
258109,S
258116,S
258117,E
258121,E
258144,S
258145,S
258146,S
258148,S
258149,S
258150,S
258152,S
258161,S
258165,S
258172,E
258176,S
258177,S
258178,S
258179,S
258187,E
258190,E
258196,E
258221,S
258232,S
258235,S
258241,S
258243,S
258245,S
258251,S
258254,S
258260,E
258268,S
258296,S
258314,S
258320,S
258323,S
258339,S
258344,E
258352,S
258360,S
258375,S
258377,S
258388,S
258414,S
258418,S
258423,S
258431,S
258435,S
258437,S
258443,S
258447,E
258455,S
258467,S
258476,S
258478,S
258494,S
258497,S
258498,S
258499,S
258505,S
258506,S
258508,S
258513,S
258514,S
258536,E
258547,E
258570,S
258584,S
258585,S
258610,S
258615,S
258621,S
258623,S
258625,E
258627,S
258632,S
258634,E
258635,E
258637,E
258644,S
258653,S
258667,S
258676,S
258681,S
258683,S
258686,S
258687,S
258698,S
258714,S
258715,E
258727,S
258728,S
258733,S
258736,S
258741,S
258743,S
258744,S
258745,S
258751,S
258757,E
258759,E
258762,S
258763,S
258768,S
258769,S
258786,S
258793,S
258807,S
258812,S
258813,S
258816,S
258817,S
258818,S
258826,E
258844,S
258847,S
258853,S
258858,S
258867,S
258868,S
258875,S
258889,E
258894,S
258905,S
258911,S
258914,S
258915,S
258927,S
258928,S
258931,E
258938,S
258959,S
258966,S
258975,S
258978,S
258984,S
259001,S
259007,S
259015,S
259016,E
259027,S
259030,E
259050,S
259051,E
259062,S
259071,S
259076,E
259077,S
259102,E
259110,S
259118,S
259133,S
259134,S
259136,S
259137,S
259142,S
259145,S
259146,S
259159,S
259160,S
259162,S
259189,S
259196,S
259200,S
259249,S
259257,S
259269,S
259272,S
259279,E
259288,S
259294,S
259299,S
259304,S
259305,S
259306,S
259307,S
259308,S
259317,S
259323,S
259327,E
259328,S
259329,S
259330,S
259334,S
259350,S
259380,E
259385,S
259389,E
259390,E
259391,S
259399,S
259413,S
259416,S
259421,S
259422,S
259431,S
259460,S
259465,S
259480,S
259484,S
259491,S
259496,S
259508,S
259509,S
259513,S
259516,S
259527,E
259542,E
259548,S
259566,E
259574,S
259576,E
259602,S
259615,S
259616,S
259619,S
259623,E
259624,E
259626,S
259628,S
259629,E
259633,S
259643,S
259654,S
259656,S
259660,S
259663,E
259666,S
259673,S
259676,S
259690,S
259699,E
259709,S
259710,S
259717,S
259728,S
259731,S
259736,S
259742,E
259743,S
259744,S
259751,S
259764,S
259765,S
259775,S
259802,S
259807,E
259819,S
259820,E
259827,S
259832,S
259836,S
259840,S
259855,E
259857,S
259859,S
259870,E
259872,S
259878,S
259892,E
259900,E
259913,S
259918,S
259922,S
259923,E
259927,E
259928,S
259929,E
259930,S
259932,S
259933,S
259934,S
259936,S
259943,S
259956,S
259957,S
259960,S
259962,S
259963,S
259968,S
259971,E
259978,E
259979,S
259986,E
259989,E
259994,E
259995,S
259998,S
260003,E
260006,S
260011,S
260012,E
260015,S
260028,E
260039,S
260048,S
260051,S
260063,S
260067,S
260076,S
260077,S
260094,S
260103,S
260105,S
260106,S
260108,E
260116,S
260118,S
260128,S
260129,S
260132,S
260134,E
260144,S
260145,S
260148,S
260151,S
260152,S
260154,S
260163,S
260169,S
260171,S
260173,S
260174,E
260187,S
260189,E
260214,S
260230,S
260235,S
260248,S
260250,E
260258,S
260260,S
260262,S
260271,E
260293,S
260296,S
260299,S
260300,S
260302,S
260314,E
260315,S
260320,S
260329,E
260339,S
260340,S
260350,E
260355,S
260361,S
260371,S
260374,S
260375,E
260379,S
260394,S
260395,S
260410,S
260415,E
260420,E
260423,S
260425,S
260437,S
260440,S
260442,S
260455,S
260459,E
260463,E
260474,S
260478,S
260481,S
260482,S
260498,S
260499,S
260504,S
260509,S
260512,E
260513,E
260538,S
260545,S
260552,S
260553,S
260561,S
260563,S
260570,E
260574,S
260575,S
260580,S
260585,S
260589,S
260592,S
260600,E
260602,S
260608,E
260621,S
260622,E
260623,S
260627,E
260636,S
260638,S
260651,E
260652,S
260656,S
260671,S
260676,S
260678,E
260700,S
260701,S
260704,S
260709,S
260713,S
260720,E
260721,E
260722,S
260734,E
260737,S
260739,E
260746,S
260752,S
260756,S
260765,S
260774,S
260783,E
260786,E
260798,S
260806,S
260809,S
260825,E
260827,S
260833,E
260847,S
260862,S
260865,E
260868,E
260876,S
260879,E
260881,S
260883,S
260885,S
260895,S
260903,S
260907,S
260912,S
260915,S
260916,S
260919,S
260925,S
260934,E
260941,S
260948,E
260959,E
260968,E
260970,E
260971,S
260973,S
260974,S
260976,S
260992,S
261012,S
261027,S
261039,E
261045,S
261059,S
261063,S
261084,E
261097,S
261102,S
261118,S
261122,E
261123,S
261127,S
261131,S
261138,S
261142,S
261143,S
261146,E
261156,S
261160,E
261171,S
261176,S
261184,E
261186,S
261198,S
261200,S
261206,E
261210,S
261212,S
261222,S
261228,E
261229,E
261230,E
261238,S
261253,S
261260,S
261274,E
261275,E
261283,S
261287,S
261288,S
261292,S
261303,S
261312,E
261314,S
261325,S
261352,E
261357,S
261358,S
261359,S
261364,E
261366,S
261371,S
261372,S
261377,E
261379,S
261380,E
261387,S
261393,S
261405,S
261406,E
261422,S
261431,S
261434,A
261438,S
261440,S
261443,E
261444,S
261455,E
261458,S
261463,E
261467,E
261475,S
261477,E
261486,E
261496,E
261523,E
261526,S
261529,S
261532,E
261537,S
261539,E
261541,S
261544,E
261546,S
261550,E
261565,S
261567,S
261576,S
261588,S
261595,S
261606,S
261607,S
261608,S
261611,S
261621,S
261623,S
261626,S
261645,E
261647,E
261659,S
261664,S
261667,S
261682,E
261685,E
261711,E
261714,E
261722,S
261726,S
261727,E
261728,E
261729,S
261738,S
261739,S
261743,S
261744,S
261747,S
261750,E
261754,S
261757,S
261775,S
261776,S
261786,S
261804,S
261807,S
261808,E
261820,S
261827,S
261828,S
261831,S
261832,S
261833,S
261855,S
261868,S
261870,S
261873,S
261881,S
261884,S
261894,E
261899,S
261900,S
261902,S
261905,E
261907,E
261908,S
261909,S
261918,E
261925,S
261926,S
261927,S
261928,S
261929,S
261950,S
261952,S
261955,S
261988,S
261997,E
261999,S
262001,S
262011,S
262019,S
262022,S
262024,E
262025,S
262036,S
262037,S
262039,S
262044,S
262056,S
262057,S
262061,S
262062,S
262072,E
262077,S
262081,S
262091,S
262095,S
262096,E
262097,S
262103,S
262104,E
262109,S
262131,E
262153,S
262155,S
262163,S
262167,S
262168,S
262178,E
262186,S
262192,S
262193,S
262200,S
262209,E
262210,E
262212,E
262213,S
262216,S
262222,S
262232,S
262237,E
262258,S
262259,S
262278,S
262283,S
262288,S
262299,S
262305,S
262306,S
262308,E
262312,S
262318,S
262325,S
262332,E
262333,S
262334,S
262338,S
262345,E
262347,E
262360,S
262374,E
262378,S
262383,E
262384,S
262394,S
262709,S
262711,S
262713,S
262719,S
262723,E
262726,S
262731,S
262742,S
262774,S
262777,S
262786,S
262802,S
262810,S
262815,S
262825,S
262827,S
262835,E
262838,S
262839,S
262849,S
262854,S
262876,S
262880,S
262893,S
262894,E
262896,S
262899,E
262900,S
262903,S
262914,S
262929,S
262930,E
262931,S
262932,E
262935,S
262936,S
262937,E
262940,S
262943,S
262952,E
262955,S
262964,E
262967,S
262971,S
262974,S
262980,E
262989,A
263002,S
263012,S
263019,S
263027,S
263029,S
263033,S
263042,S
263043,S
263047,E
263053,S
263055,S
263068,S
263076,S
263081,S
263084,S
263092,S
263094,S
263098,S
263100,S
263106,S
263114,S
263131,S
263141,S
263142,S
263149,S
263152,S
263153,S
263154,S
263161,S
263165,S
263170,E
263171,E
263172,S
263177,S
263180,S
263181,S
263187,S
263190,S
263203,E
263209,S
263213,E
263223,S
263226,E
263232,S
263249,S
263254,S
263281,S
263297,S
263299,E
263303,E
263315,S
263317,S
263327,S
263332,S
263343,S
263348,S
263349,S
263363,S
263368,S
263371,S
263372,S
263401,S
263402,E
263410,S
263413,S
263416,E
263429,S
263432,E
263442,S
263450,S
263454,S
263484,E
263488,S
263493,S
263494,S
263503,S
263506,E
263507,E
263508,S
263523,S
263528,S
263537,E
263540,S
263543,S
263548,S
263562,E
263570,E
263580,S
263584,S
263587,S
263588,S
263594,S
263596,S
263601,S
263605,S
263615,E
263623,S
263624,S
263627,S
263637,S
263640,S
263641,S
263643,S
263652,S
263662,S
263665,S
263666,E
263678,S
263679,S
263682,S
263688,S
263696,S
263713,S
263717,S
263720,S
263727,S
263737,S
263738,E
263742,S
263748,S
263749,S
263752,S
263758,E
263764,S
263774,S
263780,S
263783,S
263789,E
263792,S
263795,E
263796,S
263812,S
263814,S
263829,S
263847,S
263850,E
263860,E
263864,S
263865,S
263873,E
263876,S
263885,S
263886,E
263889,S
263893,S
263904,S
263907,S
263912,S
263914,S
263915,E
263919,S
263925,S
263931,S
263934,S
263945,E
263950,S
263958,S
263959,S
263968,S
263975,S
263982,E
263986,E
263994,E
264001,S
264014,S
264017,S
264029,E
264044,E
264047,S
264049,S
264050,S
264068,E
264072,S
264073,S
264074,S
264076,E
264087,S
264088,S
264091,S
264092,S
264096,S
264098,S
264104,S
264118,E
264120,S
264129,S
264133,S
264145,S
264150,S
264164,S
264171,S
264176,S
264184,S
264187,S
264194,E
264203,S
264205,E
264217,S
264218,S
264219,S
264224,S
264227,E
264231,S
264241,S
264246,S
264258,S
264266,S
264272,S
264279,E
264288,S
264291,S
264294,E
264297,S
264302,S
264306,S
264318,S
264319,S
264324,S
264325,S
264329,S
264333,S
264343,S
264350,S
264354,E
264364,S
264368,E
264384,E
264398,E
264403,S
264411,S
264424,S
264438,E
264439,E
264446,S
264454,E
264468,S
264470,E
264475,E
264485,S
264492,E
264494,S
264496,S
264497,E
264501,S
264503,S
264523,S
264524,S
264527,S
264528,S
264545,S
264547,S
264548,S
264550,E
264569,S
264573,E
264575,S
264576,S
264589,S
264596,S
264603,S
264607,S
264609,E
264615,E
264619,E
264620,E
264624,S
264632,S
264643,E
264644,S
264647,S
264649,S
264651,S
264661,S
264664,E
264673,E
264684,S
264699,E
264716,E
264738,S
264741,S
264751,E
264757,S
264761,S
264764,S
264776,S
264779,S
264782,S
264784,S
264792,S
264793,S
264799,S
264810,S
264821,S
264823,S
264825,S
264834,E
264835,S
264849,S
264854,S
264858,S
264860,S
264873,E
264880,S
264887,S
264893,S
264896,E
264899,S
264901,S
264907,E
264910,S
264911,S
264917,S
264924,S
264928,S
264929,S
264956,E
264962,E
264969,E
264977,S
264984,S
264985,S
264989,S
264990,S
264991,S
264994,E
264999,S
265004,S
265010,S
265016,E
265019,E
265021,S
265031,S
265035,E
265037,S
265044,S
265061,S
265067,S
265076,S
265077,S
265099,E
265103,E
265110,S
265113,S
265121,S
265122,S
265131,S
265140,S
265148,S
265169,E
265172,E
265174,S
265176,S
265184,S
265185,S
265208,S
265210,S
265211,S
265238,S
265245,S
265254,S
265259,S
265261,S
265268,S
265271,S
265276,E
265282,S
265287,S
265290,S
265305,S
265307,E
265312,S
265315,E
265331,S
265341,S
265348,S
265371,S
265376,S
265384,E
265388,S
265389,E
265395,S
265401,E
265409,S
265422,S
265433,S
265441,S
265443,S
265447,S
265450,S
265455,E
265457,S
265458,S
265460,E
265464,S
265466,S
265477,S
265478,S
265479,S
265492,S
265497,S
265502,E
265506,E
265512,S
265527,S
265532,S
265533,S
265538,E
265539,E
265540,S
265543,S
265557,S
265564,E
265566,S
265592,E
265595,S
265600,E
265607,S
265609,S
265610,S
265612,E
265615,S
265618,S
265621,E
265622,S
265627,S
265634,S
265638,E
265643,S
265651,S
265655,S
265658,S
265660,S
265665,E
265666,S
265668,S
265669,E
265671,S
265675,S
265680,S
265681,S
265682,S
265688,E
265691,S
265697,S
265705,S
265717,E
265719,S
265721,E
265725,S
265742,S
265750,S
265751,E
265752,S
265754,S
265759,S
265761,S
265766,S
265769,S
265770,S
265771,E
265778,E
265784,S
265785,S
265789,E
265800,E
265804,S
265808,E
265823,S
265824,S
265827,S
265832,S
265835,E
265836,S
265843,S
265847,S
265848,S
265849,S
265850,E
265863,S
265868,E
265882,S
265897,S
265899,S
265907,S
265910,E
265943,S
265948,S
265965,S
265969,S
265972,S
265977,S
265987,S
265998,S
265999,S
266000,S
266002,S
266010,E
266013,S
266021,S
266022,S
266027,S
266029,E
266033,E
266054,S
266074,E
266075,S
266077,S
266078,S
266098,S
266103,E
266105,E
266106,S
266108,S
266114,S
266125,E
266149,S
266150,S
266165,E
266173,S
266175,S
266191,S
266201,S
266206,S
266270,E
266272,E
266306,S
266308,S
266316,S
266318,S
266321,S
266323,S
266324,S
266330,S
266342,E
266360,S
266363,S
266364,S
266369,S
266370,S
266375,S
266376,S
266386,S
266387,S
266396,S
266406,E
266412,S
266413,S
266414,S
266424,S
266435,S
266441,E
266442,S
266447,S
266458,S
266459,S
266468,E
266476,S
266491,S
266497,S
266507,S
266536,E
266537,S
266538,S
266539,S
266665,S
266672,E
266682,S
266683,S
266686,S
266687,E
266690,S
266709,E
266710,E
266719,S
266722,S
266731,S
266740,S
266743,S
266751,S
266753,S
266754,S
266758,S
266765,A
266769,E
266773,E
266776,S
266785,S
266796,S
266800,S
266802,E
266817,S
266820,S
266825,S
266833,S
266838,E
266846,S
266860,S
266875,S
266880,E
266882,A
266903,S
266912,S
266922,S
266928,S
266933,S
266945,S
266954,E
266963,S
266966,S
266967,S
266975,S
266983,S
266984,S
266993,S
266999,E
267001,S
267006,E
267010,E
267011,E
267033,S
267034,S
267037,S
267060,S
267066,S
267074,S
267075,S
267088,S
267094,S
267097,S
267111,S
267112,S
267119,S
267124,S
267131,S
267134,E
267135,E
267139,S
267152,S
267154,S
267158,S
267164,E
267172,S
267178,S
267185,S
267192,S
267205,E
267207,S
267208,S
267212,S
267215,S
267262,S
267263,E
267265,S
267274,S
267283,S
267298,E
267304,S
267315,S
267317,S
267320,S
267327,S
267329,S
267334,E
267342,S
267346,E
267348,E
267353,S
267361,S
267376,S
267380,S
267384,S
267533,S
267534,S
267536,S
267548,S
267549,S
267563,S
267564,S
267570,S
267571,S
267572,E
267578,S
267582,E
267593,E
267597,S
267599,E
267610,S
267619,E
267624,S
267631,S
267632,S
267645,S
267646,E
267647,S
267671,S
267686,S
267688,S
267689,S
267703,S
267708,S
267722,S
267725,S
267727,S
267730,S
267742,E
267744,E
267749,E
267750,S
267759,S
267760,E
267761,S
267763,E
267770,S
267783,E
267784,S
267801,S
267837,E
267840,S
267851,S
267863,S
267872,S
267882,S
267887,S
267892,S
267894,S
267902,E
267906,S
267910,S
267916,S
267920,S
267933,S
267936,S
267942,S
267953,S
267964,E
267966,S
267981,S
268007,E
268008,S
268015,E
268017,S
268021,S
268038,E
268041,S
268047,S
268074,E
268098,S
268103,S
268112,S
268117,S
268125,S
268133,E
268138,S
268143,S
268149,E
268152,E
268181,S
268182,S
268194,S
268200,S
268216,S
268229,S
268239,E
268243,E
268245,E
268250,S
268253,S
268256,S
268257,S
268265,E
268273,E
268278,S
268292,S
268305,S
268314,S
268319,E
268339,S
268340,S
268347,S
268356,S
268358,E
268360,S
268371,S
268381,S
268382,E
268383,S
268385,S
268386,S
268394,S
268397,S
268402,S
268403,S
268414,S
268433,S
268461,S
268466,E
268495,E
268497,S
268550,S
268555,S
268564,S
268567,E
268593,S
268635,S
268642,S
268651,S
268653,S
268654,S
268658,S
268660,E
268669,S
268676,S
268678,S
268681,S
268682,S
268686,S
268691,S
268692,S
268697,E
268698,E
268700,S
268703,E
268716,S
268732,S
268739,S
268748,E
268749,S
268772,S
268796,S
268816,S
268824,E
268833,S
268843,S
268865,S
269033,S
269035,S
269040,S
269056,S
269059,S
269063,S
269067,S
269070,E
269072,E
269089,S
269097,S
269100,S
269120,S
269135,S
269148,S
269157,E
269168,S
269170,S
269177,S
269183,S
269184,E
269216,S
269226,S
269231,S
269233,E
269250,S
269253,S
269262,S
269282,S
269284,S
269288,S
269297,S
269313,E
269321,S
269322,S
269332,E
269341,S
269346,S
269353,S
269354,S
269364,E
269367,E
269368,S
269379,S
269385,S
269389,S
269390,S
269397,E
269398,S
269399,S
269401,S
269416,S
269419,S
269423,S
269440,S
269443,E
269446,S
269447,S
269451,E
269452,E
269460,S
269470,S
269471,E
269478,S
269490,S
269492,E
269498,S
269508,S
269519,E
269520,S
269525,S
269536,S
269546,S
269550,S
269554,S
269562,S
269573,E
269578,S
269592,E
269596,S
269598,E
269600,E
269606,S
269612,S
269615,S
269619,S
269620,S
269627,S
269657,S
269663,S
269665,S
269673,S
269674,S
269696,S
269699,E
269700,S
269701,E
269707,S
269708,S
269711,E
269723,S
269738,S
269739,S
269740,S
269752,E
269756,E
269762,S
269770,S
269775,E
269789,S
269797,S
269802,S
269803,E
269821,S
269822,S
269826,S
269833,A
269834,S
269843,S
269844,E
269860,S
269862,S
269885,S
269897,E
269907,S
269911,S
269913,S
269921,S
269923,E
269933,S
269937,S
269938,S
269948,E
269950,S
269953,S
269959,E
269976,S
269977,S
269979,S
270008,E
270020,S
270021,S
270035,S
270041,E
270050,S
270080,S
270084,E
270086,E
270103,E
270108,S
270118,S
270123,S
270153,S
270156,S
270161,S
270171,E
270187,S
270189,S
270225,S
270230,S
270236,S
270260,S
270262,S
270265,S
270269,S
270272,S
270277,S
270280,S
270285,E
270290,S
270296,S
270305,S
270306,E
270308,E
270312,S
270314,S
270317,S
270323,S
270326,S
270331,S
270336,E
270338,S
270346,S
270354,E
270367,S
270370,S
270375,S
270378,S
270387,S
270389,S
270399,S
270400,S
270404,S
270412,S
270415,S
270421,S
270425,S
270432,S
270444,S
270446,S
270451,S
270452,S
270457,S
270458,S
270464,S
270486,E
270492,S
270493,S
270497,S
270505,S
270535,S
270541,S
270542,E
270548,E
270554,E
270558,S
270560,S
270568,S
270570,S
270576,S
270596,S
270599,S
270611,S
270621,S
270625,E
270639,S
270642,E
270658,S
270664,S
270671,S
270675,S
270679,S
270683,S
270686,S
270690,S
270702,S
270704,S
270712,E
270719,S
270720,S
270725,E
270727,S
270730,S
270731,S
270750,S
270757,E
270766,S
270782,S
270784,S
270785,S
270789,S
270798,E
270799,S
270816,S
270824,S
270825,S
270827,S
270834,E
270851,E
270863,S
270871,S
270886,S
270899,S
270904,S
270911,S
270931,S
270932,S
270946,S
270960,S
270963,S
270972,E
270977,E
270980,E
270992,S
270997,S
271006,S
271025,E
271045,S
271046,S
271048,S
271064,E
271065,S
271066,E
271067,S
271088,S
271095,S
271099,S
271127,S
271129,S
271132,S
271145,S
271155,S
271162,E
271174,S
271192,S
271196,S
271211,S
271223,S
271227,E
271232,S
271237,S
271243,E
271250,S
271268,S
271269,S
271286,S
271291,S
271301,S
271308,S
271309,E
271326,S
271336,S
271343,S
271345,S
271360,S
271361,E
271362,S
271368,S
271373,S
271375,S
271395,S
271397,S
271399,E
271400,S
271402,S
271414,S
271423,E
271426,S
271428,E
271439,E
271445,E
271447,S
271449,S
271458,S
271478,S
271481,S
271482,S
271483,S
271489,S
271520,S
271525,S
271541,S
271549,S
271560,E
271564,S
271566,S
271583,S
271586,E
271588,S
271592,E
271598,E
271612,E
271614,S
271621,S
271625,S
271631,S
271637,E
271647,S
271650,S
271661,S
271663,S
271692,S
271697,S
271702,S
271709,S
271713,S
271742,S
271743,S
271757,E
271759,E
271786,S
271796,S
271808,S
271832,S
271858,S
271867,S
271873,S
271874,E
271887,S
271892,S
271899,S
271904,S
271906,S
271922,E
271929,E
271943,S
271949,S
271956,S
271962,E
271966,S
271979,S
271983,S
271986,S
271992,S
271995,S
272001,S
272011,S
272029,E
272047,E
272050,S
272053,S
272058,E
272068,S
272072,E
272073,S
272077,S
272082,E
272084,S
272088,S
272098,S
272105,S
272113,E
272123,S
272129,S
272132,E
272135,S
272136,S
272159,S
272167,S
272170,S
272176,S
272181,S
272187,E
272206,S
272226,S
272227,S
272233,S
272238,S
272240,S
272255,S
272257,S
272266,S
272281,E
272302,S
272327,S
272330,S
272335,S
272338,S
272349,S
272352,S
272355,S
272365,S
272384,S
272394,S
272398,E
272407,S
272411,E
272423,S
272425,S
272427,S
272431,S
272436,S
272437,S
272446,E
272448,S
272461,S
272468,E
272480,S
272495,S
272501,S
272505,S
272513,S
272514,S
272521,E
272526,S
272541,E
272544,S
272545,S
272557,S
272565,E
272566,S
272567,S
272575,S
272578,S
272579,S
272586,S
272591,S
272596,S
272600,S
272609,S
272615,S
272625,E
272631,S
272633,S
272648,E
272649,S
272655,E
272658,S
272667,S
272670,E
272676,E
272678,E
272682,S
272685,S
272690,S
272694,S
272703,S
272705,S
272711,S
272716,S
272720,S
272730,E
272735,E
272736,S
272743,S
272747,S
272750,E
272758,S
272781,E
272790,S
272792,S
272807,S
272810,S
272813,S
272814,E
272816,S
272821,E
272830,E
272834,S
272835,E
272836,S
272840,S
272847,E
272855,E
272877,S
272880,S
272885,E
272905,S
272906,E
272909,S
272913,S
272914,S
272916,E
272927,S
272955,S
272956,S
272960,S
272965,S
273013,S
273014,S
273016,S
273020,S
273030,E
273050,S
273060,S
273069,E
273073,S
273079,E
273090,E
273101,S
273103,E
273105,S
273106,S
273115,S
273117,S
273120,S
273129,E
273148,S
273152,S
273153,S
273162,S
273165,S
273169,S
273170,S
273172,S
273174,S
273175,S
273177,S
273178,S
273186,E
273205,S
273206,S
273212,E
273217,S
273227,S
273228,S
273230,S
273232,S
273242,E
273248,S
273249,S
273253,S
273254,S
273257,S
273279,S
273283,S
273285,E
273288,S
273291,S
273297,S
273302,S
273304,S
273306,S
273319,S
273326,S
273327,S
273330,S
273332,E
273343,S
273344,S
273347,S
273348,S
273353,A
273368,S
273372,S
273378,S
273381,E
273386,S
273398,S
273403,E
273404,S
273413,E
273424,S
273429,S
273445,S
273446,S
273448,S
273496,S
273500,E
273512,S
273516,S
273524,E
273531,S
273532,S
273533,S
273536,E
273537,S
273538,S
273539,S
273540,S
273548,S
273554,E
273555,S
273557,S
273573,S
273580,E
273585,S
273599,S
273614,S
273621,S
273623,S
273626,S
273644,S
273645,S
273652,S
273668,S
273669,S
273678,S
273687,S
273699,S
273702,S
273753,S
273759,E
273767,S
273771,E
273781,S
273797,S
273802,S
273850,S
273866,E
273876,E
273881,S
273894,S
273905,E
273922,S
273942,S
273948,S
273971,S
273996,S
274031,S
274082,S
274095,S
274129,S
274140,S
274182,S
274196,S
274210,S
274217,S
274222,E
274263,E
274269,E
274284,S
274303,S
274335,S
274411,S
274419,E
274423,S
274442,S
274461,S
274462,E
274469,S
274476,S
274483,S
274488,S
274503,S
274515,S
274536,E
274571,S
274578,S
274605,S
274622,S
274636,S
274663,S
274671,S
274673,E
274702,S
274707,S
274722,S
274732,E
274736,S
274752,E
274753,S
274766,S
274768,S
274797,S
274815,S
274824,E
274825,E
274847,S
274883,S
274902,S
274931,E
274934,E
274939,S
274953,E
274954,E
274971,S
274995,S
275024,E
275027,S
275030,E
275031,E
275038,E
275072,S
275074,E
275082,E
275087,E
275108,S
275111,E
275112,E
275118,S
275131,S
275133,E
275153,S
275163,S
275192,S
275194,S
275203,E
275204,S
275220,S
275246,E
275254,E
275275,A
275296,E
275300,S
275310,S
275318,S
275328,S
275332,E
275333,S
275352,E
275366,E
275375,S
275379,E
275414,S
275427,S
275463,E
275472,S
275474,S
275476,S
275494,S
275518,S
275564,E
275584,S
275599,S
275630,E
275637,E
275649,E
275652,E
275666,S
275689,E
275695,S
275702,S
275716,E
275718,E
275733,E
275739,S
275755,E
275766,E
275771,E
275783,S
275787,E
275789,S
275802,E
275819,S
275820,S
275823,S
275839,S
275846,E
275873,S
275895,S
275901,E
275902,S
275915,E
275953,S
275970,E
275982,S
275987,S
275990,S
275994,E
276010,S
276025,E
276045,S
276050,S
276092,E
276097,S
276112,E
276117,S
276125,S
276147,E
276149,S
276161,S
276182,S
276187,S
276192,E
276203,S
276209,S
276220,S
276233,E
276242,E
276290,S
276300,E
276308,E
276343,S
276346,S
276358,S
276368,E
276381,E
276390,E
276396,S
276400,S
276417,S
276420,E
276429,S
276431,S
276456,S
276463,S
276466,S
276485,E
276490,E
276558,S
276561,E
276562,E
276583,S
276587,S
276602,S
276622,E
276648,E
276671,S
276677,S
276680,E
276713,S
276723,E
276728,E
276756,S
276759,S
276762,E
276765,S
276774,S
276805,S
276810,E
276848,S
276852,S
276853,S
276855,S
276878,S
276886,E
276945,E
276949,S
276964,S
276982,S
277014,S
277020,S
277040,S
277052,S
277063,S
277067,E
277096,S
277105,E
277115,E
277121,S
277123,E
277124,S
277127,E
277146,S
277188,S
277207,E
277212,S
277226,S
277242,S
277255,E
277272,E
277284,S
277293,E
277296,E
277307,S
277309,S
277316,E
277365,S
277436,S
277440,S
277446,S
277450,E
277467,S
277480,S
277493,S
277547,E
277565,S
277574,S
277585,S
277602,S
277646,S
277662,S
277680,S
277707,E
277738,S
277748,S
277765,E
277784,S
277795,S
277831,S
277836,E
277837,E
277855,E
277882,E
277887,S
277896,S
277911,E
277913,E
277930,S
277949,E
277957,S
277961,E
277978,S
278007,E
278019,S
278047,S
278064,S
278083,S
278087,S
278155,S
278178,E
278186,S
278224,S
278227,E
278280,S
278299,S
278328,E
278347,S
278358,E
278417,S
278420,E
278444,S
278463,E
278464,S
278481,S
278486,S
278488,E
278494,S
278500,S
278520,S
278541,S
278565,S
278567,S
278569,E
278609,S
278618,S
278632,S
278648,S
278690,E
278700,E
278717,E
278762,S
278803,S
278808,S
278820,E
278821,E
278826,E
278905,E
278932,S
278940,E
278953,E
278988,S
279010,S
279031,S
279045,E
279048,S
279049,S
279051,S
279053,E
279060,S
279070,S
279099,S
279101,E
279107,S
279108,S
279117,S
279127,E
279129,S
279131,S
279139,S
279143,E
279163,S
279172,E
279180,E
279182,S
279183,E
279196,E
279260,E
279275,S
279278,E
279280,E
279282,E
279313,S
279317,S
279320,S
279330,E
279339,E
279373,E
279393,S
279396,S
279408,S
279409,S
279417,E
279460,S
279492,S
279499,S
279520,E
279540,E
279541,E
279544,S
279545,S
279546,S
279556,S
279561,S
279571,E
279580,S
279583,S
279587,E
279644,E
279670,E
279674,S
279691,S
279706,S
279720,S
279722,E
279751,S
279761,E
279802,E
279828,E
279842,S
279861,S
279875,E
279876,S
279901,S
279905,S
279921,E
279929,S
279945,E
279946,S
279968,E
280006,E
280008,S
280024,S
280036,E
280046,E
280049,S
280071,S
280079,S
280107,S
280122,S
280124,S
280139,E
280149,S
280207,E
280208,S
280209,S
280221,S
280260,S
280262,S
280272,S
280283,E
280296,S
280298,S
280308,E
280320,S
280333,E
280342,E
280352,S
280353,E
280388,S
280389,S
280394,S
280415,S
280442,S
280448,E
280511,S
280562,E
280588,E
280601,E
280618,S
280628,E
280642,E
280658,E
280679,S
280681,E
280693,S
280715,E
280739,E
280753,E
280868,E
280873,E
280960,S
280979,E
280985,S
281010,E
281011,S
281025,E
281033,E
281042,S
281044,E
281045,S
281047,S
281050,S
281056,S
281088,S
281090,S
281097,S
281104,S
281142,E
281143,S
281157,S
281158,S
281179,E
281205,E
281234,E
281237,S
281253,S
281269,S
281272,S
281286,S
281312,E
281327,E
281390,E
281391,S
281393,E
281411,S
281420,S
281422,S
281429,S
281440,E
281442,E
281457,S
281462,E
281481,S
281490,S
281525,S
281546,S
281569,E
281570,E
281573,E
281579,S
281590,S
281594,S
281601,S
281613,E
281640,E
281660,S
281663,E
281698,S
281699,S
281703,E
281706,S
281711,S
281724,E
281744,E
281756,E
281758,S
281785,S
281832,S
281862,S
281889,S
281902,E
281904,S
281909,E
281916,S
281920,S
281938,E
281953,S
281955,S
281962,S
281981,E
281996,E
282017,S
282035,S
282036,S
282037,S
282048,S
282061,S
282062,S
282080,S
282106,S
282121,E
282125,S
282127,E
282128,E
282154,S
282180,E
282187,E
282197,E
282207,S
282210,S
282220,E
282229,S
282233,E
282253,S
282255,S
282270,S
282282,S
282296,S
282297,E
282311,E
282320,S
282336,S
282339,E
282355,S
282367,S
282372,E
282386,S
282400,E
282417,S
282424,S
282430,E
282433,S
282437,E
282442,E
282447,S
282448,S
282472,S
282476,S
282481,E
282511,E
282521,S
282577,E
282592,S
282594,S
282597,E
282601,S
282603,E
282605,S
282608,S
282615,S
282636,E
282639,S
282640,S
282645,S
282686,S
282688,E
282705,S
282706,S
282716,E
282731,E
282740,S
282742,S
282756,S
282775,E
282779,S
282824,S
282827,S
282834,E
282841,S
282847,E
282865,E
282889,S
282902,E
282907,S
282909,E
282916,E
282928,S
282930,S
282951,E
282963,E
282976,S
282983,S
282993,S
283003,S
283008,S
283021,E
283040,S
283063,S
283074,S
283089,E
283092,E
283097,S
283099,E
283102,E
283120,E
283161,E
283178,S
283184,S
283191,S
283201,S
283214,S
283234,S
283296,S
283337,S
283340,S
283355,S
283357,S
283365,E
283367,S
283373,S
283383,S
283395,S
283407,S
283409,S
283417,E
283456,S
283477,S
283486,S
283508,S
283517,S
283520,S
283529,S
283553,E
283557,S
283561,S
283590,S
283607,S
283611,S
283622,S
283679,E
283705,S
283714,S
283730,E
283759,E
283767,E
283774,E
283792,S
283800,S
283813,S
283818,E
283821,S
283825,E
283831,S
283870,E
283872,E
283913,E
283927,E
283935,S
283958,E
283962,E
283977,E
284022,S
284025,S
284033,S
284039,E
284044,E
284102,E
284104,S
284112,E
284128,S
284196,E
284205,E
284217,E
284239,E
284244,E
284251,S
284271,S
284272,S
284277,S
284280,S
284291,S
284310,E
284335,S
284340,S
284345,S
284357,S
284381,E
284386,S
284387,S
284396,E
284405,E
284410,S
284419,S
284421,S
284444,E
284450,E
284454,E
284472,E
284478,S
284481,E
284488,E
284517,E
284536,E
284537,S
284569,S
284585,S
284586,E
284589,S
284621,E
284628,S
284644,E
284649,S
284654,E
284662,S
284684,E
284697,S
284702,S
284705,E
284720,S
284770,E
284785,S
284812,S
284817,S
284819,S
284841,E
284862,S
284890,S
284897,S
284901,E
284902,S
284908,S
284910,S
284926,S
284930,E
284933,E
284980,S
284985,E
285020,E
285021,E
285024,E
285030,S
285044,E
285063,S
285067,S
285125,S
285171,E
285188,E
285194,S
285199,S
285205,S
285236,E
285239,E
285240,S
285242,S
285249,E
285297,S
285320,S
285323,E
285358,E
285368,S
285371,S
285379,E
285395,S
285404,S
285414,S
285427,S
285455,S
285459,S
285469,E
285492,S
285493,E
285500,S
285504,S
285532,S
285547,E
285576,E
285609,S
285619,E
285634,E
285644,E
285647,S
285668,S
285704,S
285708,S
285735,S
285753,E
285755,E
285768,S
285785,S
285803,E
285805,E
285849,E
285850,S
285932,E
285933,S
285950,S
285952,S
285972,S
285992,S
286025,E
286055,E
286069,S
286071,S
286072,E
286073,E
286092,S
286119,E
286164,S
286190,S
286208,E
286211,E
286213,S
286216,E
286218,E
286254,E
286262,S
286289,S
286310,S
286312,S
286332,E
286341,E
286351,S
286359,S
286363,E
286423,S
286424,E
286436,E
286439,S
286455,S
286482,E
286487,E
286491,S
286492,S
286544,E
286563,S
286575,E
286621,E
286629,S
286637,S
286639,S
286661,E
286692,E
286708,E
286729,E
286756,S
286770,S
286772,S
286799,S
286816,S
286830,E
286833,E
286838,S
286850,E
286852,S
286859,S
286872,S
286875,S
286919,S
286926,E
286932,S
286961,S
286976,S
286977,S
287022,S
287025,S
287034,E
287041,S
287060,S
287069,S
287104,S
287112,S
287115,S
287117,S
287119,S
287125,E
287139,E
287174,S
287204,S
287205,S
287226,E
287257,S
287266,E
287333,E
287342,S
287345,S
287409,S
287427,S
287437,S
287465,S
287555,E
287571,S
287576,E
287603,S
287626,S
287631,S
287634,S
287655,E
287656,E
287657,E
287703,E
287721,S
287728,S
287729,S
287745,S
287796,S
287849,S
287857,E
287859,E
287863,E
287874,S
287875,E
287897,S
287911,E
287916,S
287925,S
287941,S
287959,E
287965,S
287979,S
288001,S
288008,S
288041,E
288052,E
288091,S
288103,E
288115,S
288145,S
288147,S
288170,S
288179,S
288220,E
288234,S
288236,S
288242,S
288253,S
288271,E
288284,S
288308,E
288334,S
288368,E
288395,S
288403,E
288415,S
288416,S
288423,S
288438,E
288452,E
288458,S
288462,S
288464,E
288477,E
288521,S
288530,E
288533,E
288615,S
288639,S
288644,S
288648,E
288654,S
288656,E
288668,E
288705,E
288743,E
288764,S
288767,S
288770,S
288784,S
288789,S
288808,S
288851,S
288856,E
288869,E
288881,E
288904,S
288908,E
288918,E
288938,E
288967,E
288969,E
288976,E
288988,E
289039,S
289041,E
289048,E
289053,S
289069,S
289072,S
289122,S
289198,S
289211,S
289212,E
289214,S
289250,S
289266,S
289299,S
289303,S
289306,S
289313,S
289316,S
289329,E
289351,S
289353,S
289357,S
289366,S
289373,E
289387,E
289393,S
289402,S
289406,S
289409,E
289424,E
289466,E
289479,S
289516,S
289518,S
289534,E
289536,E
289542,E
289585,E
289591,S
289598,E
289673,E
289693,S
289719,S
289747,E
289761,S
289766,S
289773,S
289774,S
289804,E
289810,E
289851,S
289864,S
289885,E
289893,S
289896,S
289904,S
289905,E
289918,S
289964,S
289979,S
289988,E
289990,E
289998,S
289999,S
290012,S
290019,E
290036,E
290040,S
290045,E
290046,S
290061,S
290062,S
290068,S
290073,E
290076,S
290094,S
290095,S
290154,S
290187,E
290207,S
290220,E
290222,S
290224,E
290237,S
290238,E
290241,E
290250,S
290266,E
290288,S
290294,E
290308,E
290314,S
290315,E
290319,S
290335,S
290341,E
290352,S
290366,E
290371,E
290385,S
290398,S
290448,S
290450,S
290477,E
290499,S
290505,S
290508,S
290512,S
290513,S
290577,S
290594,E
290603,E
290607,E
290608,S
290627,S
290636,S
290648,S
290657,S
290660,S
290666,S
290682,E
290697,E
290708,S
290712,S
290722,S
290744,S
290746,E
290760,S
290768,E
290773,S
290805,S
290810,S
290817,E
290841,S
290859,E
290870,S
290876,E
290881,E
290890,S
290894,S
290904,E
290919,S
290932,S
290936,E
290942,E
290943,S
290944,E
290983,S
290991,S
290998,S
291007,S
291008,S
291016,S
291017,S
291027,E
291045,E
291062,S
291067,S
291069,S
291072,E
291084,S
291086,E
291091,S
291106,E
291112,E
291136,S
291152,S
291154,S
291156,S
291181,E
291219,E
291250,S
291252,S
291279,S
291280,S
291293,E
291295,E
291305,S
291310,E
291328,S
291331,S
291337,S
291378,S
291418,E
291432,S
291438,S
291457,S
291464,S
291467,E
291472,S
291477,S
291501,S
291508,E
291515,S
291530,E
291534,E
291537,S
291581,S
291596,S
291600,S
291607,E
291611,E
291639,S
291641,E
291643,E
291644,S
291687,E
291720,S
291721,S
291751,S
291759,S
291765,E
291768,S
291805,E
291811,S
291828,S
291829,E
291842,S
291853,E
291854,S
291883,E
291933,S
291949,E
291952,S
291954,E
291959,S
291960,S
291984,S
291986,S
292003,S
292022,S
292080,E
292093,S
292094,S
292101,E
292109,E
292122,S
292127,S
292128,S
292134,S
292151,E
292155,S
292176,E
292181,E
292207,E
292215,S
292224,S
292241,S
292254,E
292261,S
292268,S
292285,S
292302,S
292360,S
292371,E
292383,S
292393,S
292394,S
292421,E
292427,S
292442,E
292455,S
292520,S
292522,S
292523,E
292549,S
292591,S
292596,S
292598,S
292605,E
292622,E
292627,S
292630,E
292646,E
292652,S
292674,E
292680,E
292697,S
292718,E
292763,E
292787,E
292788,E
292790,S
292792,E
292796,S
292801,E
292802,S
292808,E
292814,S
292818,S
292819,S
292820,S
292827,S
292829,S
292834,S
292835,E
292837,E
292838,S
292858,S
292862,E
292872,S
292875,S
292876,S
292878,S
292880,E
292881,E
292885,E
292886,S
292887,S
292888,S
292890,S
292892,S
292893,S
292896,E
292900,S
292901,E
292903,S
292904,E
292920,E
292922,S
292929,E
292932,E
292946,S
292951,S
292956,E
292961,S
292965,E
292971,E
292975,E
292977,S
292979,S
292993,E
292994,S
292995,S
292996,S
292997,E
293001,E
293004,S
293005,E
293008,E
293015,E
293017,S
293019,E
293023,E
293028,S
293031,S
293033,E
293037,E
293041,E
293046,S
293048,S
293050,E
293052,S
293057,S
293058,E
293064,S
293065,S
293067,E
293068,E
293072,E
293077,E
293083,E
293093,E
293095,E
293097,S
293102,S
293125,S
293131,S
293134,S
293140,S
293144,E
293146,E
293151,E
293156,E
293157,S
293159,E
293170,S
293172,S
293173,S
293187,S
293192,S
293195,S
293202,S
293211,S
293222,E
293226,E
293227,E
293230,E
293233,S
293235,E
293245,E
293250,S
293254,E
293256,E
293264,E
293269,E
293276,S
293283,E
293287,E
293290,S
293292,E
293298,S
293304,S
293305,S
293315,E
293316,S
293323,E
293325,S
293327,S
293329,E
293332,S
293336,S
293338,E
293344,S
293361,S
293364,S
293365,E
293370,S
293382,E
293386,E
293387,S
293390,S
293392,S
293395,E
293396,E
293399,S
293412,E
293413,E
293416,S
293426,E
293430,S
293431,S
293432,S
293434,S
293437,E
293438,S
293444,S
293445,S
293446,S
293447,E
293448,S
293462,S
293474,S
293477,S
293478,S
293481,S
293489,S
293494,S
293499,S
293500,E
293501,S
293503,E
293505,E
293511,S
293517,E
293519,S
293525,E
293532,E
293533,S
293534,S
293536,S
293540,E
293542,S
293543,S
293544,S
293545,S
293552,S
293556,E
293569,S
293571,S
293576,S
293585,S
293591,E
293593,S
293610,S
293616,S
293617,S
293619,S
293627,S
293630,S
293631,S
293633,E
293637,E
293638,E
293647,S
293651,S
293659,S
293665,E
293666,E
293674,E
293677,S
293679,E
293682,S
293684,E
293686,S
293687,E
293688,S
293689,E
293690,S
293696,S
293704,S
293707,S
293708,E
293709,E
293720,S
293727,S
293738,E
293741,S
293747,S
293756,S
293761,S
293764,S
293769,E
293777,S
293780,S
293784,S
293788,S
293789,S
293795,S
293799,S
293800,E
293806,E
293816,E
293824,E
293830,E
293844,S
293845,E
293849,S
293851,S
293852,E
293853,E
293856,E
293857,E
293858,S
293863,E
293865,E
293866,S
293867,S
293868,S
293869,E
293874,S
293881,E
293882,E
293883,S
293884,S
293885,S
293888,S
293891,S
293896,E
293900,S
293903,S
293905,S
293906,S
293908,S
293915,E
293916,S
293919,E
293921,S
293922,S
293926,S
293927,E
293928,S
293934,E
293935,E
293938,E
293943,S
293945,S
293948,S
293949,E
293950,E
293951,E
293952,E
293955,S
293956,E
293958,S
293959,E
293960,S
293961,E
293962,S
293967,E
293970,S
293974,E
293979,S
293984,E
293996,E
293999,E
294001,S
294003,E
294005,E
294006,S
294009,S
294024,S
294032,S
294038,S
294040,E
294041,E
294052,S
294062,E
294069,S
294071,S
294073,E
294074,E
294075,S
294077,S
294079,E
294085,S
294092,E
294093,S
294094,S
294105,S
294109,E
294122,S
294130,E
294131,A
294139,E
294143,S
294146,E
294151,E
294155,S
294156,E
294158,S
294159,S
294163,E
294182,S
294191,E
294192,S
294197,S
294202,E
294218,S
294221,E
294230,E
294239,S
294241,S
294247,S
294251,E
294256,S
294257,E
294264,S
294267,S
294268,E
294269,S
294275,E
294280,S
294282,S
294288,S
294290,S
294294,S
294295,S
294296,S
294297,S
294301,S
294303,E
294305,E
294307,S
294310,E
294319,S
294328,S
294341,E
294344,S
294348,S
294355,S
294365,S
294366,S
294371,S
294381,S
294390,E
294392,S
294398,E
294400,E
294406,S
294416,S
294427,S
294428,E
294432,S
294438,S
294439,S
294441,S
294442,S
294444,S
294452,S
294454,S
294456,E
294458,S
294459,E
294472,S
294475,E
294480,E
294484,S
294486,E
294494,S
294513,E
294526,S
294532,S
294533,S
294538,S
294539,S
294540,S
294545,E
294548,E
294551,S
294562,E
294564,S
294567,S
294570,E
294575,S
294579,S
294585,S
294589,S
294590,S
294591,S
294605,S
294617,E
294619,E
294621,E
294629,E
294630,S
294632,S
294638,S
294661,S
294663,S
294667,E
294671,E
294681,S
294686,S
294688,S
294693,E
294700,E
294702,S
294706,S
294711,S
294715,S
294719,S
294729,E
294736,E
294741,S
294745,E
294746,E
294749,S
294752,E
294754,E
294768,E
294773,E
294781,S
294782,S
294783,E
294787,E
294788,E
294794,S
294799,E
294812,S
294814,S
294815,E
294817,E
294824,S
294826,S
294836,E
294842,E
294844,S
294851,S
294857,E
294862,S
294868,S
294870,S
294879,E
294882,S
294884,S
294897,E
294901,S
294919,S
294929,S
294933,S
294936,S
294937,E
294939,S
294941,S
294943,E
294945,S
294950,E
294957,S
294959,S
294979,E
294980,E
294985,S
294990,E
294998,S
295002,E
295005,S
295009,E
295015,E
295016,S
295025,E
295029,E
295038,S
295048,S
295049,E
295051,S
295052,S
295057,S
295059,S
295060,S
295061,E
295063,S
295064,E
295066,S
295074,E
295080,S
295081,E
295093,S
295094,S
295098,S
295106,S
295107,E
295108,S
295109,S
295120,S
295123,E
295134,S
295135,E
295139,E
295142,S
295143,S
295145,S
295147,S
295150,S
295155,S
295157,E
295163,S
295174,S
295184,S
295187,S
295191,S
295195,S
295196,E
295203,S
295209,S
295215,S
295216,S
295219,E
295228,S
295230,E
295232,E
295234,S
295240,E
295242,S
295243,E
295245,S
295249,S
295251,S
295253,E
295264,E
295269,E
295270,E
295283,S
295286,S
295287,S
295289,S
295290,E
295291,S
295294,S
295295,E
